mlbam_id,player_name,outs_LF,outs_CF,outs_RF,in_source_LF,in_source_CF,in_source_RF,total_of_outs,most_position_outs,primary_share,tied_most_played,most_played_position,position_group,position_comparison_eligible,arm_strength_fielder_name,arm_strength_team_name,arm_strength_primary_position,arm_strength_primary_position_name,arm_strength_total_throws,arm_strength_total_throws_1b,arm_strength_total_throws_2b,arm_strength_total_throws_3b,arm_strength_total_throws_ss,arm_strength_total_throws_lf,arm_strength_total_throws_cf,arm_strength_total_throws_rf,arm_strength_total_throws_inf,arm_strength_total_throws_of,arm_strength_max_arm_strength,arm_strength_arm_1b,arm_strength_arm_2b,arm_strength_arm_3b,arm_strength_arm_ss,arm_strength_arm_lf,arm_strength_arm_cf,arm_strength_arm_rf,arm_strength_arm_inf,arm_strength_arm_of,arm_strength_arm_overall,arm_strength_year,has_arm_strength,arm_value_entity_name,arm_value_team_name,arm_value_year,arm_value_runner_runs,arm_value_fielder_runs,arm_value_runner_runs_advances,arm_value_runner_runs_thrown_out,arm_value_runner_runs_hold,arm_value_fielder_runs_advances,arm_value_fielder_runs_thrown_out,arm_value_fielder_runs_hold,arm_value_n_opp_xb,arm_value_n_att_xb,arm_value_rate_att_xb,arm_value_est_rate_att_generic_runner,arm_value_est_rate_att_generic_fielder,arm_value_n_out,arm_value_n_safe,arm_value_rate_safe,arm_value_rate_safe_per_attempt,has_arm_value,jump_last_name_first_name,jump_year,jump_outs_above_average,jump_outs_per_play,jump_rel_league_burst_distance,jump_rel_league_reaction_distance,jump_rel_league_routing_distance,jump_rel_league_bootup_distance,jump_f_bootup_distance,jump_n,jump_n_outs,has_jump,oaa_last_name_first_name,oaa_display_team_name,oaa_year,oaa_primary_pos_formatted,oaa_fielding_runs_prevented,oaa_outs_above_average,oaa_outs_above_average_infront,oaa_outs_above_average_lateral_toward3bline,oaa_outs_above_average_lateral_toward1bline,oaa_outs_above_average_behind,oaa_outs_above_average_rhh,oaa_outs_above_average_lhh,oaa_actual_success_rate_formatted,oaa_adj_estimated_success_rate_formatted,oaa_diff_success_rate_formatted,has_oaa,sprint_speed_last_name_first_name,sprint_speed_team_id,sprint_speed_team,sprint_speed_position,sprint_speed_age,sprint_speed_competitive_runs,sprint_speed_bolts,sprint_speed_hp_to_1b,sprint_speed_sprint_speed,has_sprint_speed,study_season,has_of_playing_time,range_runs,arm_runs,available_range_comparison,available_arm_comparison,available_range_vs_arm,available_range_vs_arm_by_position
502054,Tommy Pham,2774,0,75,TRUE,FALSE,TRUE,2849,2774,0.9736749736749737,FALSE,LF,LF,TRUE,"Pham, Tommy",NA,7,Left Fielder,304,0,0,0,0,296,0,8,0,304,93.9,NA,NA,NA,NA,86.7,NA,NA,NA,86.6,86.6,2025,TRUE,"Pham, Tommy",PIT,2025,1.5477348963690207,-1.171167899055583,7.743499211255708,-4.287923298592565,-1.9078410162941224,-6.97547025946351,4.208217470117244,1.5960848902906826,287,107,0.3728222996515678,0.3190289712863776,0.3249631975291283,5,102,0.35540069686411146,0.9532710280373832,TRUE,"Pham, Tommy",2025,-1,46.4,0.1,-0.3,0.1,-0.1,33.2,56,26,TRUE,"Pham, Tommy",Pirates,2025,LF,-2,-2,0,-1,-1,1,-2,0,0.86,0.87,-0.01,TRUE,"Pham, Tommy",134,PIT,LF,37,166,NA,4.58,27.2,TRUE,2025,TRUE,-2,-1.171167899055583,TRUE,TRUE,TRUE,TRUE
543807,George Springer,255,204,851,TRUE,TRUE,TRUE,1310,851,0.649618320610687,FALSE,RF,RF,TRUE,"Springer, George",NA,10,Designated Hitter,140,0,0,0,0,27,29,84,0,140,90,NA,NA,NA,NA,NA,NA,85.2,NA,85.7,85.7,2025,TRUE,"Springer, George",TOR,2025,2.5447306892005477,-2.588107061546566,4.305264970683246,0,-1.7605342814826963,-4.293030680667839,0,1.7049236191212735,130,47,0.3615384615384616,0.3215615104972495,0.32090127472255386,0,47,0.3615384615384616,1,TRUE,NA,NA,NA,NA,NA,NA,NA,NA,NA,NA,NA,FALSE,NA,NA,NA,NA,NA,NA,NA,NA,NA,NA,NA,NA,NA,NA,NA,FALSE,"Springer, George",141,TOR,DH,35,230,NA,4.49,28,TRUE,2025,TRUE,NA,-2.588107061546566,FALSE,TRUE,FALSE,FALSE
572191,Michael A. Taylor,740,963,677,TRUE,TRUE,TRUE,2380,963,0.4046218487394958,FALSE,CF,Multi-position OF,FALSE,"Taylor, Michael A.",NA,8,Center Fielder,273,0,0,0,0,79,122,72,0,273,95.8,NA,NA,NA,NA,87.9,85.3,89.2,NA,87.5,87.5,2025,TRUE,"Taylor, Michael A.",CWS,2025,1.3210128406018429,-0.6728211365913792,4.671815218734574,0,-3.3508023781327334,-4.2375508823731485,0,3.5647297457817704,208,74,0.35576923076923084,0.370056474547107,0.3836607647219747,0,74,0.35576923076923084,1,TRUE,"Taylor, Michael A.",2025,2,53.7,0.8,-0.1,0.2,0.8,35.2,41,22,TRUE,"Taylor, Michael A.",White Sox,2025,CF,3,3,-1,3,-1,2,2,2,0.92,0.91,0.01,TRUE,"Taylor, Michael A.",145,CWS,CF,34,92,1,4.39,27.8,TRUE,2025,TRUE,3,-0.6728211365913792,TRUE,TRUE,TRUE,FALSE
573262,Mike Yastrzemski,138,123,3041,TRUE,TRUE,TRUE,3302,3041,0.9209569957601453,FALSE,RF,RF,TRUE,"Yastrzemski, Mike",NA,9,Right Fielder,345,0,0,0,0,14,12,319,0,345,92.4,NA,NA,NA,NA,NA,NA,88,NA,87.6,87.6,2025,TRUE,"Yastrzemski, Mike",MLB,2025,-5.684510973664469,4.558942932422652,7.07078425837851,-6.840724624474338,-5.914570607568644,-7.4890132983314945,6.787379566785028,5.26057666396912,320,115,0.3593750000000001,0.37450770923548377,0.3611502756859597,8,107,0.3343750000000001,0.9304347826086956,TRUE,"Yastrzemski, Mike",2025,-2,44.4,1.1,-0.3,0.4,1.2,35,54,24,TRUE,"Yastrzemski, Mike",---,2025,RF,-2,-3,-1,-1,1,-2,4,-7,0.87,0.88,-0.01,TRUE,"Yastrzemski, Mike",118,KC,RF,34,150,NA,4.39,26.9,TRUE,2025,TRUE,-2,4.558942932422652,TRUE,TRUE,TRUE,TRUE
592206,Nick Castellanos,0,0,3625,FALSE,FALSE,TRUE,3625,3625,1,FALSE,RF,RF,TRUE,"Castellanos, Nick",NA,9,Right Fielder,339,0,0,0,0,0,0,339,0,339,89.6,NA,NA,NA,NA,NA,NA,81.6,NA,81.6,81.6,2025,TRUE,"Castellanos, Nick",PHI,2025,-1.4503609001237288,-1.5426271239484215,7.91683193912079,-2.5366634105765726,-6.8305294286679406,-8.744941728457531,2.3916521103022137,4.810662494206893,326,119,0.3650306748466255,0.3842199298547032,0.34756634240163065,3,116,0.35582822085889576,0.9747899159663864,TRUE,"Castellanos, Nick",2025,-9,25.4,-2,0,-0.4,-2.4,31,59,15,TRUE,"Castellanos, Nick",Phillies,2025,RF,-11,-12,-1,-8,-2,-1,-6,-6,0.83,0.87,-0.04,TRUE,"Castellanos, Nick",143,PHI,RF,33,199,NA,4.42,27.7,TRUE,2025,TRUE,-11,-1.5426271239484215,TRUE,TRUE,TRUE,TRUE
592450,Aaron Judge,0,0,2467,FALSE,FALSE,TRUE,2467,2467,1,FALSE,RF,RF,TRUE,"Judge, Aaron",NA,9,Right Fielder,220,0,0,0,0,0,0,220,0,220,95.3,NA,NA,NA,NA,NA,NA,89.6,NA,89.6,89.6,2025,TRUE,"Judge, Aaron",NYY,2025,-0.6998537343655447,2.2808366216085663,3.803192424544589,-0.7951924093303316,-3.7078537495798014,-3.1500225083183473,0.8284527063287772,4.6024064235981355,204,65,0.318627450980392,0.3633941584838717,0.39105598167572814,1,64,0.31372549019607826,0.9846153846153848,TRUE,"Judge, Aaron",2025,2,61.2,-0.1,-0.1,-0.1,-0.4,32.5,49,30,TRUE,"Judge, Aaron",Yankees,2025,RF,4,4,4,-4,3,1,2,3,0.92,0.9,0.02,TRUE,"Judge, Aaron",147,NYY,RF,33,198,NA,4.73,27.1,TRUE,2025,TRUE,4,2.2808366216085663,TRUE,TRUE,TRUE,TRUE
595777,Jurickson Profar,2103,0,0,TRUE,FALSE,FALSE,2103,2103,1,FALSE,LF,LF,TRUE,"Profar, Jurickson",NA,7,Left Fielder,176,0,0,0,0,176,0,0,0,176,90,NA,NA,NA,NA,84.4,NA,NA,NA,84.4,84.4,2025,TRUE,"Profar, Jurickson",ATL,2025,1.850884029755007,-2.213223359833487,5.435267855046782,0,-3.584383825291778,-5.518728076502052,0,3.305504716668565,210,74,0.35238095238095235,0.3618764795384176,0.35490301603974345,0,74,0.35238095238095235,1,TRUE,"Profar, Jurickson",2025,-4,36.1,-1.8,0.3,-0.3,-1.8,32.1,36,13,TRUE,"Profar, Jurickson",Braves,2025,LF,-6,-6,-1,-2,-3,0,-6,0,0.85,0.89,-0.04,TRUE,"Profar, Jurickson",144,ATL,LF,32,120,NA,4.38,26.3,TRUE,2025,TRUE,-6,-2.213223359833487,TRUE,TRUE,TRUE,TRUE
596146,Max Kepler,2320,18,687,TRUE,TRUE,TRUE,3025,2320,0.7669421487603306,FALSE,LF,LF,TRUE,"Kepler, Max",NA,7,Left Fielder,323,0,0,0,0,251,3,69,0,323,93.8,NA,NA,NA,NA,83.5,NA,83.8,NA,83.7,83.7,2025,TRUE,"Kepler, Max",PHI,2025,0.21363727746167857,-1.3472028936192504,4.9944935540097575,-1.6383853776227206,-3.142470898925356,-5.506911424960891,1.707838829397606,2.4518697019440343,287,84,0.2926829268292683,0.2989575354744003,0.2810079184876993,2,82,0.2857142857142855,0.9761904761904762,TRUE,"Kepler, Max",2025,-2,45,-0.7,-1.1,0.9,-0.9,32.4,60,27,TRUE,"Kepler, Max",Phillies,2025,LF,0,0,-2,1,0,1,1,0,0.86,0.86,0,TRUE,"Kepler, Max",143,PHI,LF,32,142,NA,4.41,27,TRUE,2025,TRUE,0,-1.3472028936192504,TRUE,TRUE,TRUE,TRUE
606192,Teoscar Hernández,0,0,3318,FALSE,FALSE,TRUE,3318,3318,1,FALSE,RF,RF,TRUE,"Hernández, Teoscar",NA,9,Right Fielder,288,0,0,0,0,0,0,288,0,288,91.9,NA,NA,NA,NA,NA,NA,86.2,NA,86.2,86.2,2025,TRUE,"Hernández, Teoscar",LAD,2025,0.6913954284027702,-0.8419174315230058,8.173288668684457,-3.2144420603099597,-4.267451179971729,-7.953154957161133,3.253002489830596,3.8582350358075295,298,111,0.37248322147651,0.3487579003539223,0.3482270802733526,4,107,0.35906040268456374,0.963963963963964,TRUE,"Hernández, Teoscar",2025,-6,37.3,-0.6,-0.5,0.8,-0.3,32.9,67,25,TRUE,"Hernández, Teoscar",Dodgers,2025,RF,-8,-9,-3,-6,-1,0,-5,-4,0.85,0.88,-0.03,TRUE,"Hernández, Teoscar",119,LAD,RF,32,235,1,4.43,28.1,TRUE,2025,TRUE,-8,-0.8419174315230058,TRUE,TRUE,TRUE,TRUE
607043,Brandon Nimmo,3806,45,0,TRUE,TRUE,FALSE,3851,3806,0.988314723448455,FALSE,LF,LF,TRUE,"Nimmo, Brandon",NA,7,Left Fielder,362,0,0,0,0,359,3,0,0,362,97.4,NA,NA,NA,NA,84,NA,NA,NA,83.9,83.9,2025,TRUE,"Nimmo, Brandon",NYM,2025,-0.7339359500103534,-0.106130228114432,7.371763399153371,-2.826603630042512,-5.279095719121216,-7.740324743269173,2.631521007911069,5.002673507243674,380,129,0.33947368421052626,0.3540161817183795,0.345830652616086,3,126,0.3315789473684209,0.9767441860465116,TRUE,"Nimmo, Brandon",2025,-3,39,-0.4,-0.3,0.4,-0.3,32.9,59,23,TRUE,"Nimmo, Brandon",Mets,2025,LF,-1,-1,1,1,-3,1,-1,0,0.87,0.88,-0.01,TRUE,"Nimmo, Brandon",121,NYM,LF,32,233,NA,4.33,27.3,TRUE,2025,TRUE,-1,-0.106130228114432,TRUE,TRUE,TRUE,TRUE
621438,Tyrone Taylor,69,2349,12,TRUE,TRUE,TRUE,2430,2349,0.9666666666666667,FALSE,CF,CF,TRUE,"Taylor, Tyrone",NA,8,Center Fielder,275,0,0,0,0,11,262,2,0,275,95.2,NA,NA,NA,NA,NA,89,NA,NA,89.2,89.2,2025,TRUE,"Taylor, Tyrone",NYM,2025,-4.528443676723853,4.971724418396483,4.021850490565137,-5.076389832009828,-3.4739043352791623,-3.977681729619032,5.053108005146645,3.8962981428688734,210,71,0.33809523809523795,0.3485431419586981,0.3588912429964823,6,65,0.3095238095238095,0.9154929577464788,TRUE,"Taylor, Tyrone",2025,1,55.6,-0.1,-0.2,-0.5,-0.7,33.8,54,30,TRUE,"Taylor, Tyrone",Mets,2025,CF,3,3,-1,2,4,-2,1,2,0.91,0.89,0.02,TRUE,"Taylor, Tyrone",121,NYM,CF,31,114,11,4.38,29.3,TRUE,2025,TRUE,3,4.971724418396483,TRUE,TRUE,TRUE,TRUE
621439,Byron Buxton,0,2919,0,FALSE,TRUE,FALSE,2919,2919,1,FALSE,CF,CF,TRUE,"Buxton, Byron",NA,8,Center Fielder,351,0,0,0,0,0,351,0,0,351,96.3,NA,NA,NA,NA,NA,88.6,NA,NA,88.6,88.6,2025,TRUE,"Buxton, Byron",MIN,2025,1.232490046907985,-0.4418317589943382,6.3958403316901755,-0.8745212977547402,-4.2888289870274505,-5.8735118635070815,0.8647429622586746,4.56693714225407,284,118,0.41549295774647904,0.4185904982253887,0.4303925672931652,1,117,0.41197183098591567,0.9915254237288136,TRUE,"Buxton, Byron",2025,0,50.9,0,-1.6,1,-0.6,34.8,57,29,TRUE,"Buxton, Byron",Twins,2025,CF,2,3,0,3,-1,0,1,2,0.91,0.9,0.01,TRUE,"Buxton, Byron",142,MIN,CF,31,165,56,4.13,30.2,TRUE,2025,TRUE,2,-0.4418317589943382,TRUE,TRUE,TRUE,TRUE
621493,Taylor Ward,3995,0,0,TRUE,FALSE,FALSE,3995,3995,1,FALSE,LF,LF,TRUE,"Ward, Taylor",NA,7,Left Fielder,526,0,0,0,0,526,0,0,0,526,95.3,NA,NA,NA,NA,84.4,NA,NA,NA,84.4,84.4,2025,TRUE,"Ward, Taylor",LAA,2025,1.1412136518516538,-2.227229009385241,10.075262830086176,-2.5304283098167097,-6.403620868417817,-10.320772672724797,2.5086667929688966,5.584876870370662,458,153,0.33406113537117904,0.334735352998671,0.32434788780504714,3,150,0.3275109170305678,0.9803921568627452,TRUE,"Ward, Taylor",2025,0,43.3,-0.4,0,0.1,-0.3,32.4,67,29,TRUE,"Ward, Taylor",Angels,2025,LF,0,0,3,1,-1,-2,1,-1,0.88,0.88,0,TRUE,"Ward, Taylor",108,LAA,LF,31,167,1,4.51,27.3,TRUE,2025,TRUE,0,-2.227229009385241,TRUE,TRUE,TRUE,TRUE
624424,Michael Conforto,3030,0,0,TRUE,FALSE,FALSE,3030,3030,1,FALSE,LF,LF,TRUE,"Conforto, Michael",NA,7,Left Fielder,281,0,0,0,0,281,0,0,0,281,96.1,NA,NA,NA,NA,86.8,NA,NA,NA,86.8,86.8,2025,TRUE,"Conforto, Michael",LAD,2025,0.6978843589424011,-1.1316390801068077,6.335690051860265,-2.607724729436251,-3.030080963481614,-6.3999471346049654,2.5373938693551077,2.7309141851430527,256,82,0.32031249999999983,0.30667616043781715,0.3013716713537265,3,79,0.30859374999999994,0.9634146341463414,TRUE,"Conforto, Michael",2025,-2,41.7,-2,-0.1,-0.3,-2.5,30.3,48,20,TRUE,"Conforto, Michael",Dodgers,2025,LF,-7,-8,-3,-1,-4,1,-3,-5,0.84,0.88,-0.04,TRUE,"Conforto, Michael",119,LAD,LF,32,145,NA,4.6,26,TRUE,2025,TRUE,-7,-1.1316390801068077,TRUE,TRUE,TRUE,TRUE
641355,Cody Bellinger,1718,919,1248,TRUE,TRUE,TRUE,3885,1718,0.44221364221364223,FALSE,LF,Multi-position OF,FALSE,"Bellinger, Cody",NA,7,Left Fielder,398,14,0,0,0,170,85,129,0,384,99.1,NA,NA,NA,NA,87.2,87.7,91.3,NA,89.3,89.3,2025,TRUE,"Bellinger, Cody",NYY,2025,-2.6915649815540563,3.1930043920439255,7.080856805912313,-4.126858952955883,-5.645562834510486,-6.563838813615856,4.158708688187862,5.598134517471922,346,108,0.3121387283236992,0.3328437872996995,0.33851900546864194,5,103,0.2976878612716764,0.9537037037037036,TRUE,"Bellinger, Cody",2025,4,54.1,1,-0.1,0.2,1.2,35.3,85,46,TRUE,"Bellinger, Cody",Yankees,2025,LF,6,7,1,2,1,2,2,5,0.89,0.87,0.02,TRUE,"Bellinger, Cody",147,NYY,LF,29,211,1,4.11,28.2,TRUE,2025,TRUE,6,3.1930043920439255,TRUE,TRUE,TRUE,FALSE
641584,Jake Fraley,122,0,1324,TRUE,FALSE,TRUE,1446,1324,0.9156293222683264,FALSE,RF,RF,TRUE,"Fraley, Jake",NA,9,Right Fielder,154,0,0,0,0,21,0,133,0,154,94,NA,NA,NA,NA,NA,NA,89.8,NA,89.9,89.9,2025,TRUE,"Fraley, Jake",MLB,2025,1.7025358907389765,-1.7735897761757091,3.930916663036614,-0.8112265764473129,-1.417154195850325,-3.9196551131213297,0.8302300082989461,1.3158353286466746,143,57,0.3986013986013987,0.3628011881410945,0.362690053376107,1,56,0.3916083916083915,0.9824561403508772,TRUE,NA,NA,NA,NA,NA,NA,NA,NA,NA,NA,NA,FALSE,"Fraley, Jake",---,2025,RF,0,0,-2,-1,2,2,2,-2,0.87,0.87,0,TRUE,"Fraley, Jake",144,ATL,RF,30,73,NA,4.21,28.4,TRUE,2025,TRUE,0,-1.7735897761757091,TRUE,TRUE,TRUE,TRUE
641933,Tyler O'Neill,81,0,885,TRUE,FALSE,TRUE,966,885,0.9161490683229814,FALSE,RF,RF,TRUE,"O'Neill, Tyler",NA,9,Right Fielder,117,0,0,0,0,10,0,107,0,117,94.3,NA,NA,NA,NA,NA,NA,91.5,NA,91.2,91.2,2025,TRUE,"O'Neill, Tyler",BAL,2025,0.81769224113531,-1.4540820160712462,3.5740609482891386,-0.9051752058409136,-1.8511935013129128,-3.651598406384893,0.9096087971651952,1.2879075931484507,124,52,0.4193548387096775,0.4103698021652074,0.386609665565725,1,51,0.41129032258064535,0.9807692307692308,TRUE,NA,NA,NA,NA,NA,NA,NA,NA,NA,NA,NA,FALSE,NA,NA,NA,NA,NA,NA,NA,NA,NA,NA,NA,NA,NA,NA,NA,FALSE,"O'Neill, Tyler",110,BAL,RF,30,50,NA,4.4,28.3,TRUE,2025,TRUE,NA,-1.4540820160712462,FALSE,TRUE,FALSE,FALSE
642201,Eli White,569,99,1055,TRUE,TRUE,TRUE,1723,1055,0.612304120719675,FALSE,RF,RF,TRUE,"White, Eli",NA,9,Right Fielder,187,3,0,0,0,62,8,114,0,184,95.8,NA,NA,NA,NA,86.7,NA,89.8,NA,89.2,89.2,2025,TRUE,"White, Eli",ATL,2025,-0.7186047732186363,1.4882608106309727,3.689387498482984,-2.4899077410596657,-1.9180845306419552,-3.072332208333613,2.431530792315104,2.1290622266494816,161,55,0.3416149068322982,0.3360353412578312,0.35508447374340696,3,52,0.3229813664596272,0.9454545454545454,TRUE,NA,NA,NA,NA,NA,NA,NA,NA,NA,NA,NA,FALSE,"White, Eli",Braves,2025,RF,4,4,1,1,2,1,1,3,0.94,0.9,0.04,TRUE,"White, Eli",144,ATL,RF,31,106,35,4.22,29.9,TRUE,2025,TRUE,4,1.4882608106309727,TRUE,TRUE,TRUE,TRUE
643217,Andrew Benintendi,1693,0,0,TRUE,FALSE,FALSE,1693,1693,1,FALSE,LF,LF,TRUE,"Benintendi, Andrew",NA,7,Left Fielder,206,0,0,0,0,206,0,0,0,206,89.5,NA,NA,NA,NA,82.6,NA,NA,NA,82.6,82.6,2025,TRUE,"Benintendi, Andrew",CWS,2025,1.463846959215384,-2.919123780075372,4.347184601616339,0,-2.883337642400956,-5.277953873232618,0,2.358830093157247,189,62,0.328042328042328,0.34728774828584613,0.31652123182615716,0,62,0.328042328042328,1,TRUE,"Benintendi, Andrew",2025,-7,35.3,-2.2,-0.5,0,-2.8,31,34,12,TRUE,"Benintendi, Andrew",White Sox,2025,LF,-7,-8,0,-1,-3,-3,-6,-3,0.85,0.9,-0.05,TRUE,"Benintendi, Andrew",145,CWS,LF,30,141,NA,4.38,26.7,TRUE,2025,TRUE,-7,-2.919123780075372,TRUE,TRUE,TRUE,TRUE
643565,Mike Tauchman,0,0,1713,FALSE,FALSE,TRUE,1713,1713,1,FALSE,RF,RF,TRUE,"Tauchman, Mike",NA,9,Right Fielder,197,0,0,0,0,0,0,197,0,197,90.3,NA,NA,NA,NA,NA,NA,84.2,NA,84.2,84.2,2025,TRUE,"Tauchman, Mike",CWS,2025,-1.2189883859190749,-0.17766717753047778,3.2271145630009372,-0.7977492078645614,-3.648353741055449,-3.886338966009472,0.7964107537566603,2.9122610347223343,178,66,0.37078651685393266,0.41623071565837894,0.3855668724182866,1,65,0.3651685393258428,0.9848484848484848,TRUE,"Tauchman, Mike",2025,-1,50,-0.9,0.8,-0.5,-0.6,32.8,38,19,TRUE,"Tauchman, Mike",White Sox,2025,RF,0,0,1,0,-1,0,2,-2,0.88,0.89,-0.01,TRUE,"Tauchman, Mike",145,CWS,RF,34,126,NA,4.75,24.9,TRUE,2025,TRUE,0,-0.17766717753047778,TRUE,TRUE,TRUE,TRUE
650489,Willi Castro,785,105,768,TRUE,TRUE,TRUE,1658,785,0.4734620024125452,FALSE,LF,Multi-position OF,FALSE,"Castro, Willi",NA,4,Second Baseman,336,0,120,31,10,81,13,81,161,175,93.4,NA,83.3,NA,NA,89.4,NA,90,88,89.9,89.9,2025,TRUE,"Castro, Willi",MLB,2025,-0.15595871015226992,0.6709544905555934,3.651941486534176,-1.6179560380481268,-2.189944158638318,-3.237098243958594,1.7319285904045492,2.1761241441096377,142,52,0.3661971830985916,0.3625294979353398,0.3702962570846123,2,50,0.352112676056338,0.9615384615384616,TRUE,NA,NA,NA,NA,NA,NA,NA,NA,NA,NA,NA,FALSE,"Castro, Willi",---,2025,2B,0,0,0,0,-1,0,2,-2,0.92,0.92,0,TRUE,"Castro, Willi",112,CHC,2B,28,159,1,4.29,28.2,TRUE,2025,TRUE,0,0.6709544905555934,TRUE,TRUE,TRUE,FALSE
656775,Cedric Mullins,0,3193,0,FALSE,TRUE,FALSE,3193,3193,1,FALSE,CF,CF,TRUE,"Mullins, Cedric",NA,8,Center Fielder,394,0,0,0,0,0,394,0,0,394,92.1,NA,NA,NA,NA,NA,83.7,NA,NA,83.7,83.7,2025,TRUE,"Mullins, Cedric",MLB,2025,3.4441618251715584,-4.388636968516528,7.622377792929289,0,-4.178215967757728,-8.044833610323293,0,3.6561966418067664,298,126,0.4228187919463087,0.41622713504154135,0.40458367133851514,0,126,0.4228187919463087,1,TRUE,"Mullins, Cedric",2025,1,42.4,-0.4,-1.1,0.9,-0.6,34,66,28,TRUE,"Mullins, Cedric",---,2025,CF,3,4,0,2,2,0,1,3,0.89,0.88,0.01,TRUE,"Mullins, Cedric",121,NYM,CF,30,119,12,4.26,28.4,TRUE,2025,TRUE,3,-4.388636968516528,TRUE,TRUE,TRUE,TRUE
657077,Alex Verdugo,1279,0,0,TRUE,FALSE,FALSE,1279,1279,1,FALSE,LF,LF,TRUE,"Verdugo, Alex",NA,7,Left Fielder,146,0,0,0,0,146,0,0,0,146,94.9,NA,NA,NA,NA,90.6,NA,NA,NA,90.6,90.6,2025,TRUE,"Verdugo, Alex",ATL,2025,1.1231766673129653,-0.6414576010268973,3.2368613234550363,-0.8570283036550403,-1.2566563524870302,-2.9288038760824957,0.8381205359116332,1.4492257391439645,120,42,0.3499999999999999,0.3227398445278935,0.33618310898094367,1,41,0.3416666666666666,0.9761904761904762,TRUE,NA,NA,NA,NA,NA,NA,NA,NA,NA,NA,NA,FALSE,NA,NA,NA,NA,NA,NA,NA,NA,NA,NA,NA,NA,NA,NA,NA,FALSE,"Verdugo, Alex",144,ATL,LF,29,84,NA,4.44,26.1,TRUE,2025,TRUE,NA,-0.6414576010268973,FALSE,TRUE,FALSE,FALSE
657656,Ramón Laureano,1533,297,1095,TRUE,TRUE,TRUE,2925,1533,0.5241025641025641,FALSE,LF,Multi-position OF,FALSE,"Laureano, Ramón",NA,7,Left Fielder,271,0,0,0,0,134,30,107,0,271,95.6,NA,NA,NA,NA,86.7,NA,92.8,NA,89.7,89.7,2025,TRUE,"Laureano, Ramón",MLB,2025,-3.2217012230421176,3.3681020179076624,6.0434322559470735,-4.848381413501322,-4.416752065487866,-5.941705906534031,4.754585343442635,4.555222580999056,280,97,0.34642857142857136,0.348210977464499,0.34861719972317956,6,91,0.3249999999999998,0.9381443298969072,TRUE,"Laureano, Ramón",2025,-6,42.6,-0.5,0,0.1,-0.4,33,47,20,TRUE,"Laureano, Ramón",---,2025,LF,-8,-9,-2,-5,-2,-1,-5,-4,0.86,0.9,-0.04,TRUE,"Laureano, Ramón",135,SD,LF,30,156,NA,4.31,27.8,TRUE,2025,TRUE,-8,3.3681020179076624,TRUE,TRUE,TRUE,FALSE
657757,Gavin Sheets,1437,0,0,TRUE,FALSE,FALSE,1437,1437,1,FALSE,LF,LF,TRUE,"Sheets, Gavin",NA,7,Left Fielder,143,38,0,0,0,105,0,0,0,105,92,NA,NA,NA,NA,86,NA,NA,NA,86,86,2025,TRUE,"Sheets, Gavin",SD,2025,-1.3728732907897774,1.2922565475564758,2.0668934390105393,-1.6993792591037993,-1.740387470696517,-2.0219597851430344,1.6416706066642912,1.6725457260352192,132,40,0.3030303030303031,0.3168021475063932,0.3134392329419204,2,38,0.28787878787878785,0.95,TRUE,NA,NA,NA,NA,NA,NA,NA,NA,NA,NA,NA,FALSE,NA,NA,NA,NA,NA,NA,NA,NA,NA,NA,NA,NA,NA,NA,NA,FALSE,"Sheets, Gavin",135,SD,LF,29,182,NA,4.49,27,TRUE,2025,TRUE,NA,1.2922565475564758,FALSE,TRUE,FALSE,FALSE
660670,Ronald Acuña Jr.,0,0,2339,FALSE,FALSE,TRUE,2339,2339,1,FALSE,RF,RF,TRUE,"Acuña Jr., Ronald",NA,9,Right Fielder,260,0,0,0,0,0,0,260,0,260,104.9,NA,NA,NA,NA,NA,NA,94.3,NA,94.3,94.3,2025,TRUE,"Acuña Jr., Ronald",ATL,2025,1.0362007054382172,1.1798816140276314,6.626767776229843,-2.712936288635506,-2.877630782156119,-5.39995304371668,2.5925792022003167,3.9872554555439943,238,86,0.3613445378151261,0.3351234234041411,0.3723421636610658,3,83,0.3487394957983196,0.9651162790697676,TRUE,"Acuña Jr., Ronald",2025,-9,12.5,-1.9,-1.7,0.9,-2.7,31,40,5,TRUE,"Acuña Jr., Ronald",Braves,2025,RF,-10,-11,-4,-3,-3,-1,-5,-6,0.8,0.86,-0.06,TRUE,"Acuña Jr., Ronald",144,ATL,RF,27,113,2,4.4,27.9,TRUE,2025,TRUE,-10,1.1798816140276314,TRUE,TRUE,TRUE,TRUE
660821,Jesús Sánchez,573,189,2171,TRUE,TRUE,TRUE,2933,2171,0.7401977497442891,FALSE,RF,RF,TRUE,"Sánchez, Jesús",NA,9,Right Fielder,291,0,0,0,0,53,25,213,0,291,95,NA,NA,NA,NA,87.9,NA,88.7,NA,88.9,88.9,2025,TRUE,"Sánchez, Jesús",MLB,2025,0.06117717027971162,1.0580654957276394,6.660850460939364,-2.4111180713575866,-4.188555219302067,-5.93023813885792,2.376190154246931,4.612113480338629,258,95,0.36821705426356616,0.36747097732790346,0.38237829855200306,3,92,0.3565891472868217,0.968421052631579,TRUE,"Sánchez, Jesús",2025,-1,50.9,0.1,1.3,-0.5,0.8,33.5,57,29,TRUE,"Sánchez, Jesús",---,2025,RF,-1,-1,0,-2,0,1,0,-1,0.88,0.88,0,TRUE,"Sánchez, Jesús",117,HOU,RF,27,185,NA,4.48,27,TRUE,2025,TRUE,-1,1.0580654957276394,TRUE,TRUE,TRUE,TRUE
662139,Daulton Varsho,0,1651,0,FALSE,TRUE,FALSE,1651,1651,1,FALSE,CF,CF,TRUE,"Varsho, Daulton",NA,8,Center Fielder,209,0,0,0,0,0,209,0,0,209,81.1,NA,NA,NA,NA,NA,73.7,NA,NA,73.7,73.7,2025,TRUE,"Varsho, Daulton",TOR,2025,0.4800996903440138,-1.757961029988357,3.1739417892049513,0,-2.693842098860938,-3.777876419052173,0,2.019915389063815,150,49,0.3266666666666664,0.34998587733507897,0.3186430263857318,0,49,0.3266666666666664,1,TRUE,"Varsho, Daulton",2025,6,66.7,2,1.1,0.1,3.2,37.3,39,26,TRUE,"Varsho, Daulton",Blue Jays,2025,CF,8,9,0,4,4,1,6,3,0.94,0.89,0.05,TRUE,"Varsho, Daulton",141,TOR,CF,28,90,2,4.24,28.4,TRUE,2025,TRUE,8,-1.757961029988357,TRUE,TRUE,TRUE,TRUE
663457,Lars Nootbaar,2538,252,594,TRUE,TRUE,TRUE,3384,2538,0.75,FALSE,LF,LF,TRUE,"Nootbaar, Lars",NA,7,Left Fielder,404,0,0,0,0,288,50,66,0,404,95.2,NA,NA,NA,NA,87.9,90.7,91.4,NA,89.1,89.1,2025,TRUE,"Nootbaar, Lars",STL,2025,3.9980491990263465,-2.8965229750583656,9.40927015288066,-1.6143887646308357,-3.796832189223478,-8.541491654945434,1.599258134706964,4.0457105451801105,378,127,0.335978835978836,0.3078624379717527,0.31984763700992824,2,125,0.3306878306878306,0.984251968503937,TRUE,"Nootbaar, Lars",2025,-2,36.2,-1.2,-0.9,0.4,-1.8,31.3,58,21,TRUE,"Nootbaar, Lars",Cardinals,2025,LF,-1,-1,0,-1,0,0,1,-2,0.85,0.86,-0.01,TRUE,"Nootbaar, Lars",138,STL,LF,27,187,NA,4.4,27,TRUE,2025,TRUE,-1,-2.8965229750583656,TRUE,TRUE,TRUE,TRUE
663616,Trevor Larnach,393,0,930,TRUE,FALSE,TRUE,1323,930,0.7029478458049887,FALSE,RF,RF,TRUE,"Larnach, Trevor",NA,10,Designated Hitter,147,0,0,0,0,48,0,99,0,147,92,NA,NA,NA,NA,NA,NA,83.3,NA,84,84,2025,TRUE,"Larnach, Trevor",MIN,2025,1.8425170632850327,-2.65356450862029,3.2512860075146275,0,-1.4087689442295954,-3.888215325013052,0,1.2346508163927596,128,52,0.4062499999999999,0.3880205012879141,0.3626104992418319,0,52,0.4062499999999999,1,TRUE,NA,NA,NA,NA,NA,NA,NA,NA,NA,NA,NA,FALSE,"Larnach, Trevor",Twins,2025,RF,-4,-4,0,0,-2,-1,-2,-3,0.87,0.91,-0.04,TRUE,"Larnach, Trevor",142,MIN,DH,28,206,NA,4.66,26.1,TRUE,2025,TRUE,-4,-2.65356450862029,TRUE,TRUE,TRUE,TRUE
663656,Kyle Tucker,0,0,3005,FALSE,FALSE,TRUE,3005,3005,1,FALSE,RF,RF,TRUE,"Tucker, Kyle",NA,9,Right Fielder,326,0,0,0,0,0,0,326,0,326,94.3,NA,NA,NA,NA,NA,NA,85.6,NA,85.6,85.6,2025,TRUE,"Tucker, Kyle",CHC,2025,-2.4352805582276433,2.049856492631077,5.211835921161867,-3.5525238370398124,-4.0945926423497,-5.266453641709183,3.4850415232773235,3.831268611062936,240,91,0.37916666666666654,0.39305772366255265,0.3836266291218732,4,87,0.3625,0.956043956043956,TRUE,"Tucker, Kyle",2025,-4,39,-0.9,-0.2,0.2,-0.9,32.1,59,23,TRUE,"Tucker, Kyle",Cubs,2025,RF,-2,-2,0,-3,1,0,-1,-1,0.87,0.88,-0.01,TRUE,"Tucker, Kyle",112,CHC,RF,28,188,NA,4.52,26.5,TRUE,2025,TRUE,-2,2.049856492631077,TRUE,TRUE,TRUE,TRUE
663757,Trent Grisham,0,3399,0,FALSE,TRUE,FALSE,3399,3399,1,FALSE,CF,CF,TRUE,"Grisham, Trent",NA,8,Center Fielder,288,0,0,0,0,0,288,0,0,288,92.1,NA,NA,NA,NA,NA,84.8,NA,NA,84.8,84.8,2025,TRUE,"Grisham, Trent",NYY,2025,0.7098399725686521,-1.4324983890233218,5.9686403926127465,-1.6975046247222765,-3.561295795321819,-6.495441238450318,1.595603747299942,3.4673391021270548,219,84,0.3835616438356163,0.3717756081684838,0.36422005109040895,2,82,0.3744292237442925,0.9761904761904762,TRUE,"Grisham, Trent",2025,0,50.8,-0.8,1.3,-0.8,-0.2,34.5,63,32,TRUE,"Grisham, Trent",Yankees,2025,CF,-1,-2,1,0,-2,-1,-2,1,0.89,0.89,0,TRUE,"Grisham, Trent",147,NYY,CF,28,169,NA,4.54,26.7,TRUE,2025,TRUE,-1,-1.4324983890233218,TRUE,TRUE,TRUE,TRUE
663968,Jake Mangum,1299,836,665,TRUE,TRUE,TRUE,2800,1299,0.4639285714285714,FALSE,LF,Multi-position OF,FALSE,"Mangum, Jake",NA,7,Left Fielder,265,0,0,0,0,105,95,65,0,265,91.5,NA,NA,NA,NA,86.6,84.9,86.7,NA,86.3,86.3,2025,TRUE,"Mangum, Jake",TB,2025,0.6381395486453657,-0.8572706036410844,6.192209808817278,-2.2710452930356517,-3.2830249671362615,-6.464886430161553,2.2990759163086687,3.3085399102118007,245,89,0.3632653061224488,0.3496379549893103,0.34746999554257363,3,86,0.35102040816326546,0.9662921348314608,TRUE,"Mangum, Jake",2025,5,60,0.4,-0.3,-0.2,-0.1,34.1,40,24,TRUE,"Mangum, Jake",Rays,2025,LF,5,6,4,2,2,-2,4,2,0.93,0.9,0.03,TRUE,"Mangum, Jake",139,TB,LF,29,219,39,4.08,29.1,TRUE,2025,TRUE,5,-0.8572706036410844,TRUE,TRUE,TRUE,FALSE
664023,Ian Happ,3823,0,0,TRUE,FALSE,FALSE,3823,3823,1,FALSE,LF,LF,TRUE,"Happ, Ian",NA,7,Left Fielder,478,0,0,0,0,478,0,0,0,478,95.7,NA,NA,NA,NA,84.7,NA,NA,NA,84.7,84.7,2025,TRUE,"Happ, Ian",CHC,2025,-2.168087999316128,0.5428484766547604,5.890655861667248,-2.3942295231047206,-5.664514337878659,-6.5386870174059,2.3266243824216764,4.754911111638987,363,100,0.27548209366391174,0.30295305728846567,0.2833870457555607,3,97,0.26721763085399464,0.97,TRUE,"Happ, Ian",2025,-2,46.9,-0.5,-0.2,0.4,-0.3,33,64,30,TRUE,"Happ, Ian",Cubs,2025,LF,0,0,1,2,-4,0,1,-1,0.9,0.9,0,TRUE,"Happ, Ian",112,CHC,LF,30,192,NA,4.45,27.4,TRUE,2025,TRUE,0,0.5428484766547604,TRUE,TRUE,TRUE,TRUE
664056,Harrison Bader,1488,1706,123,TRUE,TRUE,TRUE,3317,1706,0.5143201688272535,FALSE,CF,Multi-position OF,FALSE,"Bader, Harrison",NA,8,Center Fielder,383,0,0,0,0,176,203,4,0,383,96.4,NA,NA,NA,NA,86.9,90.9,NA,NA,89.4,89.4,2025,TRUE,"Bader, Harrison",MLB,2025,1.4145111763688174,-0.3385543499974198,8.898800661468858,-3.4066601226096913,-4.077629362490346,-8.279617885308957,3.3667892581742223,4.574274277137314,345,126,0.3652173913043478,0.34225124989668587,0.3550060880831846,4,122,0.3536231884057972,0.9682539682539684,TRUE,"Bader, Harrison",2025,7,67.6,1,-0.8,0.4,0.6,34.6,68,46,TRUE,"Bader, Harrison",---,2025,CF,6,7,1,3,4,-2,5,2,0.92,0.9,0.02,TRUE,"Bader, Harrison",143,PHI,CF,31,178,37,4.31,28.8,TRUE,2025,TRUE,6,-0.3385543499974198,TRUE,TRUE,TRUE,FALSE
664702,Myles Straw,363,1597,135,TRUE,TRUE,TRUE,2095,1597,0.762291169451074,FALSE,CF,CF,TRUE,"Straw, Myles",NA,8,Center Fielder,235,0,1,0,0,30,194,10,1,234,93.1,NA,NA,NA,NA,NA,82.9,NA,NA,83.6,83.6,2025,TRUE,"Straw, Myles",TOR,2025,-0.25530209654170993,0.03546860408964611,3.8467048458282185,-1.7878889441765744,-2.314117998193354,-4.010272038993257,1.7117170596166282,2.334023583466275,178,65,0.3651685393258427,0.356224738983504,0.3528415134899443,2,63,0.35393258426966295,0.9692307692307692,TRUE,"Straw, Myles",2025,8,65.3,0.6,0.2,0.4,1.2,35.8,49,32,TRUE,"Straw, Myles",Blue Jays,2025,CF,9,10,1,3,6,1,6,4,0.92,0.87,0.05,TRUE,"Straw, Myles",141,TOR,CF,30,117,30,4.12,29.4,TRUE,2025,TRUE,9,0.03546860408964611,TRUE,TRUE,TRUE,TRUE
664728,Kyle Isbel,0,3096,0,FALSE,TRUE,FALSE,3096,3096,1,FALSE,CF,CF,TRUE,"Isbel, Kyle",NA,8,Center Fielder,357,0,0,0,0,0,357,0,0,357,90.7,NA,NA,NA,NA,NA,83.3,NA,NA,83.3,83.3,2025,TRUE,"Isbel, Kyle",KC,2025,-0.01915418492180195,-0.5482903215002092,4.940883461930475,-0.9033631298150162,-4.05667451703726,-5.164460090256652,0.9032941316771764,3.712875637079264,236,88,0.3728813559322032,0.39506122125058585,0.3831418889025919,1,87,0.36864406779661024,0.9886363636363636,TRUE,"Isbel, Kyle",2025,9,65.2,1.2,2,-1.2,2,37,66,43,TRUE,"Isbel, Kyle",Royals,2025,CF,11,12,1,8,3,0,5,7,0.94,0.9,0.04,TRUE,"Isbel, Kyle",118,KC,CF,28,179,NA,4.31,27.8,TRUE,2025,TRUE,11,-0.5482903215002092,TRUE,TRUE,TRUE,TRUE
664770,Nathan Lukes,747,642,1339,TRUE,TRUE,TRUE,2728,1339,0.4908357771260997,FALSE,RF,Multi-position OF,FALSE,"Lukes, Nathan",NA,9,Right Fielder,280,0,0,0,0,65,79,136,0,280,97.1,NA,NA,NA,NA,89.4,87,89.9,NA,89.2,89.2,2025,TRUE,"Lukes, Nathan",TOR,2025,-2.8516346319457115,4.160600128503111,5.029883715847899,-4.915307472382463,-2.966210875411149,-4.479687011170723,4.974257098254063,3.6660300414197695,226,78,0.34513274336283195,0.3302429968545096,0.35438667381117145,6,72,0.31858407079646006,0.9230769230769232,TRUE,"Lukes, Nathan",2025,2,49.2,-0.2,-0.5,0.5,-0.1,32.8,65,32,TRUE,"Lukes, Nathan",Blue Jays,2025,RF,2,3,-3,1,1,3,2,1,0.87,0.86,0.01,TRUE,"Lukes, Nathan",141,TOR,RF,30,210,NA,4.44,27.3,TRUE,2025,TRUE,2,4.160600128503111,TRUE,TRUE,TRUE,FALSE
664983,Jake McCarthy,868,327,255,TRUE,TRUE,TRUE,1450,868,0.5986206896551725,FALSE,LF,Multi-position OF,FALSE,"McCarthy, Jake",NA,7,Left Fielder,173,0,0,0,0,104,42,27,0,173,85,NA,NA,NA,NA,79.9,NA,NA,NA,80.1,80.1,2025,TRUE,"McCarthy, Jake",AZ,2025,-0.00874180505419368,-1.3172867967726531,2.470731580244081,0,-2.479473385298276,-3.0973955116174334,0,1.7801087148447798,147,50,0.34013605442176864,0.3779474604742379,0.3421477576103832,0,50,0.34013605442176864,1,TRUE,NA,NA,NA,NA,NA,NA,NA,NA,NA,NA,NA,FALSE,"McCarthy, Jake",D-backs,2025,LF,3,3,1,1,0,1,2,1,0.89,0.87,0.02,TRUE,"McCarthy, Jake",109,AZ,LF,27,100,30,4.18,29.9,TRUE,2025,TRUE,3,-1.3172867967726531,TRUE,TRUE,TRUE,FALSE
665487,Fernando Tatis Jr.,0,0,3897,FALSE,FALSE,TRUE,3897,3897,1,FALSE,RF,RF,TRUE,"Tatis Jr., Fernando",NA,9,Right Fielder,335,0,0,0,0,0,0,335,0,335,102.9,NA,NA,NA,NA,NA,NA,95.5,NA,95.5,95.5,2025,TRUE,"Tatis Jr., Fernando",SD,2025,2.5971611156243797,2.068462681764043,10.728058863787744,-3.188011076672387,-4.942886671490975,-8.000117671699492,3.263528712937892,6.80505164052565,326,114,0.34969325153374214,0.31614558030573314,0.3761186566445766,4,110,0.33742331288343547,0.9649122807017544,TRUE,"Tatis Jr., Fernando",2025,6,58.3,0.6,-0.4,0.2,0.5,33.8,96,56,TRUE,"Tatis Jr., Fernando",Padres,2025,RF,7,8,3,0,1,4,6,2,0.89,0.87,0.02,TRUE,"Tatis Jr., Fernando",135,SD,RF,26,259,17,4.37,28.6,TRUE,2025,TRUE,7,2.068462681764043,TRUE,TRUE,TRUE,TRUE
665742,Juan Soto,0,0,4122,FALSE,FALSE,TRUE,4122,4122,1,FALSE,RF,RF,TRUE,"Soto, Juan",NA,9,Right Fielder,318,0,0,0,0,0,0,318,0,318,92.3,NA,NA,NA,NA,NA,NA,86.6,NA,86.6,86.6,2025,TRUE,"Soto, Juan",NYM,2025,0.8127932541139476,-2.0554635184924863,10.497013967730537,-3.229745281379639,-6.454475432236958,-11.303767944729085,3.1741351978365095,6.074169228400092,389,145,0.3727506426735217,0.36845706867834743,0.3573759415072387,4,141,0.3624678663239077,0.9724137931034482,TRUE,"Soto, Juan",2025,-10,27.9,-1.2,-0.5,0.2,-1.6,31.8,61,17,TRUE,"Soto, Juan",Mets,2025,RF,-11,-12,-3,-3,-4,-2,-10,-2,0.83,0.87,-0.04,TRUE,"Soto, Juan",121,NYM,RF,26,196,NA,4.58,25.8,TRUE,2025,TRUE,-11,-2.0554635184924863,TRUE,TRUE,TRUE,TRUE
665750,Leody Taveras,0,690,642,FALSE,TRUE,TRUE,1332,690,0.5180180180180181,FALSE,CF,Multi-position OF,FALSE,"Taveras, Leody",NA,9,Right Fielder,180,0,0,0,0,0,89,91,0,180,95.9,NA,NA,NA,NA,NA,88.7,93.3,NA,91.6,91.6,2025,TRUE,"Taveras, Leody",MLB,2025,1.4544270212979633,-1.0644030741468782,5.182465840262691,-1.6015417628272353,-2.126497056137494,-4.704728466473819,1.5938184569940947,2.046506935332849,143,53,0.37062937062937057,0.3158533915234475,0.3254371905038597,2,51,0.3566433566433567,0.9622641509433962,TRUE,"Taveras, Leody",2025,0,54.3,-0.5,0.3,-0.8,-1,32.8,35,19,TRUE,"Taveras, Leody",---,2025,CF,-1,-1,-1,0,0,0,-1,-1,0.86,0.87,-0.01,TRUE,"Taveras, Leody",136,SEA,RF,26,46,9,4.26,28.8,TRUE,2025,TRUE,-1,-1.0644030741468782,TRUE,TRUE,TRUE,FALSE
665833,Oneil Cruz,0,3184,0,FALSE,TRUE,FALSE,3184,3184,1,FALSE,CF,CF,TRUE,"Cruz, Oneil",NA,8,Center Fielder,326,0,0,0,0,0,326,0,0,326,104.9,NA,NA,NA,NA,NA,98.2,NA,NA,98.2,98.2,2025,TRUE,"Cruz, Oneil",PIT,2025,0.6858706148681073,3.80747216804713,7.789208050110512,-3.950277840420484,-3.153059594821925,-5.006870802661893,4.3455303273568555,4.468812643352173,274,109,0.39781021897810215,0.3567843477383121,0.4197454076272629,5,104,0.3795620437956206,0.9541284403669724,TRUE,"Cruz, Oneil",2025,-2,39.4,-0.4,-0.6,0.1,-0.9,33.8,71,28,TRUE,"Cruz, Oneil",Pirates,2025,CF,0,0,-1,2,-1,-1,-1,1,0.87,0.87,0,TRUE,"Cruz, Oneil",134,PIT,CF,26,164,42,4.26,29.2,TRUE,2025,TRUE,0,3.80747216804713,TRUE,TRUE,TRUE,TRUE
666134,Nolan Jones,231,580,1865,TRUE,TRUE,TRUE,2676,1865,0.6969357249626308,FALSE,RF,RF,TRUE,"Jones, Nolan",NA,9,Right Fielder,216,0,0,0,0,16,57,143,0,216,100.6,NA,NA,NA,NA,NA,96.5,95,NA,95.5,95.5,2025,TRUE,"Jones, Nolan",CLE,2025,-1.2849029980026614,3.8729823530397134,6.319329560444716,-4.886784324929784,-2.7174482335175942,-4.864775851496663,5.140100660702764,3.597657543833611,220,79,0.3590909090909093,0.3190927916275628,0.3658177842249074,6,73,0.33181818181818185,0.9240506329113924,TRUE,"Jones, Nolan",2025,-1,37.5,-0.6,-1.8,0.8,-1.7,31,40,15,TRUE,"Jones, Nolan",Guardians,2025,RF,-5,-5,-2,-4,-1,1,-3,-2,0.87,0.89,-0.02,TRUE,"Jones, Nolan",114,CLE,RF,27,118,NA,4.59,27.6,TRUE,2025,TRUE,-5,3.8729823530397134,TRUE,TRUE,TRUE,TRUE
666139,Josh Lowe,0,0,2563,FALSE,FALSE,TRUE,2563,2563,1,FALSE,RF,RF,TRUE,"Lowe, Josh",NA,9,Right Fielder,196,0,0,0,0,0,0,196,0,196,92.5,NA,NA,NA,NA,NA,NA,86,NA,86,86,2025,TRUE,"Lowe, Josh",TB,2025,1.2694476832054369,-1.7429419368804109,5.877403701451174,-0.8904702398116435,-3.7174857784340913,-5.797473362359213,0.8608157121587918,3.193715713320014,214,79,0.36915887850467266,0.3679498947072501,0.3585771234329286,1,78,0.3644859813084111,0.9873417721518988,TRUE,"Lowe, Josh",2025,-3,39.5,-0.8,-0.8,0.7,-0.9,32.4,38,15,TRUE,"Lowe, Josh",Rays,2025,RF,-4,-4,-1,-1,-2,0,-1,-3,0.88,0.9,-0.02,TRUE,"Lowe, Josh",139,TB,RF,27,150,NA,4.29,28.1,TRUE,2025,TRUE,-4,-1.7429419368804109,TRUE,TRUE,TRUE,TRUE
666158,Gavin Lux,1178,0,0,TRUE,FALSE,FALSE,1178,1178,1,FALSE,LF,LF,TRUE,"Lux, Gavin",NA,10,Designated Hitter,178,0,57,8,0,113,0,0,65,113,92.9,NA,NA,NA,NA,86.9,NA,NA,NA,86.9,86.9,2025,TRUE,"Lux, Gavin",CIN,2025,-0.21839263544714024,3.0390916504963e-4,1.9093141871613368,-0.8603232122454354,-1.267383610363043,-1.9695916891916936,0.867739170449836,1.1021564279069074,121,47,0.38842975206611585,0.3996421302165682,0.3913079857809977,1,46,0.3801652892561984,0.9787234042553192,TRUE,NA,NA,NA,NA,NA,NA,NA,NA,NA,NA,NA,FALSE,NA,NA,NA,NA,NA,NA,NA,NA,NA,NA,NA,NA,NA,NA,NA,FALSE,"Lux, Gavin",113,CIN,DH,27,186,NA,4.27,27.9,TRUE,2025,TRUE,NA,3.0390916504963e-4,FALSE,TRUE,FALSE,FALSE
666160,Mickey Moniak,324,807,1530,TRUE,TRUE,TRUE,2661,1530,0.5749718151071026,FALSE,RF,Multi-position OF,FALSE,"Moniak, Mickey",NA,9,Right Fielder,372,0,0,0,0,44,110,218,0,372,97.7,NA,NA,NA,NA,NA,83.2,86.6,NA,85.1,85.1,2025,TRUE,"Moniak, Mickey",COL,2025,1.963184859362591,-4.5247540144401475,8.333442733041664,-0.8085930089168818,-5.561664864762194,-9.673588449670154,0.8252180869688369,4.3236163482611705,318,131,0.41194968553459127,0.416429772573329,0.38637298735782755,1,130,0.4088050314465409,0.9923664122137404,TRUE,"Moniak, Mickey",2025,-6,38.8,-0.8,-1,0.2,-1.6,32.6,67,26,TRUE,"Moniak, Mickey",Rockies,2025,RF,-7,-8,-1,-4,-2,-1,-4,-4,0.84,0.87,-0.03,TRUE,"Moniak, Mickey",115,COL,RF,27,139,1,4.33,28.5,TRUE,2025,TRUE,-7,-4.5247540144401475,TRUE,TRUE,TRUE,FALSE
666176,Jo Adell,0,2172,1605,FALSE,TRUE,TRUE,3777,2172,0.5750595710881652,FALSE,CF,Multi-position OF,FALSE,"Adell, Jo",NA,8,Center Fielder,446,0,0,0,0,0,261,185,0,446,92.1,NA,NA,NA,NA,NA,84.4,83.4,NA,84.2,84.2,2025,TRUE,"Adell, Jo",LAA,2025,1.3037710410639378,-1.993598499467375,7.367860637021502,-0.8110305376568339,-5.253059058300731,-7.380322122412414,0.8186757352648661,4.568047887680174,318,128,0.4025157232704406,0.4152439523235999,0.4049457467944688,1,127,0.39937106918239,0.9921875,TRUE,"Adell, Jo",2025,-9,35.5,-2.8,-1.6,0.2,-4.2,29.9,62,22,TRUE,"Adell, Jo",Angels,2025,CF,-11,-12,-6,-5,-2,0,-7,-5,0.87,0.91,-0.04,TRUE,"Adell, Jo",108,LAA,CF,26,164,NA,4.56,27.9,TRUE,2025,TRUE,-11,-1.993598499467375,TRUE,TRUE,TRUE,FALSE
666181,Will Benson,667,258,794,TRUE,TRUE,TRUE,1719,794,0.4618964514252472,FALSE,RF,Multi-position OF,FALSE,"Benson, Will",NA,9,Right Fielder,170,0,0,0,0,54,25,91,0,170,93.9,NA,NA,NA,NA,85.1,NA,87.7,NA,88.1,88.1,2025,TRUE,"Benson, Will",CIN,2025,1.2691007793617537,-1.147535815698723,4.058531196781157,-0.7706910331082365,-2.0187393843111656,-3.954558078634826,0.7687634827138187,2.038258780222282,150,55,0.3666666666666666,0.3549967532497427,0.3571265842408409,1,54,0.36000000000000004,0.9818181818181818,TRUE,"Benson, Will",2025,1,65.1,-0.6,-1.3,0,-1.9,31.8,43,28,TRUE,"Benson, Will",Reds,2025,RF,0,0,0,1,-3,1,1,-1,0.89,0.89,0,TRUE,"Benson, Will",113,CIN,RF,27,73,13,4.35,29.3,TRUE,2025,TRUE,0,-1.147535815698723,TRUE,TRUE,TRUE,FALSE
666185,Dylan Carlson,1183,300,253,TRUE,TRUE,TRUE,1736,1183,0.6814516129032258,FALSE,LF,LF,TRUE,"Carlson, Dylan",NA,7,Left Fielder,193,0,0,0,0,139,28,26,0,193,90,NA,NA,NA,NA,83.6,NA,NA,NA,83.4,83.4,2025,TRUE,"Carlson, Dylan",BAL,2025,0.0552374505948916,0.01472747703655152,3.2969302165449026,-0.8615810380887347,-2.3801117278612764,-3.451633716570069,0.8627129990097555,2.6036481945968646,178,55,0.30898876404494385,0.3237083587642157,0.3272666298345975,1,54,0.30337078651685395,0.9818181818181818,TRUE,"Carlson, Dylan",2025,-3,28.2,-0.5,-1.2,0.9,-0.7,33.1,39,11,TRUE,"Carlson, Dylan",Orioles,2025,LF,-2,-2,-1,-2,-1,1,-2,0,0.82,0.84,-0.02,TRUE,"Carlson, Dylan",110,BAL,LF,26,72,NA,4.32,27.6,TRUE,2025,TRUE,-2,0.01472747703655152,TRUE,TRUE,TRUE,TRUE
666624,Christopher Morel,1406,0,36,TRUE,FALSE,TRUE,1442,1406,0.9750346740638003,FALSE,LF,LF,TRUE,"Morel, Christopher",NA,7,Left Fielder,132,0,0,0,0,131,0,1,0,132,97.7,NA,NA,NA,NA,92.1,NA,NA,NA,92.1,92.1,2025,TRUE,"Morel, Christopher",TB,2025,2.8433741412603073,-1.3918179209059698,4.488258855658392,-0.7755320682478981,-0.869352646150187,-3.641191227330361,0.8090303131563779,1.4403429932680134,129,43,0.33333333333333326,0.25413653801532005,0.29829462768768095,1,42,0.3255813953488373,0.9767441860465116,TRUE,NA,NA,NA,NA,NA,NA,NA,NA,NA,NA,NA,FALSE,NA,NA,NA,NA,NA,NA,NA,NA,NA,NA,NA,NA,NA,NA,NA,FALSE,"Morel, Christopher",139,TB,LF,26,78,NA,4.5,28,TRUE,2025,TRUE,NA,-1.3918179209059698,FALSE,TRUE,FALSE,FALSE
666969,Adolis García,0,0,3372,FALSE,FALSE,TRUE,3372,3372,1,FALSE,RF,RF,TRUE,"García, Adolis",NA,9,Right Fielder,382,0,0,0,0,0,0,382,0,382,97.9,NA,NA,NA,NA,NA,NA,91.9,NA,91.9,91.9,2025,TRUE,"García, Adolis",TEX,2025,-0.4570227540320321,1.1197200706829331,7.111877718501926,-2.578287482496039,-4.99061299003792,-6.508955309113577,2.5656100483352366,5.063065331461274,289,88,0.304498269896194,0.3129202120533259,0.3228081236890883,3,85,0.2941176470588237,0.9659090909090908,TRUE,"García, Adolis",2025,4,51.4,0.7,0.5,0.3,1.5,35,72,37,TRUE,"García, Adolis",Rangers,2025,RF,1,1,1,3,-1,-2,2,-1,0.87,0.86,0.01,TRUE,"García, Adolis",140,TEX,RF,32,155,1,4.5,27,TRUE,2025,TRUE,1,1.1197200706829331,TRUE,TRUE,TRUE,TRUE
666971,Lourdes Gurriel Jr.,3019,0,0,TRUE,FALSE,FALSE,3019,3019,1,FALSE,LF,LF,TRUE,"Gurriel Jr., Lourdes",NA,7,Left Fielder,283,0,0,0,0,283,0,0,0,283,94.2,NA,NA,NA,NA,85.4,NA,NA,NA,85.4,85.4,2025,TRUE,"Gurriel Jr., Lourdes",AZ,2025,-0.548988399704032,0.41072361980023625,7.389059332994675,-5.2182059046429465,-2.7198418280557592,-7.421490574251136,5.243290788227146,2.588923405824227,334,125,0.37425149700598814,0.3496510576667253,0.349806690070659,6,119,0.35628742514970063,0.952,TRUE,"Gurriel Jr., Lourdes",2025,-4,42.9,-0.9,0.4,0,-0.5,33.1,49,21,TRUE,"Gurriel Jr., Lourdes",D-backs,2025,LF,-3,-4,0,0,-3,-1,-1,-2,0.87,0.89,-0.02,TRUE,"Gurriel Jr., Lourdes",109,AZ,LF,31,184,NA,4.53,27.1,TRUE,2025,TRUE,-3,0.41072361980023625,TRUE,TRUE,TRUE,TRUE
667472,Dane Myers,180,1553,525,TRUE,TRUE,TRUE,2258,1553,0.687776793622675,FALSE,CF,CF,TRUE,"Myers, Dane",NA,8,Center Fielder,291,0,0,0,0,15,214,62,0,291,102.5,NA,NA,NA,NA,NA,92.7,95.7,NA,93.6,93.6,2025,TRUE,"Myers, Dane",MIA,2025,2.8783540647196584,-0.8418758207522142,8.027681989534043,-3.2207833978983396,-1.9285445269160488,-6.497136846148764,3.3007480440520744,2.3545129813444703,234,95,0.4059829059829059,0.33103487509373253,0.3643375104998383,4,91,0.3888888888888888,0.9578947368421052,TRUE,"Myers, Dane",2025,3,55.8,0.7,1.7,-0.7,1.6,35.9,43,24,TRUE,"Myers, Dane",Marlins,2025,CF,1,2,1,-1,2,0,-1,2,0.9,0.9,0,TRUE,"Myers, Dane",146,MIA,CF,29,109,NA,4.36,28.4,TRUE,2025,TRUE,1,-0.8418758207522142,TRUE,TRUE,TRUE,TRUE
668227,Randy Arozarena,4225,0,0,TRUE,FALSE,FALSE,4225,4225,1,FALSE,LF,LF,TRUE,"Arozarena, Randy",NA,7,Left Fielder,460,0,0,0,0,460,0,0,0,460,91.1,NA,NA,NA,NA,81.7,NA,NA,NA,81.7,81.7,2025,TRUE,"Arozarena, Randy",SEA,2025,-1.0002340705701658,-2.0790715056740408,7.641630320249999,-3.5896217930812977,-5.052242597738866,-8.806510882447176,3.37073652642695,3.356702850346186,403,128,0.31761786600496295,0.32550870177552643,0.2957874592646689,4,124,0.3076923076923077,0.96875,TRUE,"Arozarena, Randy",2025,-5,41.9,-1.4,-0.9,0.3,-2,31.6,74,31,TRUE,"Arozarena, Randy",Mariners,2025,LF,-4,-5,1,-3,-3,0,-2,-3,0.87,0.89,-0.02,TRUE,"Arozarena, Randy",136,SEA,LF,30,215,2,4.39,27.7,TRUE,2025,TRUE,-4,-2.0790715056740408,TRUE,TRUE,TRUE,TRUE
668709,JJ Bleday,285,1331,528,TRUE,TRUE,TRUE,2144,1331,0.6208022388059702,FALSE,CF,CF,TRUE,"Bleday, JJ",NA,8,Center Fielder,256,0,0,0,0,33,178,45,0,256,97.3,NA,NA,NA,NA,NA,88.9,NA,NA,89.1,89.1,2025,TRUE,"Bleday, JJ",ATH,2025,-0.8093272631333704,1.0126045737285507,3.970426200355976,-0.8347435396615225,-3.9450099238278233,-3.874135894277264,0.8008338212249345,4.08590664678088,199,72,0.36180904522613067,0.3986135882865716,0.4047525997212994,1,71,0.35678391959799,0.9861111111111112,TRUE,"Bleday, JJ",2025,-5,39.7,0.1,0.3,-0.2,0.3,34.2,58,23,TRUE,"Bleday, JJ",Athletics,2025,CF,-7,-8,-2,-2,-2,-1,-5,-3,0.83,0.87,-0.04,TRUE,"Bleday, JJ",133,ATH,CF,27,99,NA,4.45,27.1,TRUE,2025,TRUE,-7,1.0126045737285507,TRUE,TRUE,TRUE,TRUE
668804,Bryan Reynolds,0,0,3012,FALSE,FALSE,TRUE,3012,3012,1,FALSE,RF,RF,TRUE,"Reynolds, Bryan",NA,9,Right Fielder,314,0,0,0,0,0,0,314,0,314,92.8,NA,NA,NA,NA,NA,NA,87,NA,87,87,2025,TRUE,"Reynolds, Bryan",PIT,2025,2.227975748884712,-2.069397318078966,6.558098511000295,-0.7728403808621787,-3.5572823812534047,-6.2599343661528755,0.7781889520587748,3.4123480960151356,266,98,0.3684210526315791,0.35877841449192877,0.3609552905603284,1,97,0.3646616541353382,0.9897959183673468,TRUE,"Reynolds, Bryan",2025,-2,39,-0.9,-0.8,0.5,-1.2,31.7,59,23,TRUE,"Reynolds, Bryan",Pirates,2025,RF,-2,-2,2,-6,0,1,0,-3,0.86,0.87,-0.01,TRUE,"Reynolds, Bryan",134,PIT,RF,30,225,NA,4.37,28.1,TRUE,2025,TRUE,-2,-2.069397318078966,TRUE,TRUE,TRUE,TRUE
668885,Austin Martin,786,228,0,TRUE,TRUE,FALSE,1014,786,0.7751479289940828,FALSE,LF,LF,TRUE,"Martin, Austin",NA,7,Left Fielder,135,0,10,0,0,98,27,0,10,125,88.4,NA,NA,NA,NA,85.5,NA,NA,NA,84.9,84.9,2025,TRUE,"Martin, Austin",MIN,2025,-0.3286709119289249,-0.01572468570430395,2.7881531637117867,-1.80453021368694,-1.312293861953771,-2.742401595709574,1.687674345816869,1.0390025641884009,120,45,0.3749999999999999,0.35907865009129414,0.3452727178191434,2,43,0.35833333333333345,0.9555555555555556,TRUE,NA,NA,NA,NA,NA,NA,NA,NA,NA,NA,NA,FALSE,NA,NA,NA,NA,NA,NA,NA,NA,NA,NA,NA,NA,NA,NA,NA,FALSE,"Martin, Austin",142,MIN,LF,26,76,1,4.41,28.3,TRUE,2025,TRUE,NA,-0.01572468570430395,FALSE,TRUE,FALSE,FALSE
669016,Brandon Marsh,1014,1833,9,TRUE,TRUE,TRUE,2856,1833,0.6418067226890757,FALSE,CF,CF,TRUE,"Marsh, Brandon",NA,8,Center Fielder,344,0,0,0,0,128,215,1,0,344,101.5,NA,NA,NA,NA,86.3,89.9,NA,NA,88.7,88.7,2025,TRUE,"Marsh, Brandon",PHI,2025,-0.25225118008805614,0.31710187701797105,5.515398518938611,-1.7676678533832582,-3.999981845643412,-5.599284255981538,1.7284716093054264,4.1879145236940865,296,95,0.32094594594594594,0.3314313805922616,0.3334071779865619,2,93,0.31418918918918914,0.9789473684210528,TRUE,"Marsh, Brandon",2025,-2,45.6,0.3,-0.7,0.5,0,34.3,68,31,TRUE,"Marsh, Brandon",Phillies,2025,CF,0,0,0,-2,3,0,-1,1,0.86,0.86,0,TRUE,"Marsh, Brandon",143,PHI,CF,27,153,1,4.38,28.3,TRUE,2025,TRUE,0,0.31710187701797105,TRUE,TRUE,TRUE,TRUE
669065,Kyle Stowers,1625,171,775,TRUE,TRUE,TRUE,2571,1625,0.632049786075457,FALSE,LF,LF,TRUE,"Stowers, Kyle",NA,7,Left Fielder,304,0,0,0,0,191,18,95,0,304,98.1,NA,NA,NA,NA,90.9,NA,90.6,NA,91,91,2025,TRUE,"Stowers, Kyle",MIA,2025,-1.381960775519638,2.0180535235053756,5.456089075928298,-3.820539439256991,-3.0175104121909455,-5.234986590428813,3.887426223461332,3.365613890472859,264,88,0.33333333333333337,0.3162190833117076,0.32695114423525684,5,83,0.3143939393939395,0.9431818181818182,TRUE,"Stowers, Kyle",2025,-2,36.7,-1,0.5,-0.4,-1,32.7,49,18,TRUE,"Stowers, Kyle",Marlins,2025,LF,-2,-3,0,0,-3,0,0,-3,0.86,0.87,-0.01,TRUE,"Stowers, Kyle",146,MIA,LF,27,143,NA,4.51,27.1,TRUE,2025,TRUE,-2,2.0180535235053756,TRUE,TRUE,TRUE,TRUE
669326,Bryce Teodosio,0,1218,0,FALSE,TRUE,FALSE,1218,1218,1,FALSE,CF,CF,TRUE,"Teodosio, Bryce",NA,8,Center Fielder,175,0,0,0,0,0,175,0,0,175,93.6,NA,NA,NA,NA,NA,88.7,NA,NA,88.7,88.7,2025,TRUE,"Teodosio, Bryce",LAA,2025,0.05746776682106111,0.24022242948825295,2.564993993544646,0,-2.5075262267235856,-2.5200171188161797,0,2.7602395483044324,117,39,0.33333333333333315,0.3652568705837708,0.3731585254621736,0,39,0.33333333333333315,1,TRUE,"Teodosio, Bryce",2025,8,71.4,2.4,1.3,0,3.7,38.6,35,25,TRUE,"Teodosio, Bryce",Angels,2025,CF,9,10,1,5,3,1,8,2,0.93,0.87,0.06,TRUE,"Teodosio, Bryce",108,LAA,CF,26,58,23,4.18,29.9,TRUE,2025,TRUE,9,0.24022242948825295,TRUE,TRUE,TRUE,TRUE
669720,Austin Hays,1522,0,0,TRUE,FALSE,FALSE,1522,1522,1,FALSE,LF,LF,TRUE,"Hays, Austin",NA,7,Left Fielder,167,0,0,0,0,167,0,0,0,167,98.7,NA,NA,NA,NA,91,NA,NA,NA,91,91,2025,TRUE,"Hays, Austin",CIN,2025,0.959216054678705,-0.4204643210044666,2.6117084434136917,0,-1.6524923887349872,-2.282715755875841,0,1.8622514348713732,144,51,0.35416666666666685,0.3706665380857972,0.3834143828654641,0,51,0.35416666666666685,1,TRUE,NA,NA,NA,NA,NA,NA,NA,NA,NA,NA,NA,FALSE,"Hays, Austin",Reds,2025,LF,1,1,1,0,1,0,1,0,0.91,0.9,0.01,TRUE,"Hays, Austin",113,CIN,LF,29,161,NA,4.39,27.6,TRUE,2025,TRUE,1,-0.4204643210044666,TRUE,TRUE,TRUE,TRUE
669743,Alex Call,808,81,1125,TRUE,TRUE,TRUE,2014,1125,0.5585898709036743,FALSE,RF,Multi-position OF,FALSE,"Call, Alex",NA,9,Right Fielder,225,0,0,0,0,71,15,139,0,225,92.6,NA,NA,NA,NA,85,NA,88.9,NA,88.7,88.7,2025,TRUE,"Call, Alex",MLB,2025,3.41052126719625,-2.7372281083705943,6.069306155508778,-0.7709122466942465,-1.8878726416182827,-5.359039682130529,0.7759210885755161,1.8458904851844211,213,84,0.39436619718309845,0.3535803646011141,0.36534249319509166,1,83,0.38967136150234755,0.988095238095238,TRUE,"Call, Alex",2025,1,52.3,0.1,1.6,-0.3,1.3,35.7,44,23,TRUE,"Call, Alex",---,2025,RF,0,0,2,-1,-2,0,-1,2,0.87,0.87,0,TRUE,"Call, Alex",119,LAD,RF,30,123,NA,4.37,27.8,TRUE,2025,TRUE,0,-2.7372281083705943,TRUE,TRUE,TRUE,FALSE
670224,Kameron Misner,87,1094,330,TRUE,TRUE,TRUE,1511,1094,0.7240238252812706,FALSE,CF,CF,TRUE,"Misner, Kameron",NA,8,Center Fielder,131,0,0,0,0,6,92,33,0,131,94.9,NA,NA,NA,NA,NA,83.1,NA,NA,89.6,89.6,2025,TRUE,"Misner, Kameron",TB,2025,-1.5308598483767082,1.6127277239481357,1.781108417472152,-0.7907306586707169,-2.521237607178143,-1.626985771651924,0.8153100735553243,2.424403422044735,116,32,0.27586206896551724,0.32769437002423707,0.32997898846903995,1,31,0.2672413793103448,0.96875,TRUE,NA,NA,NA,NA,NA,NA,NA,NA,NA,NA,NA,FALSE,"Misner, Kameron",Rays,2025,CF,3,3,1,2,0,0,2,1,0.94,0.91,0.03,TRUE,"Misner, Kameron",139,TB,CF,27,75,NA,4.36,28.3,TRUE,2025,TRUE,3,1.6127277239481357,TRUE,TRUE,TRUE,TRUE
670231,John Rave,624,212,459,TRUE,TRUE,TRUE,1295,624,0.48185328185328186,FALSE,LF,Multi-position OF,FALSE,"Rave, John",NA,7,Left Fielder,161,0,0,0,0,57,38,66,0,161,90,NA,NA,NA,NA,84.1,NA,87.2,NA,85.5,85.5,2025,TRUE,"Rave, John",KC,2025,-1.3512989553774395,0.5910231574851513,2.8428509471921277,-2.5730351686158457,-1.6211147339537213,-3.0617769092745557,2.4625342428225188,1.1902658239371884,145,50,0.34482758620689674,0.34516376009201116,0.32509165099048676,3,47,0.3241379310344826,0.94,TRUE,NA,NA,NA,NA,NA,NA,NA,NA,NA,NA,NA,FALSE,NA,NA,NA,NA,NA,NA,NA,NA,NA,NA,NA,NA,NA,NA,NA,FALSE,"Rave, John",118,KC,LF,27,57,17,4.2,28.9,TRUE,2025,TRUE,NA,0.5910231574851513,FALSE,TRUE,FALSE,FALSE
670242,Matt Wallner,0,0,1963,FALSE,FALSE,TRUE,1963,1963,1,FALSE,RF,RF,TRUE,"Wallner, Matt",NA,9,Right Fielder,231,0,0,0,0,0,0,231,0,231,100.6,NA,NA,NA,NA,NA,NA,96,NA,96,96,2025,TRUE,"Wallner, Matt",MIN,2025,1.9745264698624432,1.1556046390933497,6.589413795410915,-1.6594035697516685,-2.9554837557968057,-5.103005783966032,1.7069268075749,4.551683615484483,226,78,0.345132743362832,0.3180132678400869,0.3778402692890201,2,76,0.3362831858407077,0.97435897435897445,TRUE,"Wallner, Matt",2025,-5,21.1,-1.4,-0.8,0.4,-1.9,30.9,38,8,TRUE,"Wallner, Matt",Twins,2025,RF,-3,-4,0,-4,0,0,0,-4,0.82,0.84,-0.02,TRUE,"Wallner, Matt",142,MIN,RF,27,96,NA,4.44,26.8,TRUE,2025,TRUE,-3,1.1556046390933497,TRUE,TRUE,TRUE,TRUE
670770,TJ Friedl,0,3885,0,FALSE,TRUE,FALSE,3885,3885,1,FALSE,CF,CF,TRUE,"Friedl, TJ",NA,8,Center Fielder,415,0,0,0,0,0,415,0,0,415,90.2,NA,NA,NA,NA,NA,83.1,NA,NA,83.1,83.1,2025,TRUE,"Friedl, TJ",CIN,2025,0.0947486325509444,-1.125652275116681,5.977823021599623,-0.8438201096753304,-5.03925427937335,-6.719644054743042,0.8854516432028123,4.708540136423548,290,113,0.38965517241379305,0.4101620582701326,0.3971584630256236,1,112,0.386206896551724,0.991150442477876,TRUE,"Friedl, TJ",2025,-1,45.7,-1,0,-0.2,-1.3,33,70,32,TRUE,"Friedl, TJ",Reds,2025,CF,1,1,0,-1,1,1,0,1,0.9,0.9,0,TRUE,"Friedl, TJ",113,CIN,CF,29,231,NA,4.42,26.7,TRUE,2025,TRUE,1,-1.125652275116681,TRUE,TRUE,TRUE,TRUE
671218,Heliot Ramos,3998,0,0,TRUE,FALSE,FALSE,3998,3998,1,FALSE,LF,LF,TRUE,"Ramos, Heliot",NA,7,Left Fielder,504,0,0,0,0,504,0,0,0,504,93,NA,NA,NA,NA,85.8,NA,NA,NA,85.8,85.8,2025,TRUE,"Ramos, Heliot",SF,2025,1.927091451448056,-2.852264117949154,8.894412614597005,-2.355005199680833,-4.612315963468118,-9.35931521844305,2.325238729336945,4.181812371156953,421,144,0.3420427553444181,0.334597977292294,0.3274709393722135,3,141,0.3349168646080761,0.9791666666666666,TRUE,"Ramos, Heliot",2025,-7,34.2,-0.4,0,-0.4,-0.9,32.7,76,26,TRUE,"Ramos, Heliot",Giants,2025,LF,-8,-9,-3,-4,-2,0,-4,-5,0.83,0.86,-0.03,TRUE,"Ramos, Heliot",137,SF,LF,25,234,NA,4.44,27.5,TRUE,2025,TRUE,-8,-2.852264117949154,TRUE,TRUE,TRUE,TRUE
671221,Drew Waters,695,440,391,TRUE,TRUE,TRUE,1526,695,0.45543905635648757,FALSE,LF,Multi-position OF,FALSE,"Waters, Drew",NA,7,Left Fielder,183,0,0,0,0,87,54,42,0,183,92.1,NA,NA,NA,NA,87.4,85.5,NA,NA,87.3,87.3,2025,TRUE,"Waters, Drew",KC,2025,1.9099116348779783,-1.6674837935026807,4.524560292274987,-0.7607963397167947,-1.8538523176802129,-4.32130748478261,0.7853980753315752,1.8684256159483523,172,55,0.319767441860465,0.2812894876201628,0.28955806511831417,1,54,0.3139534883720932,0.9818181818181818,TRUE,NA,NA,NA,NA,NA,NA,NA,NA,NA,NA,NA,FALSE,"Waters, Drew",Royals,2025,LF,-1,-1,1,0,-1,-1,1,-2,0.86,0.86,0,TRUE,"Waters, Drew",118,KC,LF,26,79,NA,4.35,27.6,TRUE,2025,TRUE,-1,-1.6674837935026807,TRUE,TRUE,TRUE,FALSE
671289,Tyler Freeman,3,0,1525,TRUE,FALSE,TRUE,1528,1525,0.9980366492146597,FALSE,RF,RF,TRUE,"Freeman, Tyler",NA,9,Right Fielder,232,0,52,0,0,0,0,180,52,180,101.1,NA,NA,NA,NA,NA,NA,92.3,NA,92.3,92.3,2025,TRUE,"Freeman, Tyler",COL,2025,0.6376220715547195,0.37899715749436674,4.2149187901176015,-0.7881310182244077,-2.7891657003384744,-3.653722284492807,0.7984841271839351,3.234235314803237,178,62,0.3483146067415732,0.35166476668993085,0.3727447972260513,1,61,0.3426966292134832,0.9838709677419356,TRUE,NA,NA,NA,NA,NA,NA,NA,NA,NA,NA,NA,FALSE,"Freeman, Tyler",Rockies,2025,RF,-7,-8,-3,-2,-2,0,-5,-2,0.81,0.87,-0.06,TRUE,"Freeman, Tyler",115,COL,RF,26,201,1,4.43,28.5,TRUE,2025,TRUE,-7,0.37899715749436674,TRUE,TRUE,TRUE,TRUE
671732,Lawrence Butler,0,1366,2343,FALSE,TRUE,TRUE,3709,2343,0.6317066594769479,FALSE,RF,RF,TRUE,"Butler, Lawrence",NA,9,Right Fielder,378,0,0,0,0,0,152,226,0,378,94.8,NA,NA,NA,NA,NA,85.2,86.9,NA,86.4,86.4,2025,TRUE,"Butler, Lawrence",ATH,2025,1.1652599478121513,-1.902911308551653,5.650432979258048,-0.8164655208046085,-3.668707510641288,-6.349532898395207,0.7904286914154293,3.656192898428125,287,104,0.36236933797909415,0.3700217368264631,0.3644786083294362,1,103,0.3588850174216029,0.9903846153846154,TRUE,"Butler, Lawrence",2025,2,49.2,-0.3,-0.9,0.2,-0.9,33.6,65,32,TRUE,"Butler, Lawrence",Athletics,2025,RF,4,4,2,1,3,-1,3,1,0.91,0.9,0.01,TRUE,"Butler, Lawrence",133,ATH,RF,24,212,1,4.46,26.9,TRUE,2025,TRUE,4,-1.902911308551653,TRUE,TRUE,TRUE,TRUE
671739,Michael Harris II,0,4191,0,FALSE,TRUE,FALSE,4191,4191,1,FALSE,CF,CF,TRUE,"Harris II, Michael",NA,8,Center Fielder,512,0,0,0,0,0,512,0,0,512,98.5,NA,NA,NA,NA,NA,88.6,NA,NA,88.6,88.6,2025,TRUE,"Harris II, Michael",ATL,2025,2.2990917098383568,-0.9876726709145612,7.346046405699344,0,-5.046954695860985,-6.3889157903236455,0,5.401243119409086,351,127,0.3618233618233617,0.37303118391939366,0.3890925458341925,0,127,0.3618233618233617,1,TRUE,"Harris II, Michael",2025,6,61.8,0.6,0.1,0,0.7,35.1,89,55,TRUE,"Harris II, Michael",Braves,2025,CF,7,8,-1,5,3,1,5,3,0.92,0.9,0.02,TRUE,"Harris II, Michael",144,ATL,CF,24,251,10,4.28,28.5,TRUE,2025,TRUE,7,-0.9876726709145612,TRUE,TRUE,TRUE,TRUE
672016,Denzel Clarke,0,1151,0,FALSE,TRUE,FALSE,1151,1151,1,FALSE,CF,CF,TRUE,"Clarke, Denzel",NA,8,Center Fielder,171,0,0,0,0,0,171,0,0,171,94.8,NA,NA,NA,NA,NA,86.4,NA,NA,86.4,86.4,2025,TRUE,"Clarke, Denzel",ATH,2025,0.17672406079647784,-0.4975823975302214,2.676503135719673,-0.7699460682927879,-1.7298330066304064,-2.778492435484257,0.7792450840916266,1.5016649538624092,119,50,0.4201680672268906,0.41694265742207454,0.4065985959146211,1,49,0.411764705882353,0.98,TRUE,"Clarke, Denzel",2025,11,73.3,2.1,-0.3,0.8,2.6,37,45,33,TRUE,"Clarke, Denzel",Athletics,2025,CF,12,13,1,8,3,1,11,2,0.93,0.86,0.07,TRUE,"Clarke, Denzel",133,ATH,CF,25,57,16,4.23,29.5,TRUE,2025,TRUE,12,-0.4975823975302214,TRUE,TRUE,TRUE,TRUE
672744,Alexander Canario,600,551,412,TRUE,TRUE,TRUE,1563,600,0.3838771593090211,FALSE,LF,Multi-position OF,FALSE,"Canario, Alexander",NA,7,Left Fielder,198,0,0,0,0,63,74,61,0,198,96.7,NA,NA,NA,NA,87.3,90.9,92.1,NA,91,91,2025,TRUE,"Canario, Alexander",PIT,2025,-1.6909199280917728,2.2494187341365737,3.904941274924549,-2.516756915752392,-3.0791042872639327,-3.719718798343668,2.512711017151505,3.4564265153287383,152,51,0.3355263157894737,0.35222002401734404,0.3656617386212492,3,48,0.31578947368421056,0.9411764705882352,TRUE,"Canario, Alexander",2025,0,44.1,-0.4,0,0.2,-0.2,34.3,34,15,TRUE,"Canario, Alexander",Pirates,2025,LF,-2,-2,0,0,-1,0,-2,0,0.86,0.87,-0.01,TRUE,"Canario, Alexander",134,PIT,LF,25,75,1,4.56,28.1,TRUE,2025,TRUE,-2,2.2494187341365737,TRUE,TRUE,TRUE,FALSE
672761,Wenceel Pérez,27,549,1876,TRUE,TRUE,TRUE,2452,1876,0.765089722675367,FALSE,RF,RF,TRUE,"Pérez, Wenceel",NA,9,Right Fielder,227,0,0,0,0,3,47,177,0,227,97.9,NA,NA,NA,NA,NA,NA,88.9,NA,88.6,88.6,2025,TRUE,"Pérez, Wenceel",DET,2025,-2.2234057875469335,0.874762636324407,4.898678168975189,-3.3674558486582864,-3.754628107863836,-5.575168496201969,3.3286268731326665,3.121304259393706,263,106,0.4030418250950568,0.4141606604753066,0.3925609345702814,4,102,0.3878326996197722,0.9622641509433962,TRUE,"Pérez, Wenceel",2025,2,48.8,0.7,0.2,0.2,1,34.4,43,21,TRUE,"Pérez, Wenceel",Tigers,2025,RF,2,2,1,-1,1,1,0,2,0.88,0.87,0.01,TRUE,"Pérez, Wenceel",116,DET,RF,25,128,1,4.33,27.8,TRUE,2025,TRUE,2,0.874762636324407,TRUE,TRUE,TRUE,TRUE
673357,Luis Robert Jr.,0,2597,0,FALSE,TRUE,FALSE,2597,2597,1,FALSE,CF,CF,TRUE,"Robert Jr., Luis",NA,8,Center Fielder,347,0,0,0,0,0,347,0,0,347,91.5,NA,NA,NA,NA,NA,84.7,NA,NA,84.7,84.7,2025,TRUE,"Robert Jr., Luis",CWS,2025,-0.9260281598908732,0.6909152403243717,5.194390858342622,-1.6276256556474225,-4.492793362586073,-4.813216484446066,1.5972191163843488,3.906912608386089,229,90,0.3930131004366813,0.4137842446500218,0.4069726964046052,2,88,0.3842794759825328,0.9777777777777776,TRUE,"Robert Jr., Luis",2025,6,66.7,0.4,-0.5,0.3,0.3,35.2,48,32,TRUE,"Robert Jr., Luis",White Sox,2025,CF,6,7,0,5,3,-1,5,2,0.94,0.92,0.02,TRUE,"Robert Jr., Luis",145,CWS,CF,27,119,24,4.36,29,TRUE,2025,TRUE,6,0.6909152403243717,TRUE,TRUE,TRUE,TRUE
673548,Seiya Suzuki,371,27,846,TRUE,TRUE,TRUE,1244,846,0.680064308681672,FALSE,RF,RF,TRUE,"Suzuki, Seiya",NA,10,Designated Hitter,148,0,0,0,0,62,3,83,0,148,97.6,NA,NA,NA,NA,92,NA,88.5,NA,90.5,90.5,2025,TRUE,"Suzuki, Seiya",CHC,2025,1.046773565067081,-0.6890459802663226,2.9687727850648526,-0.7860127574414347,-1.1359864625563358,-2.5618252136551827,0.7761027703311254,1.096676463057734,119,39,0.32773109243697474,0.3006647776490899,0.30674613198810735,1,38,0.31932773109243695,0.97435897435897445,TRUE,NA,NA,NA,NA,NA,NA,NA,NA,NA,NA,NA,FALSE,"Suzuki, Seiya",Cubs,2025,RF,0,0,0,2,-2,1,-1,1,0.89,0.89,0,TRUE,"Suzuki, Seiya",112,CHC,DH,30,185,2,4.35,28.4,TRUE,2025,TRUE,0,-0.6890459802663226,TRUE,TRUE,TRUE,TRUE
676475,Alec Burleson,981,0,783,TRUE,FALSE,TRUE,1764,981,0.5561224489795918,FALSE,LF,Multi-position OF,FALSE,"Burleson, Alec",NA,7,Left Fielder,317,168,0,0,0,84,0,65,0,149,91.8,71.5,NA,NA,NA,87.8,NA,87.7,NA,87.9,87.9,2025,TRUE,"Burleson, Alec",STL,2025,2.466903947737081,-1.980615923782456,4.3852936583248825,0,-1.9183897105878025,-3.923998563947954,0,1.9433826401654983,167,60,0.35928143712574867,0.33605745111058,0.3453077074685105,0,60,0.35928143712574867,1,TRUE,NA,NA,NA,NA,NA,NA,NA,NA,NA,NA,NA,FALSE,"Burleson, Alec",Cardinals,2025,LF,-3,-4,0,-1,-1,-1,-2,-2,0.87,0.89,-0.02,TRUE,"Burleson, Alec",138,STL,LF,26,176,NA,4.5,25.5,TRUE,2025,TRUE,-3,-1.980615923782456,TRUE,TRUE,TRUE,FALSE
676694,Jake Meyers,0,2532,0,FALSE,TRUE,FALSE,2532,2532,1,FALSE,CF,CF,TRUE,"Meyers, Jake",NA,8,Center Fielder,202,0,0,0,0,0,202,0,0,202,88,NA,NA,NA,NA,NA,78.2,NA,NA,78.2,78.2,2025,TRUE,"Meyers, Jake",HOU,2025,0.1711769604735151,-0.8234849465069446,2.655320460078789,0,-2.484143499605275,-2.952532503694331,0,2.129047557187385,167,55,0.32934131736526956,0.3648831192630811,0.34527682481513133,0,55,0.32934131736526956,1,TRUE,"Meyers, Jake",2025,8,67.8,0.3,-0.1,0.5,0.7,35.4,59,40,TRUE,"Meyers, Jake",Astros,2025,CF,8,9,1,5,3,0,5,5,0.92,0.88,0.04,TRUE,"Meyers, Jake",117,HOU,CF,29,160,NA,4.41,28.2,TRUE,2025,TRUE,8,-0.8234849465069446,TRUE,TRUE,TRUE,TRUE
677594,Julio Rodríguez,0,4219,0,FALSE,TRUE,FALSE,4219,4219,1,FALSE,CF,CF,TRUE,"Rodríguez, Julio",NA,8,Center Fielder,498,0,0,0,0,0,498,0,0,498,100.6,NA,NA,NA,NA,NA,92.6,NA,NA,92.6,92.6,2025,TRUE,"Rodríguez, Julio",SEA,2025,0.7414813734534975,0.8319043325567982,7.854938903476074,-2.4533508075761032,-4.660106722446475,-6.989055844820703,2.487320693857227,5.333639483520275,340,117,0.3441176470588236,0.3363808701450076,0.3543949876848988,3,114,0.33529411764705885,0.97435897435897445,TRUE,"Rodríguez, Julio",2025,6,63.6,0.9,-1.3,0.7,0.3,35,88,56,TRUE,"Rodríguez, Julio",Mariners,2025,CF,10,11,0,4,5,1,1,10,0.93,0.91,0.02,TRUE,"Rodríguez, Julio",136,SEA,CF,24,262,56,4.29,29.2,TRUE,2025,TRUE,10,0.8319043325567982,TRUE,TRUE,TRUE,TRUE
677800,Wilyer Abreu,0,0,2542,FALSE,FALSE,TRUE,2542,2542,1,FALSE,RF,RF,TRUE,"Abreu, Wilyer",NA,9,Right Fielder,264,0,0,0,0,0,0,264,0,264,99.3,NA,NA,NA,NA,NA,NA,94.2,NA,94.2,94.2,2025,TRUE,"Abreu, Wilyer",BOS,2025,0.4061615370928691,1.4368238353644978,4.371244297544388,-1.655013091407663,-2.310069669043854,-3.5801874582124538,1.7294492972461404,3.28756199633081,195,59,0.30256410256410243,0.2908092975045781,0.327602079751734,2,57,0.2923076923076924,0.9661016949152542,TRUE,"Abreu, Wilyer",2025,7,60.9,0.9,0.9,-0.1,1.7,35.6,64,39,TRUE,"Abreu, Wilyer",Red Sox,2025,RF,7,8,3,6,-3,2,8,0,0.89,0.86,0.03,TRUE,"Abreu, Wilyer",111,BOS,RF,26,99,1,4.34,27.6,TRUE,2025,TRUE,7,1.4368238353644978,TRUE,TRUE,TRUE,TRUE
677950,Alek Thomas,0,3241,0,FALSE,TRUE,FALSE,3241,3241,1,FALSE,CF,CF,TRUE,"Thomas, Alek",NA,8,Center Fielder,438,0,0,0,0,0,438,0,0,438,90,NA,NA,NA,NA,NA,83.1,NA,NA,83.1,83.1,2025,TRUE,"Thomas, Alek",AZ,2025,-1.185531828907263,0.02656015185094707,6.8706150811641535,-1.8270766543770696,-6.229070255694353,-7.021319486252622,1.7835332865072846,5.26434635159629,300,127,0.42333333333333334,0.44957565071789973,0.4345226468157458,2,125,0.41666666666666674,0.984251968503937,TRUE,"Thomas, Alek",2025,-2,46.1,-0.2,1.2,-1.5,-0.5,33.6,89,41,TRUE,"Thomas, Alek",D-backs,2025,CF,0,0,0,0,2,-1,0,0,0.86,0.87,-0.01,TRUE,"Thomas, Alek",109,AZ,CF,25,207,NA,4.24,28.3,TRUE,2025,TRUE,0,0.02656015185094707,TRUE,TRUE,TRUE,TRUE
678882,Ceddanne Rafaela,0,3502,0,FALSE,TRUE,FALSE,3502,3502,1,FALSE,CF,CF,TRUE,"Rafaela, Ceddanne",NA,8,Center Fielder,504,0,79,0,0,0,425,0,79,425,98.7,NA,78.5,NA,NA,NA,93.4,NA,78.5,93.4,93.4,2025,TRUE,"Rafaela, Ceddanne",BOS,2025,-0.6004067465668729,2.2587024372292106,7.556440593472084,-4.209611934739255,-3.947235405299708,-6.452309666003996,4.277087150793939,4.433924952439267,316,113,0.35759493670886083,0.3398801662786787,0.36025651249418406,5,108,0.3417721518987344,0.9557522123893806,TRUE,"Rafaela, Ceddanne",2025,19,72.4,2.7,3.4,-1,5.1,39.6,76,55,TRUE,"Rafaela, Ceddanne",Red Sox,2025,CF,19,21,4,6,9,1,15,6,0.93,0.87,0.06,TRUE,"Rafaela, Ceddanne",111,BOS,CF,24,248,18,4.19,29.1,TRUE,2025,TRUE,19,2.2587024372292106,TRUE,TRUE,TRUE,TRUE
680718,Addison Barger,0,0,1239,FALSE,FALSE,TRUE,1239,1239,1,FALSE,RF,RF,TRUE,"Barger, Addison",NA,5,Third Baseman,268,0,0,136,0,0,0,132,136,132,98.8,NA,NA,91.6,NA,NA,NA,96.5,91.6,96.5,96.5,2025,TRUE,"Barger, Addison",TOR,2025,-1.913135580171434,3.94320411359214,3.731893514376301,-3.947867843435672,-1.697161251112063,-2.3471960818105155,4.1478744359852175,2.1425257594174374,118,45,0.3813559322033899,0.32889388235973954,0.3873975528662593,5,40,0.3389830508474575,0.8888888888888888,TRUE,NA,NA,NA,NA,NA,NA,NA,NA,NA,NA,NA,FALSE,"Barger, Addison",Blue Jays,2025,3B,-2,-2,1,1,-5,1,-3,1,0.87,0.88,-0.01,TRUE,"Barger, Addison",141,TOR,3B,25,190,NA,4.33,27.7,TRUE,2025,TRUE,-2,3.94320411359214,TRUE,TRUE,TRUE,TRUE
680757,Steven Kwan,3984,3,0,TRUE,TRUE,FALSE,3987,3984,0.999247554552295,FALSE,LF,LF,TRUE,"Kwan, Steven",NA,7,Left Fielder,379,0,0,0,0,378,1,0,0,379,96.4,NA,NA,NA,NA,86.8,NA,NA,NA,86.9,86.9,2025,TRUE,"Kwan, Steven",CLE,2025,-8.431626861438154,6.790884884520767,6.820292891578397,-9.75782440094402,-5.494095352072536,-7.16497476923749,9.39449880633083,4.561360847427427,371,121,0.326145552560647,0.34224316353712797,0.32554127854422615,11,110,0.2964959568733155,0.9090909090909092,TRUE,"Kwan, Steven",2025,5,56.3,0.7,-0.8,0.6,0.5,34.3,71,40,TRUE,"Kwan, Steven",Guardians,2025,LF,5,5,1,4,-4,4,2,4,0.9,0.89,0.01,TRUE,"Kwan, Steven",114,CLE,LF,27,272,2,4.28,27.3,TRUE,2025,TRUE,5,6.790884884520767,TRUE,TRUE,TRUE,TRUE
680776,Jarren Duran,3447,582,9,TRUE,TRUE,TRUE,4038,3447,0.8536404160475483,FALSE,LF,LF,TRUE,"Duran, Jarren",NA,7,Left Fielder,497,0,0,0,0,429,68,0,0,497,92.6,NA,NA,NA,NA,87.7,85.9,NA,NA,87.4,87.4,2025,TRUE,"Duran, Jarren",BOS,2025,-4.846909821972993,3.64684485830116,8.383149016810401,-6.826501112264209,-6.403557726519186,-8.5328109935679,6.789273481937674,5.390382369931392,434,141,0.32488479262672826,0.336229742640162,0.3250291859762141,8,133,0.30645161290322587,0.9432624113475178,TRUE,"Duran, Jarren",2025,1,51.7,0.4,0.9,-0.5,0.8,33.4,89,46,TRUE,"Duran, Jarren",Red Sox,2025,LF,-3,-4,-4,3,-1,-1,0,-3,0.85,0.86,-0.01,TRUE,"Duran, Jarren",111,BOS,LF,28,291,13,4.2,29.1,TRUE,2025,TRUE,-3,3.64684485830116,TRUE,TRUE,TRUE,TRUE
681297,Colton Cowser,1083,1196,21,TRUE,TRUE,TRUE,2300,1196,0.52,FALSE,CF,Multi-position OF,FALSE,"Cowser, Colton",NA,8,Center Fielder,234,0,0,0,0,98,136,0,0,234,103.3,NA,NA,NA,NA,93.5,91.2,NA,NA,92.2,92.2,2025,TRUE,"Cowser, Colton",BAL,2025,-0.12853687002006203,1.1786261677806569,4.370909064129548,-1.7326165855939548,-2.766829348555655,-3.385553115974015,1.7587194687032,2.805459815051473,195,67,0.3435897435897436,0.3476080575076921,0.362414096934448,2,65,0.3333333333333334,0.9701492537313432,TRUE,"Cowser, Colton",2025,-2,43.2,-0.8,-0.3,-0.5,-1.6,33.3,44,19,TRUE,"Cowser, Colton",Orioles,2025,CF,0,0,0,1,-1,1,1,0,0.89,0.89,0,TRUE,"Cowser, Colton",110,BAL,CF,25,91,NA,4.33,27.4,TRUE,2025,TRUE,0,1.1786261677806569,TRUE,TRUE,TRUE,FALSE
681460,Brooks Baldwin,775,527,352,TRUE,TRUE,TRUE,1654,775,0.46856106408706166,FALSE,LF,Multi-position OF,FALSE,"Baldwin, Brooks",NA,7,Left Fielder,244,0,27,30,23,86,47,31,80,164,89,NA,NA,NA,NA,85.9,NA,NA,82.4,85,85,2025,TRUE,"Baldwin, Brooks",CWS,2025,0.927479359452756,-1.294256507001798,3.066950109760187,-0.9236655326193218,-1.2158052176881096,-3.112963404807852,0.7937923561751901,1.0249145416308645,143,50,0.34965034965034963,0.3291719576198918,0.3175153872350737,1,49,0.3426573426573426,0.98,TRUE,"Baldwin, Brooks",2025,-2,44.4,-1.4,0.6,-0.1,-1,32.5,36,16,TRUE,"Baldwin, Brooks",White Sox,2025,LF,-5,-5,0,0,-4,-1,-3,-2,0.84,0.87,-0.03,TRUE,"Baldwin, Brooks",145,CWS,LF,24,102,5,4.35,28.6,TRUE,2025,TRUE,-5,-1.294256507001798,TRUE,TRUE,TRUE,FALSE
681481,Kerry Carpenter,564,0,1241,TRUE,FALSE,TRUE,1805,1241,0.6875346260387811,FALSE,RF,RF,TRUE,"Carpenter, Kerry",NA,9,Right Fielder,188,0,0,0,0,58,0,130,0,188,90.6,NA,NA,NA,NA,84.4,NA,88,NA,87.5,87.5,2025,TRUE,"Carpenter, Kerry",DET,2025,0.481706268543423,-0.5665430102449543,4.359272678872213,-1.705258170452744,-2.172308239876046,-4.3961940598459694,1.703729071521752,2.125921978079262,175,55,0.3142857142857143,0.2970001845359121,0.2965824407077077,2,53,0.3028571428571429,0.9636363636363636,TRUE,NA,NA,NA,NA,NA,NA,NA,NA,NA,NA,NA,FALSE,"Carpenter, Kerry",Tigers,2025,RF,-2,-3,0,-3,0,0,-4,1,0.89,0.9,-0.01,TRUE,"Carpenter, Kerry",116,DET,RF,27,146,NA,4.47,27.1,TRUE,2025,TRUE,-2,-0.5665430102449543,TRUE,TRUE,TRUE,TRUE
681624,Andy Pages,459,2919,729,TRUE,TRUE,TRUE,4107,2919,0.7107377647918188,FALSE,CF,CF,TRUE,"Pages, Andy",NA,8,Center Fielder,428,0,0,0,0,43,304,81,0,428,99.7,NA,NA,NA,NA,NA,93.5,96.4,NA,94.4,94.4,2025,TRUE,"Pages, Andy",LAD,2025,-0.8585398180567306,3.0784142474100085,6.95653461134428,-3.1448916560026907,-4.670182773398319,-5.7395456165819425,3.289999572660144,5.527960291331807,346,120,0.34682080924855474,0.34902102493440607,0.3763008857745329,4,116,0.33526011560693625,0.9666666666666668,TRUE,"Pages, Andy",2025,7,59,1.4,0.8,-0.1,2.1,36.2,83,49,TRUE,"Pages, Andy",Dodgers,2025,CF,10,11,2,4,5,0,8,3,0.92,0.89,0.03,TRUE,"Pages, Andy",119,LAD,CF,24,206,NA,4.4,28.1,TRUE,2025,TRUE,10,3.0784142474100085,TRUE,TRUE,TRUE,TRUE
682622,Noelvi Marte,0,24,1312,FALSE,TRUE,TRUE,1336,1312,0.9820359281437125,FALSE,RF,RF,TRUE,"Marte, Noelvi",NA,9,Right Fielder,189,0,0,61,0,0,2,126,61,128,94.5,NA,NA,NA,NA,NA,NA,92,NA,92.1,92.1,2025,TRUE,"Marte, Noelvi",CIN,2025,-0.5019181590126136,0.9944570487786196,3.14792786980964,-1.6989969372840972,-1.9508490915381556,-2.896113841427619,1.73247100130656,2.1580998888996774,135,43,0.31851851851851853,0.3189788018686965,0.33832637982375807,2,41,0.30370370370370364,0.9534883720930232,TRUE,NA,NA,NA,NA,NA,NA,NA,NA,NA,NA,NA,FALSE,NA,NA,NA,NA,NA,NA,NA,NA,NA,NA,NA,NA,NA,NA,NA,FALSE,"Marte, Noelvi",113,CIN,RF,23,136,8,4.36,29,TRUE,2025,TRUE,NA,0.9944570487786196,FALSE,TRUE,FALSE,FALSE
682641,Luis Matos,216,198,768,TRUE,TRUE,TRUE,1182,768,0.649746192893401,FALSE,RF,RF,TRUE,"Matos, Luis",NA,9,Right Fielder,134,0,0,0,0,28,22,84,0,134,100.6,NA,NA,NA,NA,NA,NA,91.2,NA,92.6,92.6,2025,TRUE,"Matos, Luis",SF,2025,1.2943120366301346,-0.535526893459448,3.0275022870472337,0,-1.7331902504170988,-2.726500017798572,0,2.1909731243391235,129,44,0.3410852713178294,0.33997207453945427,0.3646353475986518,0,44,0.3410852713178294,1,TRUE,NA,NA,NA,NA,NA,NA,NA,NA,NA,NA,NA,FALSE,NA,NA,NA,NA,NA,NA,NA,NA,NA,NA,NA,NA,NA,NA,NA,FALSE,"Matos, Luis",137,SF,RF,23,83,NA,4.44,27.4,TRUE,2025,TRUE,NA,-0.535526893459448,FALSE,TRUE,FALSE,FALSE
682657,Angel Martínez,6,2439,36,TRUE,TRUE,TRUE,2481,2439,0.9830713422007256,FALSE,CF,CF,TRUE,"Martínez, Angel",NA,8,Center Fielder,336,0,123,0,0,0,212,1,123,213,98.7,NA,83.9,NA,NA,NA,93.3,NA,83.9,93.3,93.3,2025,TRUE,"Martínez, Angel",CLE,2025,0.4571094623487349,0.4419789022372485,5.688842590060358,-2.272751460604586,-2.958981667107041,-4.988355868295323,2.2827861155277445,3.147548655004827,197,70,0.3553299492385786,0.324025085829823,0.3443427520764898,3,67,0.34010152284263967,0.9571428571428572,TRUE,"Martínez, Angel",2025,-3,43.6,-0.8,-0.7,0.4,-1,33.4,39,17,TRUE,"Martínez, Angel",Guardians,2025,CF,-5,-5,-3,0,-1,-1,-2,-3,0.89,0.91,-0.02,TRUE,"Martínez, Angel",114,CLE,CF,23,168,NA,4.37,27.7,TRUE,2025,TRUE,-5,0.4419789022372485,TRUE,TRUE,TRUE,TRUE
682985,Riley Greene,3091,324,24,TRUE,TRUE,TRUE,3439,3091,0.8988077929630707,FALSE,LF,LF,TRUE,"Greene, Riley",NA,7,Left Fielder,352,0,0,0,0,310,40,2,0,352,92.8,NA,NA,NA,NA,83.9,NA,NA,NA,83.8,83.8,2025,TRUE,"Greene, Riley",DET,2025,1.5921117013664383,-3.710555132428767,7.3815678240084575,-0.7552230522879688,-5.034233070354055,-8.28455315413031,0.7619288699383809,3.812069151763162,343,122,0.35568513119533535,0.36312697692721496,0.33806554163929226,1,121,0.35276967930029157,0.9918032786885246,TRUE,"Greene, Riley",2025,2,51.5,0,0.8,-0.3,0.5,34.6,68,35,TRUE,"Greene, Riley",Tigers,2025,LF,1,1,2,2,-4,1,1,0,0.89,0.89,0,TRUE,"Greene, Riley",116,DET,LF,24,201,NA,4.53,26.7,TRUE,2025,TRUE,1,-3.710555132428767,TRUE,TRUE,TRUE,TRUE
682998,Corbin Carroll,0,87,3568,FALSE,TRUE,TRUE,3655,3568,0.9761969904240766,FALSE,RF,RF,TRUE,"Carroll, Corbin",NA,9,Right Fielder,424,0,0,0,0,0,13,411,0,424,95.6,NA,NA,NA,NA,NA,NA,86.2,NA,86.1,86.1,2025,TRUE,"Carroll, Corbin",AZ,2025,0.6198173663340809,-2.626904589820516,10.180411346958438,-4.1992593180729925,-5.3613346625513625,-10.76120657053952,3.963992358848292,4.170309621870709,369,148,0.4010840108401086,0.3870893799886448,0.3654624253334551,5,143,0.3875338753387532,0.9662162162162162,TRUE,"Carroll, Corbin",2025,9,64,0.5,1.7,-1.3,1,34.9,75,48,TRUE,"Carroll, Corbin",D-backs,2025,RF,9,10,3,3,3,1,6,4,0.91,0.88,0.03,TRUE,"Carroll, Corbin",109,AZ,RF,24,214,63,4.13,29.8,TRUE,2025,TRUE,9,-2.626904589820516,TRUE,TRUE,TRUE,TRUE
686217,Sal Frelick,0,213,3351,FALSE,TRUE,TRUE,3564,3351,0.9402356902356902,FALSE,RF,RF,TRUE,"Frelick, Sal",NA,9,Right Fielder,414,0,0,1,0,0,26,387,1,413,93.9,NA,NA,NA,NA,NA,NA,86.5,NA,86.7,86.7,2025,TRUE,"Frelick, Sal",MIL,2025,-1.543854759614442,1.120727573310276,6.909992925249739,-3.4062795833861355,-5.047568101478047,-7.149725868072545,3.30294504818065,4.967508393202171,278,109,0.3920863309352521,0.3962699703256071,0.3920628444461041,4,105,0.37769784172661874,0.963302752293578,TRUE,"Frelick, Sal",2025,5,58.5,0.5,0.1,-0.1,0.5,35.1,65,38,TRUE,"Frelick, Sal",Brewers,2025,RF,6,7,3,2,1,1,5,2,0.91,0.89,0.02,TRUE,"Frelick, Sal",158,MIL,RF,25,267,38,4.18,28.9,TRUE,2025,TRUE,6,1.120727573310276,TRUE,TRUE,TRUE,TRUE
686527,Dominic Canzone,0,0,1618,FALSE,FALSE,TRUE,1618,1618,1,FALSE,RF,RF,TRUE,"Canzone, Dominic",NA,9,Right Fielder,182,0,0,0,0,0,0,182,0,182,98.4,NA,NA,NA,NA,NA,NA,91.3,NA,91.3,91.3,2025,TRUE,"Canzone, Dominic",SEA,2025,2.583183048106801,-2.1685577148189843,5.252784881388766,-0.8080684733583046,-1.8615333599236592,-4.885011983791997,0.843949427164131,1.8725048418088823,154,58,0.3766233766233765,0.3290837536174759,0.3391808949344531,1,57,0.37012987012987,0.9827586206896552,TRUE,NA,NA,NA,NA,NA,NA,NA,NA,NA,NA,NA,FALSE,"Canzone, Dominic",Mariners,2025,RF,-2,-2,0,-2,0,0,-1,-2,0.85,0.87,-0.02,TRUE,"Canzone, Dominic",136,SEA,RF,27,89,NA,4.45,26.5,TRUE,2025,TRUE,-2,-2.1685577148189843,TRUE,TRUE,TRUE,TRUE
686555,Isaac Collins,2458,0,172,TRUE,FALSE,TRUE,2630,2458,0.9346007604562737,FALSE,LF,LF,TRUE,"Collins, Isaac",NA,7,Left Fielder,256,0,2,0,0,242,0,12,2,254,91.7,NA,NA,NA,NA,85.1,NA,NA,NA,85,85,2025,TRUE,"Collins, Isaac",MIL,2025,0.6372412160366128,-2.3026726170174268,5.669487751434842,-0.8326830887431514,-4.199563446655081,-6.426352520830905,0.8135167361685312,3.3101631676449483,232,78,0.3362068965517242,0.3486141500003086,0.3191789983345703,1,77,0.33189655172413796,0.9871794871794872,TRUE,"Collins, Isaac",2025,4,51.9,1.4,4,-2.1,3.3,37.3,52,27,TRUE,"Collins, Isaac",Brewers,2025,LF,3,4,2,1,1,-1,-1,4,0.87,0.85,0.02,TRUE,"Collins, Isaac",158,MIL,LF,27,173,1,4.38,27.7,TRUE,2025,TRUE,3,-2.3026726170174268,TRUE,TRUE,TRUE,TRUE
686611,Dylan Crews,0,336,1803,FALSE,TRUE,TRUE,2139,1803,0.8429172510518934,FALSE,RF,RF,TRUE,"Crews, Dylan",NA,9,Right Fielder,278,0,0,0,0,0,47,231,0,278,95.4,NA,NA,NA,NA,NA,NA,86.8,NA,86.7,86.7,2025,TRUE,"Crews, Dylan",WSH,2025,1.5887549893984896,-1.7328196929618065,7.60315060951006,-1.854402863981479,-4.159992756130095,-7.676766378768836,1.877344468366303,4.066602217440729,260,106,0.4076923076923076,0.3941613061470799,0.393409710784083,2,104,0.4000000000000002,0.981132075471698,TRUE,"Crews, Dylan",2025,1,49,0.9,0.8,-0.1,1.6,35.5,49,24,TRUE,"Crews, Dylan",Nationals,2025,RF,2,3,-1,3,0,0,1,2,0.88,0.86,0.02,TRUE,"Crews, Dylan",120,WSH,RF,23,115,5,4.24,29,TRUE,2025,TRUE,2,-1.7328196929618065,TRUE,TRUE,TRUE,TRUE
686668,Brenton Doyle,0,3272,0,FALSE,TRUE,FALSE,3272,3272,1,FALSE,CF,CF,TRUE,"Doyle, Brenton",NA,8,Center Fielder,502,0,0,0,0,0,502,0,0,502,102.4,NA,NA,NA,NA,NA,94.2,NA,NA,94.2,94.2,2025,TRUE,"Doyle, Brenton",COL,2025,-0.9539720932868658,5.092036285918088,7.740701613796686,-3.406415483621496,-5.288258223462054,-5.667164622795552,3.4489939657590893,7.3102069429545535,368,135,0.3668478260869564,0.3722098067491379,0.41632774975789383,4,131,0.35597826086956535,0.9703703703703704,TRUE,"Doyle, Brenton",2025,6,54,0.7,-1.2,0.9,0.3,35,100,54,TRUE,"Doyle, Brenton",Rockies,2025,CF,5,6,-3,1,8,0,8,-2,0.88,0.87,0.01,TRUE,"Doyle, Brenton",115,COL,CF,27,205,42,4.32,29.5,TRUE,2025,TRUE,5,5.092036285918088,TRUE,TRUE,TRUE,TRUE
687363,Victor Scott II,63,3263,28,TRUE,TRUE,TRUE,3354,3263,0.9728682170542635,FALSE,CF,CF,TRUE,"Scott II, Victor",NA,8,Center Fielder,404,0,0,0,0,5,396,3,0,404,93.7,NA,NA,NA,NA,NA,86.7,NA,NA,87,87,2025,TRUE,"Scott II, Victor",STL,2025,2.784166568527138,-3.1357383113379647,8.091196995085218,-1.693829895952799,-3.613200530605286,-7.987562037439283,1.6413513065783052,3.2104724195230134,307,111,0.3615635179153095,0.3320558987521527,0.32767122399012677,2,109,0.3550488599348535,0.981981981981982,TRUE,"Scott II, Victor",2025,13,72.2,1.7,-1.2,0.9,1.4,36.1,79,57,TRUE,"Scott II, Victor",Cardinals,2025,CF,15,17,-1,8,9,2,10,7,0.94,0.89,0.05,TRUE,"Scott II, Victor",138,STL,CF,24,141,87,4.13,30.2,TRUE,2025,TRUE,15,-3.1357383113379647,TRUE,TRUE,TRUE,TRUE
687597,Jordan Beck,3472,6,0,TRUE,TRUE,FALSE,3478,3472,0.9982748706152962,FALSE,LF,LF,TRUE,"Beck, Jordan",NA,7,Left Fielder,417,0,0,0,0,415,2,0,0,417,92,NA,NA,NA,NA,87,NA,NA,NA,87,87,2025,TRUE,"Beck, Jordan",COL,2025,-1.279474888975204,1.155567072838218,8.207700490331716,-5.212887947635138,-4.274287431671783,-7.868297098684495,4.942596912290228,4.0812672592324875,388,129,0.3324742268041236,0.32840785024596486,0.3253970425135482,6,123,0.31701030927835033,0.9534883720930232,TRUE,"Beck, Jordan",2025,-1,38.2,-0.2,-0.7,0.2,-0.8,31.8,76,29,TRUE,"Beck, Jordan",Rockies,2025,LF,-2,-2,-1,-1,-2,2,2,-4,0.84,0.84,0,TRUE,"Beck, Jordan",115,COL,LF,24,202,1,4.4,28.7,TRUE,2025,TRUE,-2,1.155567072838218,TRUE,TRUE,TRUE,TRUE
690987,Robert Hassell III,84,1131,204,TRUE,TRUE,TRUE,1419,1131,0.7970401691331924,FALSE,CF,CF,TRUE,"Hassell III, Robert",NA,8,Center Fielder,175,0,0,0,0,10,143,22,0,175,91.7,NA,NA,NA,NA,NA,89.1,NA,NA,88.4,88.4,2025,TRUE,"Hassell III, Robert",WSH,2025,-0.6242997965532393,0.5614899581726053,2.9415374299349364,-0.9168530301190134,-2.6489841963691623,-2.7832277624598984,0.8873532015523901,2.457364519080112,124,47,0.37903225806451607,0.4083283417130196,0.4054946518283208,1,46,0.37096774193548393,0.9787234042553192,TRUE,NA,NA,NA,NA,NA,NA,NA,NA,NA,NA,NA,FALSE,"Hassell III, Robert",Nationals,2025,CF,-1,-1,1,1,-2,-1,0,-2,0.92,0.92,0,TRUE,"Hassell III, Robert",120,WSH,CF,23,76,1,4.28,28.2,TRUE,2025,TRUE,-1,0.5614899581726053,TRUE,TRUE,TRUE,TRUE
691016,Tyler Soderstrom,2603,0,0,TRUE,FALSE,FALSE,2603,2603,1,FALSE,LF,LF,TRUE,"Soderstrom, Tyler",NA,7,Left Fielder,398,151,0,0,0,247,0,0,0,247,95.8,76.5,NA,NA,NA,90.7,NA,NA,NA,90.7,90.7,2025,TRUE,"Soderstrom, Tyler",ATH,2025,2.778282460395211,-1.5081317433325103,8.254891517763824,-3.283252898783279,-2.1933561585853396,-7.471629844189828,3.3217234731804535,2.641774627676861,253,91,0.35968379446640314,0.3016347330071937,0.31933059825815396,4,87,0.3438735177865612,0.956043956043956,TRUE,"Soderstrom, Tyler",2025,3,54.5,0.3,0.1,0.1,0.5,34.3,55,30,TRUE,"Soderstrom, Tyler",Athletics,2025,LF,4,5,2,0,1,1,4,1,0.9,0.88,0.02,TRUE,"Soderstrom, Tyler",133,ATH,LF,23,230,NA,4.41,27.4,TRUE,2025,TRUE,4,-1.5081317433325103,TRUE,TRUE,TRUE,TRUE
691023,Jordan Walker,0,0,2656,FALSE,FALSE,TRUE,2656,2656,1,FALSE,RF,RF,TRUE,"Walker, Jordan",NA,9,Right Fielder,304,0,0,0,0,0,0,304,0,304,98.2,NA,NA,NA,NA,NA,NA,93.3,NA,93.3,93.3,2025,TRUE,"Walker, Jordan",STL,2025,6.857319327000512,-2.5154327582345086,10.716285813938306,0,-3.858966486937791,-8.023026589040278,0,5.507593830805773,299,116,0.38795986622073575,0.3373877534595393,0.3969033534391391,0,116,0.38795986622073575,1,TRUE,"Walker, Jordan",2025,-6,31.9,-0.5,-0.5,-0.2,-1.2,31.3,47,15,TRUE,"Walker, Jordan",Cardinals,2025,RF,-4,-4,0,-2,-3,1,-3,-1,0.86,0.88,-0.02,TRUE,"Walker, Jordan",138,STL,RF,23,136,2,4.4,28.7,TRUE,2025,TRUE,-4,-2.5154327582345086,TRUE,TRUE,TRUE,TRUE
691176,Jasson Domínguez,2379,0,0,TRUE,FALSE,FALSE,2379,2379,1,FALSE,LF,LF,TRUE,"Domínguez, Jasson",NA,7,Left Fielder,240,0,0,0,0,240,0,0,0,240,97.9,NA,NA,NA,NA,91.8,NA,NA,NA,91.8,91.8,2025,TRUE,"Domínguez, Jasson",NYY,2025,1.8933955972259175,-0.8547502290328867,5.2317913392912745,-0.7578459029412555,-2.580549839124102,-4.462955714407084,0.7791736193188432,2.8290318660553537,220,75,0.3409090909090908,0.3273384104159159,0.34375513743405595,1,74,0.33636363636363625,0.9866666666666668,TRUE,"Domínguez, Jasson",2025,-10,30.9,-1.4,-1.1,0.5,-2,31.2,55,17,TRUE,"Domínguez, Jasson",Yankees,2025,LF,-8,-9,0,-4,-3,-2,-7,-2,0.82,0.86,-0.04,TRUE,"Domínguez, Jasson",147,NYY,LF,22,151,21,4.25,28.7,TRUE,2025,TRUE,-8,-0.8547502290328867,TRUE,TRUE,TRUE,TRUE
691718,Pete Crow-Armstrong,0,4071,0,FALSE,TRUE,FALSE,4071,4071,1,FALSE,CF,CF,TRUE,"Crow-Armstrong, Pete",NA,8,Center Fielder,534,0,0,0,0,0,534,0,0,534,98.6,NA,NA,NA,NA,NA,92.3,NA,NA,92.3,92.3,2025,TRUE,"Crow-Armstrong, Pete",CHC,2025,-1.3668856418217303,2.5085929766777535,6.092234926388911,-1.789146133799557,-5.669974434411086,-5.264486671725041,1.7416074773850518,6.031472171017747,344,110,0.3197674418604651,0.34674893041602894,0.3622150880366643,2,108,0.313953488372093,0.9818181818181818,TRUE,"Crow-Armstrong, Pete",2025,25,77.8,2.7,1.7,-0.3,4.1,38.8,81,63,TRUE,"Crow-Armstrong, Pete",Cubs,2025,CF,22,24,3,8,14,-1,12,12,0.95,0.9,0.05,TRUE,"Crow-Armstrong, Pete",112,CHC,CF,23,193,54,4.21,29.5,TRUE,2025,TRUE,22,2.5085929766777535,TRUE,TRUE,TRUE,TRUE
694192,Jackson Chourio,753,2264,399,TRUE,TRUE,TRUE,3416,2264,0.6627634660421545,FALSE,CF,CF,TRUE,"Chourio, Jackson",NA,8,Center Fielder,442,0,0,0,0,94,304,44,0,442,94.3,NA,NA,NA,NA,84.9,87,NA,NA,87.2,87.2,2025,TRUE,"Chourio, Jackson",MIL,2025,0.19154741612872245,-1.248463846581786,6.533288877650555,-0.79084312229063225,-5.550898339231201,-6.992866138569855,0.8067970693331245,4.937605222654949,309,102,0.33009708737864113,0.3541482278722145,0.33824782754276383,1,101,0.3268608414239484,0.9901960784313726,TRUE,"Chourio, Jackson",2025,3,46.9,0.3,1,-0.1,1.2,35.8,64,30,TRUE,"Chourio, Jackson",Brewers,2025,CF,3,3,0,2,2,0,4,-1,0.89,0.88,0.01,TRUE,"Chourio, Jackson",158,MIL,CF,21,237,63,4.25,29.2,TRUE,2025,TRUE,3,-1.248463846581786,TRUE,TRUE,TRUE,TRUE
694671,Wyatt Langford,2524,958,0,TRUE,TRUE,FALSE,3482,2524,0.7248707639287766,FALSE,LF,LF,TRUE,"Langford, Wyatt",NA,7,Left Fielder,424,0,0,0,0,318,106,0,0,424,98.2,NA,NA,NA,NA,85.2,87.4,NA,NA,85.8,85.8,2025,TRUE,"Langford, Wyatt",TEX,2025,-1.9101546003144163,0.448713777369651,5.025618038506229,-2.463528496906334,-4.472244141914311,-5.456534490558637,2.320645840790118,3.5846024271381705,322,94,0.2919254658385093,0.315366266058278,0.29787876728756746,3,91,0.2826086956521739,0.9680851063829788,TRUE,"Langford, Wyatt",2025,8,62.5,1,0.2,0.2,1.4,35.6,80,50,TRUE,"Langford, Wyatt",Rangers,2025,LF,9,10,-1,6,6,-1,3,7,0.9,0.88,0.02,TRUE,"Langford, Wyatt",140,TEX,LF,23,186,17,4.32,28.9,TRUE,2025,TRUE,9,0.448713777369651,TRUE,TRUE,TRUE,TRUE
695506,Jac Caglianone,0,0,1207,FALSE,FALSE,TRUE,1207,1207,1,FALSE,RF,RF,TRUE,"Caglianone, Jac",NA,9,Right Fielder,138,16,0,0,0,0,0,122,0,122,104.1,NA,NA,NA,NA,NA,NA,95.3,NA,95.3,95.3,2025,TRUE,"Caglianone, Jac",KC,2025,1.5026970016191965,-0.6001541553280275,2.8580297753648782,0,-1.3553327737456822,-2.4732140016913076,0,1.8730598463632813,116,38,0.3275862068965517,0.327292598026881,0.3567959730736992,0,38,0.3275862068965517,1,TRUE,NA,NA,NA,NA,NA,NA,NA,NA,NA,NA,NA,FALSE,NA,NA,NA,NA,NA,NA,NA,NA,NA,NA,NA,NA,NA,NA,NA,FALSE,"Caglianone, Jac",118,KC,RF,22,87,NA,4.39,26.8,TRUE,2025,TRUE,NA,-0.6001541553280275,FALSE,TRUE,FALSE,FALSE
695578,James Wood,3202,0,0,TRUE,FALSE,FALSE,3202,3202,1,FALSE,LF,LF,TRUE,"Wood, James",NA,7,Left Fielder,343,0,0,0,0,343,0,0,0,343,97.5,NA,NA,NA,NA,85.9,NA,NA,NA,85.9,85.9,2025,TRUE,"Wood, James",WSH,2025,-0.6309131777333242,0.08169507460643674,5.578304560003744,-2.576038416777836,-3.633179320959232,-5.610503260014228,2.495069990913509,3.197128343707156,300,97,0.32333333333333325,0.3284191737234672,0.32183086445119674,3,94,0.31333333333333335,0.9690721649484536,TRUE,"Wood, James",2025,-8,28.3,-1.7,0.7,-1.1,-2.1,31.2,46,13,TRUE,"Wood, James",Nationals,2025,LF,-6,-7,-1,-5,0,-2,-4,-3,0.87,0.9,-0.03,TRUE,"Wood, James",120,WSH,LF,22,209,9,4.23,27.8,TRUE,2025,TRUE,-6,0.08169507460643674,TRUE,TRUE,TRUE,TRUE
695734,Daylen Lile,537,0,1336,TRUE,FALSE,TRUE,1873,1336,0.7132941804591564,FALSE,RF,RF,TRUE,"Lile, Daylen",NA,9,Right Fielder,212,0,0,0,0,64,0,148,0,212,90,NA,NA,NA,NA,84.5,NA,84.6,NA,84.6,84.6,2025,TRUE,"Lile, Daylen",WSH,2025,2.187938771769783,-2.5341406617277435,6.236639755353151,-0.7762292910850214,-3.272471692498349,-6.620619330547756,0.7986138861686866,3.2878647826513245,227,91,0.4008810572687226,0.3870780981852559,0.3819353882271035,1,90,0.3964757709251101,0.989010989010989,TRUE,"Lile, Daylen",2025,-6,21.4,-0.2,-0.8,0.4,-0.6,33.2,42,9,TRUE,"Lile, Daylen",Nationals,2025,RF,-7,-8,-2,-6,0,0,-2,-6,0.8,0.85,-0.05,TRUE,"Lile, Daylen",120,WSH,RF,22,134,16,4.23,29.1,TRUE,2025,TRUE,-7,-2.5341406617277435,TRUE,TRUE,TRUE,TRUE
696285,Jacob Young,0,2704,0,FALSE,TRUE,FALSE,2704,2704,1,FALSE,CF,CF,TRUE,"Young, Jacob",NA,8,Center Fielder,349,0,0,0,0,0,349,0,0,349,96,NA,NA,NA,NA,NA,88.6,NA,NA,88.6,88.6,2025,TRUE,"Young, Jacob",WSH,2025,-1.8123331625638357,1.8164990036521376,4.214884075959783,-2.560368054097542,-3.466849184426078,-4.209896768258336,2.500152970485444,3.5262428014250307,236,86,0.36440677966101703,0.3813682069799077,0.3844474632912511,3,83,0.35169491525423735,0.9651162790697676,TRUE,"Young, Jacob",2025,11,65.7,0.9,4.6,-3.4,2.1,36.5,67,44,TRUE,"Young, Jacob",Nationals,2025,CF,13,14,3,8,3,0,10,4,0.92,0.88,0.04,TRUE,"Young, Jacob",120,WSH,CF,25,153,36,4.25,29.3,TRUE,2025,TRUE,13,1.8164990036521376,TRUE,TRUE,TRUE,TRUE
701358,Cam Smith,0,0,3238,FALSE,FALSE,TRUE,3238,3238,1,FALSE,RF,RF,TRUE,"Smith, Cam",NA,9,Right Fielder,336,0,0,0,0,0,0,336,0,336,99.7,NA,NA,NA,NA,NA,NA,90.8,NA,90.8,90.8,2025,TRUE,"Smith, Cam",HOU,2025,1.0980810314104397,-0.35894770017858596,7.37901649377079,-2.5849797551911577,-3.69595570716919,-6.8361036882951485,2.639613314532644,3.837542673583918,265,94,0.35471698113207567,0.33389307185540745,0.3425241653349942,3,91,0.3433962264150944,0.9680851063829788,TRUE,"Smith, Cam",2025,0,52.5,0.9,0.2,-0.1,1,35,61,32,TRUE,"Smith, Cam",Astros,2025,RF,1,1,2,-2,1,0,1,0,0.89,0.89,0,TRUE,"Smith, Cam",117,HOU,RF,22,188,25,4.36,29.3,TRUE,2025,TRUE,1,-0.35894770017858596,TRUE,TRUE,TRUE,TRUE
701538,Jackson Merrill,0,3004,0,FALSE,TRUE,FALSE,3004,3004,1,FALSE,CF,CF,TRUE,"Merrill, Jackson",NA,8,Center Fielder,263,0,0,0,0,0,263,0,0,263,101.2,NA,NA,NA,NA,NA,93.5,NA,NA,93.5,93.5,2025,TRUE,"Merrill, Jackson",SD,2025,-0.7482541992522846,2.6648216021736344,5.375795200963454,-2.350928681833592,-3.773120718382149,-4.388561681486334,2.4215597747769606,4.631823508883008,247,88,0.3562753036437249,0.36041457016427697,0.394171958022384,3,85,0.34412955465587053,0.9659090909090908,TRUE,"Merrill, Jackson",2025,1,50.9,0.3,0.3,-0.7,0,35.2,57,29,TRUE,"Merrill, Jackson",Padres,2025,CF,2,3,-1,3,0,1,0,2,0.91,0.9,0.01,TRUE,"Merrill, Jackson",135,SD,CF,22,171,1,4.25,28.5,TRUE,2025,TRUE,2,2.6648216021736344,TRUE,TRUE,TRUE,TRUE
802415,Chandler Simpson,1241,1372,6,TRUE,TRUE,TRUE,2619,1372,0.5238640702558228,FALSE,CF,Multi-position OF,FALSE,"Simpson, Chandler",NA,8,Center Fielder,262,0,0,0,0,120,140,2,0,262,92.1,NA,NA,NA,NA,84.9,87,NA,NA,85.8,85.8,2025,TRUE,"Simpson, Chandler",TB,2025,0.05452621808603132,-0.9882414771666924,6.036905490861455,-2.471100339263281,-3.511278933512144,-6.634579699703942,2.5041351687654094,3.1422030537718397,244,95,0.3893442622950818,0.3769218196388637,0.36405438000863594,3,92,0.37704918032786894,0.968421052631579,TRUE,"Simpson, Chandler",2025,-2,40,0.6,0.5,-0.7,0.3,34.5,45,18,TRUE,"Simpson, Chandler",Rays,2025,CF,-5,-5,-2,-3,-1,1,-2,-3,0.85,0.88,-0.03,TRUE,"Simpson, Chandler",139,TB,CF,24,254,89,3.97,29.6,TRUE,2025,TRUE,-5,-0.9882414771666924,TRUE,TRUE,TRUE,FALSE
805300,Jakob Marsee,168,1179,78,TRUE,TRUE,TRUE,1425,1179,0.8273684210526315,FALSE,CF,CF,TRUE,"Marsee, Jakob",NA,8,Center Fielder,182,0,0,0,0,16,155,11,0,182,98.1,NA,NA,NA,NA,NA,86.7,NA,NA,88.1,88.1,2025,TRUE,"Marsee, Jakob",MIA,2025,0.5450371008184923,-0.6424612826953974,2.653714453611478,0,-2.108677352792988,-2.529247703761418,0,1.8867864210660217,124,50,0.4032258064516128,0.4287911814850856,0.4225833842480623,0,50,0.4032258064516128,1,TRUE,NA,NA,NA,NA,NA,NA,NA,NA,NA,NA,NA,FALSE,"Marsee, Jakob",Marlins,2025,CF,4,4,1,1,2,1,1,3,0.93,0.9,0.03,TRUE,"Marsee, Jakob",146,MIA,CF,24,92,2,4.38,28.1,TRUE,2025,TRUE,4,-0.6424612826953974,TRUE,TRUE,TRUE,TRUE
808982,Jung Hoo Lee,0,3827,0,FALSE,TRUE,FALSE,3827,3827,1,FALSE,CF,CF,TRUE,"Lee, Jung Hoo",NA,8,Center Fielder,493,0,0,0,0,0,493,0,0,493,95.7,NA,NA,NA,NA,NA,91.4,NA,NA,91.4,91.4,2025,TRUE,"Lee, Jung Hoo",SF,2025,-0.9491022746601626,2.427216286187558,6.565319069617593,-3.4485897872040345,-4.065831557073724,-5.729273824313419,3.371928647620865,4.784561462880118,349,127,0.36389684813753587,0.3607883560986953,0.377720529357483,4,123,0.35243553008595996,0.968503937007874,TRUE,"Lee, Jung Hoo",2025,-3,38.3,-0.4,-0.2,-0.1,-0.7,33.8,60,23,TRUE,"Lee, Jung Hoo",Giants,2025,CF,-5,-5,-4,-1,-1,1,-4,-1,0.88,0.89,-0.01,TRUE,"Lee, Jung Hoo",137,SF,CF,26,280,NA,4.19,28.2,TRUE,2025,TRUE,-5,2.427216286187558,TRUE,TRUE,TRUE,TRUE
