sample,position_group,players
arm_value_of_strength,CF,32
arm_value_of_strength,LF,29
arm_value_of_strength,Multi-position OF,20
arm_value_of_strength,RF,37
arm_value_of_strength_by_position,CF,32
arm_value_of_strength_by_position,LF,29
arm_value_of_strength_by_position,RF,37
arm_value_overall_strength,CF,32
arm_value_overall_strength,LF,29
arm_value_overall_strength,Multi-position OF,20
arm_value_overall_strength,RF,37
arm_value_overall_strength_by_position,CF,32
arm_value_overall_strength_by_position,LF,29
arm_value_overall_strength_by_position,RF,37
deterrence_of_strength,CF,32
deterrence_of_strength,LF,29
deterrence_of_strength,Multi-position OF,20
deterrence_of_strength,RF,37
deterrence_of_strength_by_position,CF,32
deterrence_of_strength_by_position,LF,29
deterrence_of_strength_by_position,RF,37
deterrence_overall_strength,CF,32
deterrence_overall_strength,LF,29
deterrence_overall_strength,Multi-position OF,20
deterrence_overall_strength,RF,37
deterrence_overall_strength_by_position,CF,32
deterrence_overall_strength_by_position,LF,29
deterrence_overall_strength_by_position,RF,37
range_components,CF,30
range_components,LF,23
range_components,Multi-position OF,15
range_components,RF,24
range_components_by_position,CF,30
range_components_by_position,LF,23
range_components_by_position,RF,24
range_jump,CF,30
range_jump,LF,23
range_jump,Multi-position OF,15
range_jump,RF,24
range_jump_by_position,CF,30
range_jump_by_position,LF,23
range_jump_by_position,RF,24
range_speed,CF,35
range_speed,LF,24
range_speed,Multi-position OF,19
range_speed,RF,32
range_speed_and_components,CF,30
range_speed_and_components,LF,23
range_speed_and_components,Multi-position OF,15
range_speed_and_components,RF,24
range_speed_and_components_by_position,CF,30
range_speed_and_components_by_position,LF,23
range_speed_and_components_by_position,RF,24
range_speed_by_position,CF,35
range_speed_by_position,LF,24
range_speed_by_position,RF,32
range_vs_arm,CF,32
range_vs_arm,LF,24
range_vs_arm,Multi-position OF,19
range_vs_arm,RF,32
range_vs_arm_by_position,CF,32
range_vs_arm_by_position,LF,24
range_vs_arm_by_position,RF,32
