sample,required_column
range_speed,range_runs
range_speed,sprint_speed_sprint_speed
range_jump,range_runs
range_jump,jump_rel_league_bootup_distance
range_components,range_runs
range_components,jump_rel_league_reaction_distance
range_components,jump_rel_league_burst_distance
range_components,jump_rel_league_routing_distance
range_speed_and_components,range_runs
range_speed_and_components,sprint_speed_sprint_speed
range_speed_and_components,jump_rel_league_reaction_distance
range_speed_and_components,jump_rel_league_burst_distance
range_speed_and_components,jump_rel_league_routing_distance
arm_value_of_strength,arm_runs
arm_value_of_strength,arm_strength_arm_of
arm_value_overall_strength,arm_runs
arm_value_overall_strength,arm_strength_arm_overall
deterrence_of_strength,arm_strength_arm_of
deterrence_of_strength,arm_value_n_opp_xb
deterrence_of_strength,arm_value_n_att_xb
deterrence_overall_strength,arm_strength_arm_overall
deterrence_overall_strength,arm_value_n_opp_xb
deterrence_overall_strength,arm_value_n_att_xb
range_vs_arm,range_runs
range_vs_arm,arm_runs
