sample,included,excluded
arm_value_of_strength,118,218
arm_value_of_strength_by_position,98,238
arm_value_overall_strength,118,218
arm_value_overall_strength_by_position,98,238
deterrence_of_strength,118,218
deterrence_of_strength_by_position,98,238
deterrence_overall_strength,118,218
deterrence_overall_strength_by_position,98,238
range_components,92,244
range_components_by_position,77,259
range_jump,92,244
range_jump_by_position,77,259
range_speed,110,226
range_speed_and_components,92,244
range_speed_and_components_by_position,77,259
range_speed_by_position,91,245
range_vs_arm,107,229
range_vs_arm_by_position,88,248
