dataset,column,missing,missing_pct
arm_strength,fielder_name,0,0
arm_strength,player_id,0,0
arm_strength,team_name,395,100
arm_strength,primary_position,0,0
arm_strength,primary_position_name,1,0.3
arm_strength,total_throws,0,0
arm_strength,total_throws_1b,0,0
arm_strength,total_throws_2b,0,0
arm_strength,total_throws_3b,0,0
arm_strength,total_throws_ss,0,0
arm_strength,total_throws_lf,0,0
arm_strength,total_throws_cf,0,0
arm_strength,total_throws_rf,0,0
arm_strength,total_throws_inf,0,0
arm_strength,total_throws_of,0,0
arm_strength,max_arm_strength,0,0
arm_strength,arm_1b,341,86.3
arm_strength,arm_2b,317,80.3
arm_strength,arm_3b,346,87.6
arm_strength,arm_ss,338,85.6
arm_strength,arm_lf,325,82.3
arm_strength,arm_cf,329,83.3
arm_strength,arm_rf,319,80.8
arm_strength,arm_inf,221,55.9
arm_strength,arm_of,199,50.4
arm_strength,arm_overall,0,0
arm_strength,year,0,0
arm_value,entity_name,0,0
arm_value,entity_id,0,0
arm_value,team_name,0,0
arm_value,year,0,0
arm_value,runner_runs,0,0
arm_value,fielder_runs,0,0
arm_value,runner_runs_advances,0,0
arm_value,runner_runs_thrown_out,0,0
arm_value,runner_runs_hold,0,0
arm_value,fielder_runs_advances,0,0
arm_value,fielder_runs_thrown_out,0,0
arm_value,fielder_runs_hold,0,0
arm_value,n_opp_xb,0,0
arm_value,n_att_xb,0,0
arm_value,rate_att_xb,0,0
arm_value,est_rate_att_generic_runner,0,0
arm_value,est_rate_att_generic_fielder,0,0
arm_value,n_out,0,0
arm_value,n_safe,0,0
arm_value,rate_safe,0,0
arm_value,rate_safe_per_attempt,0,0
jump,last_name_first_name,0,0
jump,resp_fielder_id,0,0
jump,year,0,0
jump,outs_above_average,0,0
jump,outs_per_play,0,0
jump,rel_league_burst_distance,0,0
jump,rel_league_reaction_distance,0,0
jump,rel_league_routing_distance,0,0
jump,rel_league_bootup_distance,0,0
jump,f_bootup_distance,0,0
jump,n,0,0
jump,n_outs,0,0
oaa,last_name_first_name,0,0
oaa,player_id,0,0
oaa,display_team_name,0,0
oaa,year,0,0
oaa,primary_pos_formatted,0,0
oaa,fielding_runs_prevented,0,0
oaa,outs_above_average,0,0
oaa,outs_above_average_infront,0,0
oaa,outs_above_average_lateral_toward3bline,0,0
oaa,outs_above_average_lateral_toward1bline,0,0
oaa,outs_above_average_behind,0,0
oaa,outs_above_average_rhh,0,0
oaa,outs_above_average_lhh,0,0
oaa,actual_success_rate_formatted,0,0
oaa,adj_estimated_success_rate_formatted,0,0
oaa,diff_success_rate_formatted,0,0
sprint_speed,last_name_first_name,0,0
sprint_speed,player_id,0,0
sprint_speed,team_id,0,0
sprint_speed,team,0,0
sprint_speed,position,0,0
sprint_speed,age,0,0
sprint_speed,competitive_runs,0,0
sprint_speed,bolts,418,72.2
sprint_speed,hp_to_1b,66,11.4
sprint_speed,sprint_speed,0,0
lf,name,0,0
lf,team,0,0
lf,pos,0,0
lf,g,0,0
lf,gs,0,0
lf,inn,0,0
lf,po,0,0
lf,a,0,0
lf,e,0,0
lf,fe,0,0
lf,te,0,0
lf,dp,0,0
lf,dps,0,0
lf,dpt,0,0
lf,dpf,0,0
lf,scp,235,100
lf,sb,235,100
lf,cs,235,100
lf,pb,235,100
lf,wp,235,100
lf,fp,0,0
lf,tz,235,100
lf,name_ascii,0,0
lf,player_id,0,0
lf,mlbamid,0,0
cf,name,0,0
cf,team,0,0
cf,pos,0,0
cf,g,0,0
cf,gs,0,0
cf,inn,0,0
cf,po,0,0
cf,a,0,0
cf,e,0,0
cf,fe,0,0
cf,te,0,0
cf,dp,0,0
cf,dps,0,0
cf,dpt,0,0
cf,dpf,0,0
cf,scp,179,100
cf,sb,179,100
cf,cs,179,100
cf,pb,179,100
cf,wp,179,100
cf,fp,0,0
cf,tz,179,100
cf,name_ascii,0,0
cf,player_id,0,0
cf,mlbamid,0,0
rf,name,0,0
rf,team,0,0
rf,pos,0,0
rf,g,0,0
rf,gs,0,0
rf,inn,0,0
rf,po,0,0
rf,a,0,0
rf,e,0,0
rf,fe,0,0
rf,te,0,0
rf,dp,0,0
rf,dps,0,0
rf,dpt,0,0
rf,dpf,0,0
rf,scp,230,100
rf,sb,230,100
rf,cs,230,100
rf,pb,230,100
rf,wp,230,100
rf,fp,0,0
rf,tz,230,100
rf,name_ascii,0,0
rf,player_id,0,0
rf,mlbamid,0,0
