"rank","player_name","position_group","range_runs","arm_runs","combined_runs"
1,"Pete Crow-Armstrong","CF",22,2.50859297667775,24.5085929766778
2,"Ceddanne Rafaela","CF",19,2.25870243722921,21.2587024372292
3,"Jacob Young","CF",13,1.81649900365214,14.8164990036521
4,"Andy Pages","CF",10,3.07841424741001,13.07841424741
5,"Victor Scott II","CF",15,-3.13573831133796,11.864261688662
6,"Steven Kwan","LF",5,6.79088488452077,11.7908848845208
7,"Denzel Clarke","CF",12,-0.497582397530221,11.5024176024698
8,"Julio Rodríguez","CF",10,0.831904332556798,10.8319043325568
9,"Kyle Isbel","CF",11,-0.548290321500209,10.4517096784998
10,"Brenton Doyle","CF",5,5.09203628591809,10.0920362859181
11,"Wyatt Langford","LF",9,0.448713777369651,9.44871377736965
12,"Bryce Teodosio","CF",9,0.240222429488253,9.24022242948825
13,"Cody Bellinger","Multi-position OF",6,3.19300439204393,9.19300439204392
14,"Fernando Tatis Jr.","RF",7,2.06846268176404,9.06846268176404
15,"Myles Straw","CF",9,0.0354686040896461,9.03546860408965
16,"Wilyer Abreu","RF",7,1.4368238353645,8.4368238353645
17,"Tyrone Taylor","CF",3,4.97172441839648,7.97172441839648
18,"Jake Meyers","CF",8,-0.823484946506945,7.17651505349306
19,"Sal Frelick","RF",6,1.12072757331028,7.12072757331028
20,"Luis Robert Jr.","CF",6,0.690915240324372,6.69091524032437
21,"Corbin Carroll","RF",9,-2.62690458982052,6.37309541017948
22,"Aaron Judge","RF",4,2.28083662160857,6.28083662160857
23,"Daulton Varsho","CF",8,-1.75796102998836,6.24203897001164
24,"Nathan Lukes","Multi-position OF",2,4.16060012850311,6.16060012850311
25,"Michael Harris II","CF",7,-0.987672670914561,6.01232732908544
26,"Harrison Bader","Multi-position OF",6,-0.33855434999742,5.66144565000258
27,"Eli White","RF",4,1.48826081063097,5.48826081063097
28,"Jackson Merrill","CF",2,2.66482160217363,4.66482160217363
29,"Kameron Misner","CF",3,1.61272772394814,4.61272772394814
30,"Jake Mangum","Multi-position OF",5,-0.857270603641084,4.14272939635892
31,"Oneil Cruz","CF",0,3.80747216804713,3.80747216804713
32,"Jakob Marsee","CF",4,-0.642461282695397,3.3575387173046
33,"Wenceel Pérez","RF",2,0.874762636324407,2.87476263632441
34,"Mike Yastrzemski","RF",-2,4.55894293242265,2.55894293242265
35,"Tyler Soderstrom","LF",4,-1.50813174333251,2.49186825666749
36,"Michael A. Taylor","Multi-position OF",3,-0.672821136591379,2.32717886340862
37,"Adolis García","RF",1,1.11972007068293,2.11972007068293
38,"Lawrence Butler","RF",4,-1.90291130855165,2.09708869144835
39,"Addison Barger","RF",-2,3.94320411359214,1.94320411359214
40,"Jackson Chourio","CF",3,-1.24846384658179,1.75153615341821
41,"Jake McCarthy","Multi-position OF",3,-1.31728679677265,1.68271320322735
42,"Byron Buxton","CF",2,-0.441831758994338,1.55816824100566
43,"Colton Cowser","Multi-position OF",0,1.17862616778066,1.17862616778066
44,"Isaac Collins","LF",3,-2.30267261701743,0.697327382982573
45,"Willi Castro","Multi-position OF",0,0.670954490555593,0.670954490555593
46,"Jarren Duran","LF",-3,3.64684485830116,0.64684485830116
47,"Cam Smith","RF",1,-0.358947700178586,0.641052299821414
48,"Austin Hays","LF",1,-0.420464321004467,0.579535678995533
49,"Ian Happ","LF",0,0.54284847665476,0.54284847665476
50,"Brandon Marsh","CF",0,0.317101877017971,0.317101877017971
51,"Dylan Crews","RF",2,-1.73281969296181,0.267180307038194
52,"Alexander Canario","Multi-position OF",-2,2.24941873413657,0.249418734136574
53,"Dane Myers","CF",1,-0.841875820752214,0.158124179247786
54,"Jesús Sánchez","RF",-1,1.05806549572764,0.0580654957276394
55,"Kyle Tucker","RF",-2,2.04985649263108,0.0498564926310769
56,"Alek Thomas","CF",0,0.0265601518509471,0.0265601518509471
57,"Kyle Stowers","LF",-2,2.01805352350538,0.0180535235053756
58,"TJ Friedl","CF",1,-1.12565227511668,-0.125652275116681
59,"Mike Tauchman","RF",0,-0.177667177530478,-0.177667177530478
60,"Robert Hassell III","CF",-1,0.561489958172605,-0.438510041827395
61,"Seiya Suzuki","RF",0,-0.689045980266323,-0.689045980266323
62,"Jordan Beck","LF",-2,1.15556707283822,-0.844432927161782
63,"Brandon Nimmo","LF",-1,-0.106130228114432,-1.10613022811443
64,"Nolan Jones","RF",-5,3.87298235303971,-1.12701764696029
65,"Will Benson","Multi-position OF",0,-1.14753581569872,-1.14753581569872
66,"Max Kepler","LF",0,-1.34720289361925,-1.34720289361925
67,"Cedric Mullins","CF",3,-4.38863696851653,-1.38863696851653
68,"Jake Fraley","RF",0,-1.77358977617571,-1.77358977617571
69,"Matt Wallner","RF",-3,1.15560463909335,-1.84439536090665
70,"Dylan Carlson","LF",-2,0.0147274770365515,-1.98527252296345
71,"Leody Taveras","Multi-position OF",-1,-1.06440307414688,-2.06440307414688
72,"Taylor Ward","LF",0,-2.22722900938524,-2.22722900938524
73,"Trent Grisham","CF",-1,-1.43249838902332,-2.43249838902332
74,"Kerry Carpenter","RF",-2,-0.566543010244954,-2.56654301024495
75,"Jung Hoo Lee","CF",-5,2.42721628618756,-2.57278371381244
76,"Lourdes Gurriel Jr.","LF",-3,0.410723619800236,-2.58927638019976
77,"Drew Waters","Multi-position OF",-1,-1.66748379350268,-2.66748379350268
78,"Riley Greene","LF",1,-3.71055513242877,-2.71055513242877
79,"Alex Call","Multi-position OF",0,-2.73722810837059,-2.73722810837059
80,"Tommy Pham","LF",-2,-1.17116789905558,-3.17116789905558
81,"Lars Nootbaar","LF",-1,-2.89652297505837,-3.89652297505837
82,"Bryan Reynolds","RF",-2,-2.06939731807897,-4.06939731807897
83,"Dominic Canzone","RF",-2,-2.16855771481898,-4.16855771481898
84,"Angel Martínez","CF",-5,0.441978902237249,-4.55802109776275
85,"Ramón Laureano","Multi-position OF",-8,3.36810201790766,-4.63189798209234
86,"Alec Burleson","Multi-position OF",-3,-1.98061592378246,-4.98061592378246
87,"Josh Lowe","RF",-4,-1.74294193688041,-5.74294193688041
88,"James Wood","LF",-6,0.0816950746064367,-5.91830492539356
89,"JJ Bleday","CF",-7,1.01260457372855,-5.98739542627145
90,"Chandler Simpson","Multi-position OF",-5,-0.988241477166692,-5.98824147716669
91,"Randy Arozarena","LF",-4,-2.07907150567404,-6.07907150567404
92,"Brooks Baldwin","Multi-position OF",-5,-1.2942565070018,-6.2942565070018
93,"Jordan Walker","RF",-4,-2.51543275823451,-6.51543275823451
94,"Tyler Freeman","RF",-7,0.378997157494367,-6.62100284250563
95,"Trevor Larnach","RF",-4,-2.65356450862029,-6.65356450862029
96,"Michael Conforto","LF",-7,-1.13163908010681,-8.13163908010681
97,"Jurickson Profar","LF",-6,-2.21322335983349,-8.21322335983349
98,"Ronald Acuña Jr.","RF",-10,1.17988161402763,-8.82011838597237
99,"Teoscar Hernández","RF",-8,-0.841917431523006,-8.84191743152301
100,"Jasson Domínguez","LF",-8,-0.854750229032887,-8.85475022903289
101,"Daylen Lile","RF",-7,-2.53414066172774,-9.53414066172774
102,"Andrew Benintendi","LF",-7,-2.91912378007537,-9.91912378007537
103,"Heliot Ramos","LF",-8,-2.85226411794915,-10.8522641179492
104,"Mickey Moniak","Multi-position OF",-7,-4.52475401444015,-11.5247540144401
105,"Nick Castellanos","RF",-11,-1.54262712394842,-12.5426271239484
106,"Jo Adell","Multi-position OF",-11,-1.99359849946737,-12.9935984994674
107,"Juan Soto","RF",-11,-2.05546351849249,-13.0554635184925
