column,storage_type,missing
mlbam_id,character,0
player_name,character,0
outs_LF,numeric,0
outs_CF,numeric,0
outs_RF,numeric,0
in_source_LF,logical,0
in_source_CF,logical,0
in_source_RF,logical,0
total_of_outs,numeric,0
most_position_outs,numeric,0
primary_share,numeric,1
tied_most_played,logical,0
most_played_position,character,3
position_group,character,0
position_comparison_eligible,logical,0
arm_strength_fielder_name,character,104
arm_strength_team_name,character,336
arm_strength_primary_position,character,104
arm_strength_primary_position_name,character,104
arm_strength_total_throws,numeric,104
arm_strength_total_throws_1b,numeric,104
arm_strength_total_throws_2b,numeric,104
arm_strength_total_throws_3b,numeric,104
arm_strength_total_throws_ss,numeric,104
arm_strength_total_throws_lf,numeric,104
arm_strength_total_throws_cf,numeric,104
arm_strength_total_throws_rf,numeric,104
arm_strength_total_throws_inf,numeric,104
arm_strength_total_throws_of,numeric,104
arm_strength_max_arm_strength,numeric,104
arm_strength_arm_1b,numeric,324
arm_strength_arm_2b,numeric,308
arm_strength_arm_3b,numeric,326
arm_strength_arm_ss,numeric,326
arm_strength_arm_lf,numeric,266
arm_strength_arm_cf,numeric,270
arm_strength_arm_rf,numeric,260
arm_strength_arm_inf,numeric,285
arm_strength_arm_of,numeric,140
arm_strength_arm_overall,numeric,104
arm_strength_year,numeric,104
has_arm_strength,logical,0
arm_value_entity_name,character,218
arm_value_team_name,character,218
arm_value_year,numeric,218
arm_value_runner_runs,numeric,218
arm_value_fielder_runs,numeric,218
arm_value_runner_runs_advances,numeric,218
arm_value_runner_runs_thrown_out,numeric,218
arm_value_runner_runs_hold,numeric,218
arm_value_fielder_runs_advances,numeric,218
arm_value_fielder_runs_thrown_out,numeric,218
arm_value_fielder_runs_hold,numeric,218
arm_value_n_opp_xb,numeric,218
arm_value_n_att_xb,numeric,218
arm_value_rate_att_xb,numeric,218
arm_value_est_rate_att_generic_runner,numeric,218
arm_value_est_rate_att_generic_fielder,numeric,218
arm_value_n_out,numeric,218
arm_value_n_safe,numeric,218
arm_value_rate_safe,numeric,218
arm_value_rate_safe_per_attempt,numeric,218
has_arm_value,logical,0
jump_last_name_first_name,character,244
jump_year,numeric,244
jump_outs_above_average,numeric,244
jump_outs_per_play,numeric,244
jump_rel_league_burst_distance,numeric,244
jump_rel_league_reaction_distance,numeric,244
jump_rel_league_routing_distance,numeric,244
jump_rel_league_bootup_distance,numeric,244
jump_f_bootup_distance,numeric,244
jump_n,numeric,244
jump_n_outs,numeric,244
has_jump,logical,0
oaa_last_name_first_name,character,226
oaa_display_team_name,character,226
oaa_year,numeric,226
oaa_primary_pos_formatted,character,226
oaa_fielding_runs_prevented,numeric,226
oaa_outs_above_average,numeric,226
oaa_outs_above_average_infront,numeric,226
oaa_outs_above_average_lateral_toward3bline,numeric,226
oaa_outs_above_average_lateral_toward1bline,numeric,226
oaa_outs_above_average_behind,numeric,226
oaa_outs_above_average_rhh,numeric,226
oaa_outs_above_average_lhh,numeric,226
oaa_actual_success_rate_formatted,numeric,226
oaa_adj_estimated_success_rate_formatted,numeric,226
oaa_diff_success_rate_formatted,numeric,226
has_oaa,logical,0
sprint_speed_last_name_first_name,character,40
sprint_speed_team_id,character,40
sprint_speed_team,character,40
sprint_speed_position,character,40
sprint_speed_age,numeric,40
sprint_speed_competitive_runs,numeric,40
sprint_speed_bolts,numeric,222
sprint_speed_hp_to_1b,numeric,70
sprint_speed_sprint_speed,numeric,40
has_sprint_speed,logical,0
study_season,integer,0
has_of_playing_time,logical,0
range_runs,numeric,226
arm_runs,numeric,218
available_range_comparison,logical,0
available_arm_comparison,logical,0
available_range_vs_arm,logical,0
available_range_vs_arm_by_position,logical,0
