mlbam_id,player_name,outs_LF,outs_CF,outs_RF,in_source_LF,in_source_CF,in_source_RF,total_of_outs,most_position_outs,primary_share,tied_most_played,most_played_position,position_group,position_comparison_eligible
457705,Andrew McCutchen,26,0,159,TRUE,FALSE,TRUE,185,159,0.8594594594594595,FALSE,RF,RF,TRUE
502054,Tommy Pham,2774,0,75,TRUE,FALSE,TRUE,2849,2774,0.9736749736749737,FALSE,LF,LF,TRUE
502671,Paul Goldschmidt,0,1,0,FALSE,TRUE,FALSE,1,1,1,FALSE,CF,CF,TRUE
514888,Jose Altuve,1113,0,0,TRUE,FALSE,FALSE,1113,1113,1,FALSE,LF,LF,TRUE
516782,Starling Marte,150,0,45,TRUE,FALSE,TRUE,195,150,0.7692307692307693,FALSE,LF,LF,TRUE
518792,Jason Heyward,569,30,48,TRUE,TRUE,TRUE,647,569,0.8794435857805255,FALSE,LF,LF,TRUE
519317,Giancarlo Stanton,105,0,291,TRUE,FALSE,TRUE,396,291,0.7348484848484849,FALSE,RF,RF,TRUE
542932,Jon Berti,0,0,3,FALSE,FALSE,TRUE,3,3,1,FALSE,RF,RF,TRUE
543807,George Springer,255,204,851,TRUE,TRUE,TRUE,1310,851,0.649618320610687,FALSE,RF,RF,TRUE
545341,Randal Grichuk,291,6,697,TRUE,TRUE,TRUE,994,697,0.7012072434607646,FALSE,RF,RF,TRUE
545361,Mike Trout,0,0,555,FALSE,FALSE,TRUE,555,555,1,FALSE,RF,RF,TRUE
571771,Enrique Hernández,217,114,0,TRUE,TRUE,FALSE,331,217,0.6555891238670695,FALSE,LF,LF,TRUE
572191,Michael A. Taylor,740,963,677,TRUE,TRUE,TRUE,2380,963,0.4046218487394958,FALSE,CF,Multi-position OF,FALSE
573262,Mike Yastrzemski,138,123,3041,TRUE,TRUE,TRUE,3302,3041,0.9209569957601453,FALSE,RF,RF,TRUE
578428,Jose Iglesias,6,0,0,TRUE,FALSE,FALSE,6,6,1,FALSE,LF,LF,TRUE
592192,Mark Canha,391,0,180,TRUE,FALSE,TRUE,571,391,0.6847635726795096,FALSE,LF,LF,TRUE
592206,Nick Castellanos,0,0,3625,FALSE,FALSE,TRUE,3625,3625,1,FALSE,RF,RF,TRUE
592450,Aaron Judge,0,0,2467,FALSE,FALSE,TRUE,2467,2467,1,FALSE,RF,RF,TRUE
592626,Joc Pederson,0,0,9,FALSE,FALSE,TRUE,9,9,1,FALSE,RF,RF,TRUE
592669,Hunter Renfroe,0,0,724,FALSE,FALSE,TRUE,724,724,1,FALSE,RF,RF,TRUE
592696,Eddie Rosario,0,0,24,FALSE,FALSE,TRUE,24,24,1,FALSE,RF,RF,TRUE
592885,Christian Yelich,460,0,0,TRUE,FALSE,FALSE,460,460,1,FALSE,LF,LF,TRUE
595777,Jurickson Profar,2103,0,0,TRUE,FALSE,FALSE,2103,2103,1,FALSE,LF,LF,TRUE
595879,Javier Báez,0,1215,0,FALSE,TRUE,FALSE,1215,1215,1,FALSE,CF,CF,TRUE
596103,Austin Slater,378,9,495,TRUE,TRUE,TRUE,882,495,0.5612244897959183,FALSE,RF,Multi-position OF,FALSE
596146,Max Kepler,2320,18,687,TRUE,TRUE,TRUE,3025,2320,0.7669421487603306,FALSE,LF,LF,TRUE
605141,Mookie Betts,0,0,3,FALSE,FALSE,TRUE,3,3,1,FALSE,RF,RF,TRUE
605361,Nick Martini,36,0,294,TRUE,FALSE,TRUE,330,294,0.8909090909090909,FALSE,RF,RF,TRUE
606192,Teoscar Hernández,0,0,3318,FALSE,FALSE,TRUE,3318,3318,1,FALSE,RF,RF,TRUE
607043,Brandon Nimmo,3806,45,0,TRUE,TRUE,FALSE,3851,3806,0.988314723448455,FALSE,LF,LF,TRUE
607680,Kevin Pillar,60,159,40,TRUE,TRUE,TRUE,259,159,0.6138996138996139,FALSE,CF,CF,TRUE
608385,Jesse Winker,15,0,0,TRUE,FALSE,FALSE,15,15,1,FALSE,LF,LF,TRUE
608671,Travis Jankowski,105,36,213,TRUE,TRUE,TRUE,354,213,0.6016949152542372,FALSE,RF,RF,TRUE
608701,Rob Refsnyder,238,0,530,TRUE,FALSE,TRUE,768,530,0.6901041666666666,FALSE,RF,RF,TRUE
609280,Miguel Andujar,651,0,66,TRUE,FALSE,TRUE,717,651,0.9079497907949791,FALSE,LF,LF,TRUE
621035,Chris Taylor,237,202,237,TRUE,TRUE,TRUE,676,237,0.3505917159763314,TRUE,NA,Multi-position OF,FALSE
621438,Tyrone Taylor,69,2349,12,TRUE,TRUE,TRUE,2430,2349,0.9666666666666667,FALSE,CF,CF,TRUE
621439,Byron Buxton,0,2919,0,FALSE,TRUE,FALSE,2919,2919,1,FALSE,CF,CF,TRUE
621493,Taylor Ward,3995,0,0,TRUE,FALSE,FALSE,3995,3995,1,FALSE,LF,LF,TRUE
622534,Manuel Margot,0,0,124,FALSE,FALSE,TRUE,124,124,1,FALSE,RF,RF,TRUE
622569,Pablo Reyes,6,0,63,TRUE,FALSE,TRUE,69,63,0.9130434782608695,FALSE,RF,RF,TRUE
622761,Jorge Mateo,27,246,0,TRUE,TRUE,FALSE,273,246,0.9010989010989011,FALSE,CF,CF,TRUE
623993,Anthony Santander,174,0,369,TRUE,FALSE,TRUE,543,369,0.6795580110497238,FALSE,RF,RF,TRUE
624415,Cavan Biggio,84,0,126,TRUE,FALSE,TRUE,210,126,0.6,FALSE,RF,RF,TRUE
624424,Michael Conforto,3030,0,0,TRUE,FALSE,FALSE,3030,3030,1,FALSE,LF,LF,TRUE
624428,Adam Frazier,678,0,154,TRUE,FALSE,TRUE,832,678,0.8149038461538461,FALSE,LF,LF,TRUE
624585,Jorge Soler,0,0,947,FALSE,FALSE,TRUE,947,947,1,FALSE,RF,RF,TRUE
624641,Edmundo Sosa,30,3,0,TRUE,TRUE,FALSE,33,30,0.9090909090909091,FALSE,LF,LF,TRUE
628451,Andy Ibáñez,3,0,0,TRUE,FALSE,FALSE,3,3,1,FALSE,LF,LF,TRUE
640492,José Azócar,63,51,42,TRUE,TRUE,TRUE,156,63,0.40384615384615385,FALSE,LF,Multi-position OF,FALSE
641343,Jake Bauers,457,0,90,TRUE,FALSE,TRUE,547,457,0.8354661791590493,FALSE,LF,LF,TRUE
641355,Cody Bellinger,1718,919,1248,TRUE,TRUE,TRUE,3885,1718,0.44221364221364223,FALSE,LF,Multi-position OF,FALSE
641584,Jake Fraley,122,0,1324,TRUE,FALSE,TRUE,1446,1324,0.9156293222683264,FALSE,RF,RF,TRUE
641658,Garrett Hampson,129,153,66,TRUE,TRUE,TRUE,348,153,0.4396551724137931,FALSE,CF,Multi-position OF,FALSE
641856,Billy McKinney,27,0,93,TRUE,FALSE,TRUE,120,93,0.775,FALSE,RF,RF,TRUE
641933,Tyler O'Neill,81,0,885,TRUE,FALSE,TRUE,966,885,0.9161490683229814,FALSE,RF,RF,TRUE
641943,Joshua Palacios,195,0,694,TRUE,FALSE,TRUE,889,694,0.7806524184476941,FALSE,RF,RF,TRUE
642086,Dominic Smith,0,0,3,FALSE,FALSE,TRUE,3,3,1,FALSE,RF,RF,TRUE
642180,Tyler Wade,248,438,30,TRUE,TRUE,TRUE,716,438,0.611731843575419,FALSE,CF,CF,TRUE
642201,Eli White,569,99,1055,TRUE,TRUE,TRUE,1723,1055,0.612304120719675,FALSE,RF,RF,TRUE
642215,Weston Wilson,558,0,0,TRUE,FALSE,FALSE,558,558,1,FALSE,LF,LF,TRUE
642350,Jose Siri,0,285,0,FALSE,TRUE,FALSE,285,285,1,FALSE,CF,CF,TRUE
642708,Amed Rosario,0,0,42,FALSE,FALSE,TRUE,42,42,1,FALSE,RF,RF,TRUE
643217,Andrew Benintendi,1693,0,0,TRUE,FALSE,FALSE,1693,1693,1,FALSE,LF,LF,TRUE
643289,Mauricio Dubón,526,267,54,TRUE,TRUE,TRUE,847,526,0.6210153482880756,FALSE,LF,LF,TRUE
643446,Jeff McNeil,178,627,72,TRUE,TRUE,TRUE,877,627,0.7149372862029647,FALSE,CF,CF,TRUE
643565,Mike Tauchman,0,0,1713,FALSE,FALSE,TRUE,1713,1713,1,FALSE,RF,RF,TRUE
645302,Victor Robles,0,24,721,FALSE,TRUE,TRUE,745,721,0.9677852348993289,FALSE,RF,RF,TRUE
650489,Willi Castro,785,105,768,TRUE,TRUE,TRUE,1658,785,0.4734620024125452,FALSE,LF,Multi-position OF,FALSE
650559,Bryan De La Cruz,270,0,3,TRUE,FALSE,TRUE,273,270,0.989010989010989,FALSE,LF,LF,TRUE
650859,Luis Rengifo,8,6,43,TRUE,TRUE,TRUE,57,43,0.7543859649122807,FALSE,RF,RF,TRUE
655316,Andruw Monasterio,6,0,0,TRUE,FALSE,FALSE,6,6,1,FALSE,LF,LF,TRUE
656185,Greg Allen,21,102,0,TRUE,TRUE,FALSE,123,102,0.8292682926829268,FALSE,CF,CF,TRUE
656248,Sean Bouchard,51,0,264,TRUE,FALSE,TRUE,315,264,0.8380952380952381,FALSE,RF,RF,TRUE
656413,Stuart Fairchild,57,24,236,TRUE,TRUE,TRUE,317,236,0.7444794952681388,FALSE,RF,RF,TRUE
656537,Derek Hill,0,990,0,FALSE,TRUE,FALSE,990,990,1,FALSE,CF,CF,TRUE
656541,Sam Hilliard,180,137,69,TRUE,TRUE,TRUE,386,180,0.46632124352331605,FALSE,LF,Multi-position OF,FALSE
656582,Connor Joe,158,27,246,TRUE,TRUE,TRUE,431,246,0.5707656612529002,FALSE,RF,Multi-position OF,FALSE
656716,Zach McKinstry,264,0,600,TRUE,FALSE,TRUE,864,600,0.6944444444444444,FALSE,RF,RF,TRUE
656775,Cedric Mullins,0,3193,0,FALSE,TRUE,FALSE,3193,3193,1,FALSE,CF,CF,TRUE
656811,Ryan O'Hearn,48,0,447,TRUE,FALSE,TRUE,495,447,0.9030303030303031,FALSE,RF,RF,TRUE
656941,Kyle Schwarber,198,0,0,TRUE,FALSE,FALSE,198,198,1,FALSE,LF,LF,TRUE
657041,Lane Thomas,0,853,18,FALSE,TRUE,TRUE,871,853,0.9793340987370838,FALSE,CF,CF,TRUE
657077,Alex Verdugo,1279,0,0,TRUE,FALSE,FALSE,1279,1279,1,FALSE,LF,LF,TRUE
657656,Ramón Laureano,1533,297,1095,TRUE,TRUE,TRUE,2925,1533,0.5241025641025641,FALSE,LF,Multi-position OF,FALSE
657757,Gavin Sheets,1437,0,0,TRUE,FALSE,FALSE,1437,1437,1,FALSE,LF,LF,TRUE
660644,Vidal Bruján,27,36,96,TRUE,TRUE,TRUE,159,96,0.6037735849056604,FALSE,RF,RF,TRUE
660670,Ronald Acuña Jr.,0,0,2339,FALSE,FALSE,TRUE,2339,2339,1,FALSE,RF,RF,TRUE
660757,Oscar Gonzalez,288,0,72,TRUE,FALSE,TRUE,360,288,0.8,FALSE,LF,LF,TRUE
660821,Jesús Sánchez,573,189,2171,TRUE,TRUE,TRUE,2933,2171,0.7401977497442891,FALSE,RF,RF,TRUE
660844,Leo Rivas,1,0,27,TRUE,FALSE,TRUE,28,27,0.9642857142857143,FALSE,RF,RF,TRUE
661388,William Contreras,3,0,0,TRUE,FALSE,FALSE,3,3,1,FALSE,LF,LF,TRUE
662139,Daulton Varsho,0,1651,0,FALSE,TRUE,FALSE,1651,1651,1,FALSE,CF,CF,TRUE
663330,Jahmai Jones,111,0,126,TRUE,FALSE,TRUE,237,126,0.5316455696202531,FALSE,RF,Multi-position OF,FALSE
663368,Blake Perkins,0,1124,0,FALSE,TRUE,FALSE,1124,1124,1,FALSE,CF,CF,TRUE
663457,Lars Nootbaar,2538,252,594,TRUE,TRUE,TRUE,3384,2538,0.75,FALSE,LF,LF,TRUE
663604,Brandon Lockridge,442,436,204,TRUE,TRUE,TRUE,1082,442,0.40850277264325324,FALSE,LF,Multi-position OF,FALSE
663616,Trevor Larnach,393,0,930,TRUE,FALSE,TRUE,1323,930,0.7029478458049887,FALSE,RF,RF,TRUE
663656,Kyle Tucker,0,0,3005,FALSE,FALSE,TRUE,3005,3005,1,FALSE,RF,RF,TRUE
663662,Daz Cameron,99,0,136,TRUE,FALSE,TRUE,235,136,0.5787234042553191,FALSE,RF,Multi-position OF,FALSE
663697,Jonathan India,438,0,0,TRUE,FALSE,FALSE,438,438,1,FALSE,LF,LF,TRUE
663757,Trent Grisham,0,3399,0,FALSE,TRUE,FALSE,3399,3399,1,FALSE,CF,CF,TRUE
663796,Coco Montes,9,0,0,TRUE,FALSE,FALSE,9,9,1,FALSE,LF,LF,TRUE
663837,Matt Vierling,135,435,39,TRUE,TRUE,TRUE,609,435,0.7142857142857143,FALSE,CF,CF,TRUE
663968,Jake Mangum,1299,836,665,TRUE,TRUE,TRUE,2800,1299,0.4639285714285714,FALSE,LF,Multi-position OF,FALSE
664023,Ian Happ,3823,0,0,TRUE,FALSE,FALSE,3823,3823,1,FALSE,LF,LF,TRUE
664056,Harrison Bader,1488,1706,123,TRUE,TRUE,TRUE,3317,1706,0.5143201688272535,FALSE,CF,Multi-position OF,FALSE
664059,Sam Haggerty,420,267,117,TRUE,TRUE,TRUE,804,420,0.5223880597014925,FALSE,LF,Multi-position OF,FALSE
664068,Scott Kingery,0,27,9,FALSE,TRUE,TRUE,36,27,0.75,FALSE,CF,CF,TRUE
664238,Dylan Moore,0,6,476,FALSE,TRUE,TRUE,482,476,0.9875518672199171,FALSE,RF,RF,TRUE
664702,Myles Straw,363,1597,135,TRUE,TRUE,TRUE,2095,1597,0.762291169451074,FALSE,CF,CF,TRUE
664728,Kyle Isbel,0,3096,0,FALSE,TRUE,FALSE,3096,3096,1,FALSE,CF,CF,TRUE
664770,Nathan Lukes,747,642,1339,TRUE,TRUE,TRUE,2728,1339,0.4908357771260997,FALSE,RF,Multi-position OF,FALSE
664774,LaMonte Wade Jr.,24,0,366,TRUE,FALSE,TRUE,390,366,0.9384615384615385,FALSE,RF,RF,TRUE
664913,Seth Brown,174,135,42,TRUE,TRUE,TRUE,351,174,0.49572649572649574,FALSE,LF,Multi-position OF,FALSE
664983,Jake McCarthy,868,327,255,TRUE,TRUE,TRUE,1450,868,0.5986206896551725,FALSE,LF,Multi-position OF,FALSE
665019,Kody Clemens,165,3,189,TRUE,TRUE,TRUE,357,189,0.5294117647058824,FALSE,RF,Multi-position OF,FALSE
665052,Griffin Conine,339,0,192,TRUE,FALSE,TRUE,531,339,0.6384180790960452,FALSE,LF,LF,TRUE
665155,Nick Maton,6,0,3,TRUE,FALSE,TRUE,9,6,0.6666666666666666,FALSE,LF,LF,TRUE
665487,Fernando Tatis Jr.,0,0,3897,FALSE,FALSE,TRUE,3897,3897,1,FALSE,RF,RF,TRUE
665742,Juan Soto,0,0,4122,FALSE,FALSE,TRUE,4122,4122,1,FALSE,RF,RF,TRUE
665750,Leody Taveras,0,690,642,FALSE,TRUE,TRUE,1332,690,0.5180180180180181,FALSE,CF,Multi-position OF,FALSE
665828,Oswaldo Cabrera,3,0,3,TRUE,FALSE,TRUE,6,3,0.5,TRUE,NA,Multi-position OF,FALSE
665833,Oneil Cruz,0,3184,0,FALSE,TRUE,FALSE,3184,3184,1,FALSE,CF,CF,TRUE
665839,Enmanuel Valdez,0,0,1,FALSE,FALSE,TRUE,1,1,1,FALSE,RF,RF,TRUE
665877,José Fermín,48,0,24,TRUE,FALSE,TRUE,72,48,0.6666666666666666,FALSE,LF,LF,TRUE
665923,Esteury Ruiz,127,0,54,TRUE,FALSE,TRUE,181,127,0.7016574585635359,FALSE,LF,LF,TRUE
666126,Carlos Cortes,153,0,420,TRUE,FALSE,TRUE,573,420,0.7329842931937173,FALSE,RF,RF,TRUE
666134,Nolan Jones,231,580,1865,TRUE,TRUE,TRUE,2676,1865,0.6969357249626308,FALSE,RF,RF,TRUE
666139,Josh Lowe,0,0,2563,FALSE,FALSE,TRUE,2563,2563,1,FALSE,RF,RF,TRUE
666149,Tyler Fitzgerald,0,0,63,FALSE,FALSE,TRUE,63,63,1,FALSE,RF,RF,TRUE
666150,Dominic Fletcher,3,60,194,TRUE,TRUE,TRUE,257,194,0.754863813229572,FALSE,RF,RF,TRUE
666158,Gavin Lux,1178,0,0,TRUE,FALSE,FALSE,1178,1178,1,FALSE,LF,LF,TRUE
666160,Mickey Moniak,324,807,1530,TRUE,TRUE,TRUE,2661,1530,0.5749718151071026,FALSE,RF,Multi-position OF,FALSE
666176,Jo Adell,0,2172,1605,FALSE,TRUE,TRUE,3777,2172,0.5750595710881652,FALSE,CF,Multi-position OF,FALSE
666181,Will Benson,667,258,794,TRUE,TRUE,TRUE,1719,794,0.4618964514252472,FALSE,RF,Multi-position OF,FALSE
666185,Dylan Carlson,1183,300,253,TRUE,TRUE,TRUE,1736,1183,0.6814516129032258,FALSE,LF,LF,TRUE
666211,Taylor Trammell,404,472,31,TRUE,TRUE,TRUE,907,472,0.5203969128996693,FALSE,CF,Multi-position OF,FALSE
666464,Jerar Encarnacion,30,0,285,TRUE,FALSE,TRUE,315,285,0.9047619047619048,FALSE,RF,RF,TRUE
666624,Christopher Morel,1406,0,36,TRUE,FALSE,TRUE,1442,1406,0.9750346740638003,FALSE,LF,LF,TRUE
666969,Adolis García,0,0,3372,FALSE,FALSE,TRUE,3372,3372,1,FALSE,RF,RF,TRUE
666971,Lourdes Gurriel Jr.,3019,0,0,TRUE,FALSE,FALSE,3019,3019,1,FALSE,LF,LF,TRUE
667452,Corey Julks,96,0,0,TRUE,FALSE,FALSE,96,96,1,FALSE,LF,LF,TRUE
667472,Dane Myers,180,1553,525,TRUE,TRUE,TRUE,2258,1553,0.687776793622675,FALSE,CF,CF,TRUE
667670,Brent Rooker,162,0,486,TRUE,FALSE,TRUE,648,486,0.75,FALSE,RF,RF,TRUE
668227,Randy Arozarena,4225,0,0,TRUE,FALSE,FALSE,4225,4225,1,FALSE,LF,LF,TRUE
668709,JJ Bleday,285,1331,528,TRUE,TRUE,TRUE,2144,1331,0.6208022388059702,FALSE,CF,CF,TRUE
668715,Spencer Steer,213,0,6,TRUE,FALSE,TRUE,219,213,0.9726027397260274,FALSE,LF,LF,TRUE
668723,Ryan Vilade,15,0,87,TRUE,FALSE,TRUE,102,87,0.8529411764705882,FALSE,RF,RF,TRUE
668731,Akil Baddoo,96,3,36,TRUE,TRUE,TRUE,135,96,0.7111111111111111,FALSE,LF,LF,TRUE
668804,Bryan Reynolds,0,0,3012,FALSE,FALSE,TRUE,3012,3012,1,FALSE,RF,RF,TRUE
668885,Austin Martin,786,228,0,TRUE,TRUE,FALSE,1014,786,0.7751479289940828,FALSE,LF,LF,TRUE
668942,Josh Rojas,72,0,0,TRUE,FALSE,FALSE,72,72,1,FALSE,LF,LF,TRUE
668952,Ryan Kreidler,0,352,0,FALSE,TRUE,FALSE,352,352,1,FALSE,CF,CF,TRUE
669003,Garrett Mitchell,0,539,0,FALSE,TRUE,FALSE,539,539,1,FALSE,CF,CF,TRUE
669004,MJ Melendez,318,0,84,TRUE,FALSE,TRUE,402,318,0.7910447761194029,FALSE,LF,LF,TRUE
669016,Brandon Marsh,1014,1833,9,TRUE,TRUE,TRUE,2856,1833,0.6418067226890757,FALSE,CF,CF,TRUE
669065,Kyle Stowers,1625,171,775,TRUE,TRUE,TRUE,2571,1625,0.632049786075457,FALSE,LF,LF,TRUE
669234,Justyn-Henry Malloy,18,0,243,TRUE,FALSE,TRUE,261,243,0.9310344827586207,FALSE,RF,RF,TRUE
669236,Jeremiah Jackson,0,0,750,FALSE,FALSE,TRUE,750,750,1,FALSE,RF,RF,TRUE
669242,Tommy Edman,0,537,0,FALSE,TRUE,FALSE,537,537,1,FALSE,CF,CF,TRUE
669256,Nick Solak,18,0,0,TRUE,FALSE,FALSE,18,18,1,FALSE,LF,LF,TRUE
669261,Jack Suwinski,402,450,340,TRUE,TRUE,TRUE,1192,450,0.3775167785234899,FALSE,CF,Multi-position OF,FALSE
669288,Daniel Johnson,84,206,105,TRUE,TRUE,TRUE,395,206,0.5215189873417722,FALSE,CF,Multi-position OF,FALSE
669289,Santiago Espinal,126,0,117,TRUE,FALSE,TRUE,243,126,0.5185185185185185,FALSE,LF,Multi-position OF,FALSE
669326,Bryce Teodosio,0,1218,0,FALSE,TRUE,FALSE,1218,1218,1,FALSE,CF,CF,TRUE
669369,Bryce Johnson,319,241,93,TRUE,TRUE,TRUE,653,319,0.4885145482388974,FALSE,LF,Multi-position OF,FALSE
669392,Samad Taylor,0,9,51,FALSE,TRUE,TRUE,60,51,0.85,FALSE,RF,RF,TRUE
669450,Cooper Hummel,556,0,6,TRUE,FALSE,TRUE,562,556,0.9893238434163701,FALSE,LF,LF,TRUE
669701,Josh Smith,195,39,144,TRUE,TRUE,TRUE,378,195,0.5158730158730159,FALSE,LF,Multi-position OF,FALSE
669720,Austin Hays,1522,0,0,TRUE,FALSE,FALSE,1522,1522,1,FALSE,LF,LF,TRUE
669743,Alex Call,808,81,1125,TRUE,TRUE,TRUE,2014,1125,0.5585898709036743,FALSE,RF,Multi-position OF,FALSE
670032,Nicky Lopez,6,0,0,TRUE,FALSE,FALSE,6,6,1,FALSE,LF,LF,TRUE
670042,Luke Raley,30,88,620,TRUE,TRUE,TRUE,738,620,0.8401084010840109,FALSE,RF,RF,TRUE
670092,Trenton Brooks,15,0,0,TRUE,FALSE,FALSE,15,15,1,FALSE,LF,LF,TRUE
670156,Miles Mastrobuoni,123,0,217,TRUE,FALSE,TRUE,340,217,0.638235294117647,FALSE,RF,RF,TRUE
670224,Kameron Misner,87,1094,330,TRUE,TRUE,TRUE,1511,1094,0.7240238252812706,FALSE,CF,CF,TRUE
670231,John Rave,624,212,459,TRUE,TRUE,TRUE,1295,624,0.48185328185328186,FALSE,LF,Multi-position OF,FALSE
670242,Matt Wallner,0,0,1963,FALSE,FALSE,TRUE,1963,1963,1,FALSE,RF,RF,TRUE
670276,Cal Stevenson,0,44,0,FALSE,TRUE,FALSE,44,44,1,FALSE,CF,CF,TRUE
670541,Yordan Alvarez,348,0,0,TRUE,FALSE,FALSE,348,348,1,FALSE,LF,LF,TRUE
670770,TJ Friedl,0,3885,0,FALSE,TRUE,FALSE,3885,3885,1,FALSE,CF,CF,TRUE
671056,Iván Herrera,93,0,0,TRUE,FALSE,FALSE,93,93,1,FALSE,LF,LF,TRUE
671218,Heliot Ramos,3998,0,0,TRUE,FALSE,FALSE,3998,3998,1,FALSE,LF,LF,TRUE
671221,Drew Waters,695,440,391,TRUE,TRUE,TRUE,1526,695,0.45543905635648757,FALSE,LF,Multi-position OF,FALSE
671286,Johnathan Rodríguez,9,0,523,TRUE,FALSE,TRUE,532,523,0.9830827067669173,FALSE,RF,RF,TRUE
671289,Tyler Freeman,3,0,1525,TRUE,FALSE,TRUE,1528,1525,0.9980366492146597,FALSE,RF,RF,TRUE
671655,George Valera,0,0,96,FALSE,FALSE,TRUE,96,96,1,FALSE,RF,RF,TRUE
671732,Lawrence Butler,0,1366,2343,FALSE,TRUE,TRUE,3709,2343,0.6317066594769479,FALSE,RF,RF,TRUE
671739,Michael Harris II,0,4191,0,FALSE,TRUE,FALSE,4191,4191,1,FALSE,CF,CF,TRUE
671976,Tristan Peters,0,87,0,FALSE,TRUE,FALSE,87,87,1,FALSE,CF,CF,TRUE
672012,Tyler Black,18,0,7,TRUE,FALSE,TRUE,25,18,0.72,FALSE,LF,LF,TRUE
672016,Denzel Clarke,0,1151,0,FALSE,TRUE,FALSE,1151,1151,1,FALSE,CF,CF,TRUE
672279,Michael Siani,0,178,0,FALSE,TRUE,FALSE,178,178,1,FALSE,CF,CF,TRUE
672284,Jarred Kelenic,7,0,480,TRUE,FALSE,TRUE,487,480,0.9856262833675564,FALSE,RF,RF,TRUE
672359,Tirso Ornelas,93,6,0,TRUE,TRUE,FALSE,99,93,0.9393939393939394,FALSE,LF,LF,TRUE
672569,Gustavo Campero,30,12,413,TRUE,TRUE,TRUE,455,413,0.9076923076923077,FALSE,RF,RF,TRUE
672580,Maikel Garcia,0,88,24,FALSE,TRUE,TRUE,112,88,0.7857142857142857,FALSE,CF,CF,TRUE
672642,Steward Berroa,0,39,0,FALSE,TRUE,FALSE,39,39,1,FALSE,CF,CF,TRUE
672744,Alexander Canario,600,551,412,TRUE,TRUE,TRUE,1563,600,0.3838771593090211,FALSE,LF,Multi-position OF,FALSE
672761,Wenceel Pérez,27,549,1876,TRUE,TRUE,TRUE,2452,1876,0.765089722675367,FALSE,RF,RF,TRUE
673357,Luis Robert Jr.,0,2597,0,FALSE,TRUE,FALSE,2597,2597,1,FALSE,CF,CF,TRUE
673548,Seiya Suzuki,371,27,846,TRUE,TRUE,TRUE,1244,846,0.680064308681672,FALSE,RF,RF,TRUE
674441,Jacob Hurtubise,69,0,3,TRUE,FALSE,TRUE,72,69,0.9583333333333334,FALSE,LF,LF,TRUE
675659,Greg Jones,0,0,6,FALSE,FALSE,TRUE,6,6,1,FALSE,RF,RF,TRUE
676116,Ryan Noda,0,0,105,FALSE,FALSE,TRUE,105,105,1,FALSE,RF,RF,TRUE
676356,Jonny DeLuca,0,420,0,FALSE,TRUE,FALSE,420,420,1,FALSE,CF,CF,TRUE
676475,Alec Burleson,981,0,783,TRUE,FALSE,TRUE,1764,981,0.5561224489795918,FALSE,LF,Multi-position OF,FALSE
676480,José Barrero,0,102,9,FALSE,TRUE,TRUE,111,102,0.918918918918919,FALSE,CF,CF,TRUE
676551,Brewer Hicklen,0,27,0,FALSE,TRUE,FALSE,27,27,1,FALSE,CF,CF,TRUE
676572,Eric Wagaman,319,0,36,TRUE,FALSE,TRUE,355,319,0.8985915492957747,FALSE,LF,LF,TRUE
676609,José Caballero,93,45,632,TRUE,TRUE,TRUE,770,632,0.8207792207792208,FALSE,RF,RF,TRUE
676694,Jake Meyers,0,2532,0,FALSE,TRUE,FALSE,2532,2532,1,FALSE,CF,CF,TRUE
676724,Jared Young,9,0,0,TRUE,FALSE,FALSE,9,9,1,FALSE,LF,LF,TRUE
676801,Chas McCormick,206,537,125,TRUE,TRUE,TRUE,868,537,0.618663594470046,FALSE,CF,CF,TRUE
676812,Carson McCusker,0,0,147,FALSE,FALSE,TRUE,147,147,1,FALSE,RF,RF,TRUE
676914,Davis Schneider,1041,0,0,TRUE,FALSE,FALSE,1041,1041,1,FALSE,LF,LF,TRUE
677008,Heston Kjerstad,625,0,486,TRUE,FALSE,TRUE,1111,625,0.5625562556255626,FALSE,LF,Multi-position OF,FALSE
677347,Kyren Paris,6,555,0,TRUE,TRUE,FALSE,561,555,0.9893048128342246,FALSE,CF,CF,TRUE
677592,Everson Pereira,0,440,48,FALSE,TRUE,TRUE,488,440,0.9016393442622951,FALSE,CF,CF,TRUE
677594,Julio Rodríguez,0,4219,0,FALSE,TRUE,FALSE,4219,4219,1,FALSE,CF,CF,TRUE
677649,Ezequiel Duran,60,0,105,TRUE,FALSE,TRUE,165,105,0.6363636363636364,FALSE,RF,RF,TRUE
677800,Wilyer Abreu,0,0,2542,FALSE,FALSE,TRUE,2542,2542,1,FALSE,RF,RF,TRUE
677941,Jordyn Adams,0,57,12,FALSE,TRUE,TRUE,69,57,0.8260869565217391,FALSE,CF,CF,TRUE
677942,Blaze Alexander,21,63,0,TRUE,TRUE,FALSE,84,63,0.75,FALSE,CF,CF,TRUE
677950,Alek Thomas,0,3241,0,FALSE,TRUE,FALSE,3241,3241,1,FALSE,CF,CF,TRUE
677956,Rece Hinds,0,0,323,FALSE,FALSE,TRUE,323,323,1,FALSE,RF,RF,TRUE
678009,Parker Meadows,0,1404,0,FALSE,TRUE,FALSE,1404,1404,1,FALSE,CF,CF,TRUE
678225,Jihwan Bae,96,59,24,TRUE,TRUE,TRUE,179,96,0.5363128491620112,FALSE,LF,Multi-position OF,FALSE
678246,Miguel Vargas,3,0,0,TRUE,FALSE,FALSE,3,3,1,FALSE,LF,LF,TRUE
678489,Jorge Barrosa,196,255,78,TRUE,TRUE,TRUE,529,255,0.4820415879017013,FALSE,CF,Multi-position OF,FALSE
678877,Jhonkensy Noel,3,0,900,TRUE,FALSE,TRUE,903,900,0.9966777408637874,FALSE,RF,RF,TRUE
678882,Ceddanne Rafaela,0,3502,0,FALSE,TRUE,FALSE,3502,3502,1,FALSE,CF,CF,TRUE
679032,Johan Rojas,0,1256,0,FALSE,TRUE,FALSE,1256,1256,1,FALSE,CF,CF,TRUE
679845,Nick Loftin,624,0,0,TRUE,FALSE,FALSE,624,624,1,FALSE,LF,LF,TRUE
680118,Dairon Blanco,33,48,0,TRUE,TRUE,FALSE,81,48,0.5925925925925926,FALSE,CF,Multi-position OF,FALSE
680474,Max Schuemann,111,33,6,TRUE,TRUE,TRUE,150,111,0.74,FALSE,LF,LF,TRUE
680577,DaShawn Keirsey Jr.,198,274,280,TRUE,TRUE,TRUE,752,280,0.3723404255319149,FALSE,RF,Multi-position OF,FALSE
680700,Richie Palacios,78,0,24,TRUE,FALSE,TRUE,102,78,0.7647058823529411,FALSE,LF,LF,TRUE
680718,Addison Barger,0,0,1239,FALSE,FALSE,TRUE,1239,1239,1,FALSE,RF,RF,TRUE
680737,Michael Helman,0,779,0,FALSE,TRUE,FALSE,779,779,1,FALSE,CF,CF,TRUE
680757,Steven Kwan,3984,3,0,TRUE,TRUE,FALSE,3987,3984,0.999247554552295,FALSE,LF,LF,TRUE
680769,CJ Alexander,9,0,12,TRUE,FALSE,TRUE,21,12,0.5714285714285714,FALSE,RF,Multi-position OF,FALSE
680776,Jarren Duran,3447,582,9,TRUE,TRUE,TRUE,4038,3447,0.8536404160475483,FALSE,LF,LF,TRUE
680977,Brendan Donovan,456,0,0,TRUE,FALSE,FALSE,456,456,1,FALSE,LF,LF,TRUE
681297,Colton Cowser,1083,1196,21,TRUE,TRUE,TRUE,2300,1196,0.52,FALSE,CF,Multi-position OF,FALSE
681460,Brooks Baldwin,775,527,352,TRUE,TRUE,TRUE,1654,775,0.46856106408706166,FALSE,LF,Multi-position OF,FALSE
681481,Kerry Carpenter,564,0,1241,TRUE,FALSE,TRUE,1805,1241,0.6875346260387811,FALSE,RF,RF,TRUE
681508,Mickey Gasper,12,0,0,TRUE,FALSE,FALSE,12,12,1,FALSE,LF,LF,TRUE
681546,James Outman,276,602,186,TRUE,TRUE,TRUE,1064,602,0.5657894736842105,FALSE,CF,Multi-position OF,FALSE
681624,Andy Pages,459,2919,729,TRUE,TRUE,TRUE,4107,2919,0.7107377647918188,FALSE,CF,CF,TRUE
681715,Heriberto Hernández,798,0,240,TRUE,FALSE,TRUE,1038,798,0.7687861271676301,FALSE,LF,LF,TRUE
681909,Justin Dean,0,71,0,FALSE,TRUE,FALSE,71,71,1,FALSE,CF,CF,TRUE
681987,Nate Eaton,39,90,273,TRUE,TRUE,TRUE,402,273,0.6791044776119403,FALSE,RF,RF,TRUE
682177,Daniel Schneemann,90,403,177,TRUE,TRUE,TRUE,670,403,0.6014925373134329,FALSE,CF,CF,TRUE
682183,Drew Avans,108,15,6,TRUE,TRUE,TRUE,129,108,0.8372093023255814,FALSE,LF,LF,TRUE
682622,Noelvi Marte,0,24,1312,FALSE,TRUE,TRUE,1336,1312,0.9820359281437125,FALSE,RF,RF,TRUE
682634,Kevin Alcántara,21,78,12,TRUE,TRUE,TRUE,111,78,0.7027027027027027,FALSE,CF,CF,TRUE
682641,Luis Matos,216,198,768,TRUE,TRUE,TRUE,1182,768,0.649746192893401,FALSE,RF,RF,TRUE
682657,Angel Martínez,6,2439,36,TRUE,TRUE,TRUE,2481,2439,0.9830713422007256,FALSE,CF,CF,TRUE
682668,Luisangel Acuña,0,9,0,FALSE,TRUE,FALSE,9,9,1,FALSE,CF,CF,TRUE
682729,Jonatan Clase,547,198,18,TRUE,TRUE,TRUE,763,547,0.7169069462647444,FALSE,LF,LF,TRUE
682927,Ronny Simon,156,0,95,TRUE,FALSE,TRUE,251,156,0.6215139442231076,FALSE,LF,LF,TRUE
682985,Riley Greene,3091,324,24,TRUE,TRUE,TRUE,3439,3091,0.8988077929630707,FALSE,LF,LF,TRUE
682997,Tyler Callihan,50,0,0,TRUE,FALSE,FALSE,50,50,1,FALSE,LF,LF,TRUE
682998,Corbin Carroll,0,87,3568,FALSE,TRUE,TRUE,3655,3568,0.9761969904240766,FALSE,RF,RF,TRUE
683083,Nasim Nuñez,0,21,0,FALSE,TRUE,FALSE,21,21,1,FALSE,CF,CF,TRUE
683090,Matthew Lugo,117,207,119,TRUE,TRUE,TRUE,443,207,0.4672686230248307,FALSE,CF,Multi-position OF,FALSE
683227,Cody Freeman,38,0,66,TRUE,FALSE,TRUE,104,66,0.6346153846153846,FALSE,RF,RF,TRUE
683357,Owen Caissie,36,0,115,TRUE,FALSE,TRUE,151,115,0.7615894039735099,FALSE,RF,RF,TRUE
683748,Victor Mesa Jr.,84,67,126,TRUE,TRUE,TRUE,277,126,0.4548736462093863,FALSE,RF,Multi-position OF,FALSE
683770,Will Robertson,416,6,102,TRUE,TRUE,TRUE,524,416,0.7938931297709924,FALSE,LF,LF,TRUE
685301,Matt Gorski,3,30,0,TRUE,TRUE,FALSE,33,30,0.9090909090909091,FALSE,CF,CF,TRUE
685744,Kenedy Corona,0,36,0,FALSE,TRUE,FALSE,36,36,1,FALSE,CF,CF,TRUE
686217,Sal Frelick,0,213,3351,FALSE,TRUE,TRUE,3564,3351,0.9402356902356902,FALSE,RF,RF,TRUE
686475,Tyler Tolbert,90,300,30,TRUE,TRUE,TRUE,420,300,0.7142857142857143,FALSE,CF,CF,TRUE
686527,Dominic Canzone,0,0,1618,FALSE,FALSE,TRUE,1618,1618,1,FALSE,RF,RF,TRUE
686555,Isaac Collins,2458,0,172,TRUE,FALSE,TRUE,2630,2458,0.9346007604562737,FALSE,LF,LF,TRUE
686611,Dylan Crews,0,336,1803,FALSE,TRUE,TRUE,2139,1803,0.8429172510518934,FALSE,RF,RF,TRUE
686668,Brenton Doyle,0,3272,0,FALSE,TRUE,FALSE,3272,3272,1,FALSE,CF,CF,TRUE
686676,Korey Lee,6,0,0,TRUE,FALSE,FALSE,6,6,1,FALSE,LF,LF,TRUE
686681,Michael Massey,255,0,0,TRUE,FALSE,FALSE,255,255,1,FALSE,LF,LF,TRUE
686765,Nick Sogard,0,0,51,FALSE,FALSE,TRUE,51,51,1,FALSE,RF,RF,TRUE
686823,Will Brennan,0,6,96,FALSE,TRUE,TRUE,102,96,0.9411764705882353,FALSE,RF,RF,TRUE
686894,Joey Wiemer,24,0,423,TRUE,FALSE,TRUE,447,423,0.9463087248322147,FALSE,RF,RF,TRUE
687363,Victor Scott II,63,3263,28,TRUE,TRUE,TRUE,3354,3263,0.9728682170542635,FALSE,CF,CF,TRUE
687515,Colby Thomas,123,282,404,TRUE,TRUE,TRUE,809,404,0.49938195302843014,FALSE,RF,Multi-position OF,FALSE
687529,Grant McCray,39,6,175,TRUE,TRUE,TRUE,220,175,0.7954545454545454,FALSE,RF,RF,TRUE
687551,Drew Gilbert,9,165,639,TRUE,TRUE,TRUE,813,639,0.7859778597785978,FALSE,RF,RF,TRUE
687597,Jordan Beck,3472,6,0,TRUE,TRUE,FALSE,3478,3472,0.9982748706152962,FALSE,LF,LF,TRUE
687637,Dylan Beavers,537,0,364,TRUE,FALSE,TRUE,901,537,0.5960044395116537,FALSE,LF,Multi-position OF,FALSE
687859,Troy Johnston,198,0,216,TRUE,FALSE,TRUE,414,216,0.5217391304347826,FALSE,RF,Multi-position OF,FALSE
687957,Dustin Harris,165,72,45,TRUE,TRUE,TRUE,282,165,0.5851063829787234,FALSE,LF,Multi-position OF,FALSE
688363,Graham Pauley,0,0,0,FALSE,TRUE,FALSE,0,0,NA,FALSE,NA,No OF innings,FALSE
689041,Rhylan Thomas,9,0,57,TRUE,FALSE,TRUE,66,57,0.8636363636363636,FALSE,RF,RF,TRUE
689200,Jacob Melton,174,407,27,TRUE,TRUE,TRUE,608,407,0.6694078947368421,FALSE,CF,CF,TRUE
690984,Petey Halpin,3,42,0,TRUE,TRUE,FALSE,45,42,0.9333333333333333,FALSE,CF,CF,TRUE
690987,Robert Hassell III,84,1131,204,TRUE,TRUE,TRUE,1419,1131,0.7970401691331924,FALSE,CF,CF,TRUE
691016,Tyler Soderstrom,2603,0,0,TRUE,FALSE,FALSE,2603,2603,1,FALSE,LF,LF,TRUE
691019,Kyle Teel,3,0,0,TRUE,FALSE,FALSE,3,3,1,FALSE,LF,LF,TRUE
691023,Jordan Walker,0,0,2656,FALSE,FALSE,TRUE,2656,2656,1,FALSE,RF,RF,TRUE
691176,Jasson Domínguez,2379,0,0,TRUE,FALSE,FALSE,2379,2379,1,FALSE,LF,LF,TRUE
691373,Jhostynxon Garcia,30,0,45,TRUE,FALSE,TRUE,75,45,0.6,FALSE,RF,RF,TRUE
691594,Javier Sanoja,469,237,0,TRUE,TRUE,FALSE,706,469,0.6643059490084986,FALSE,LF,LF,TRUE
691718,Pete Crow-Armstrong,0,4071,0,FALSE,TRUE,FALSE,4071,4071,1,FALSE,CF,CF,TRUE
691728,Zac Veen,120,0,135,TRUE,FALSE,TRUE,255,135,0.5294117647058824,FALSE,RF,Multi-position OF,FALSE
692216,CJ Kayfus,0,0,615,FALSE,FALSE,TRUE,615,615,1,FALSE,RF,RF,TRUE
692225,Kristian Campbell,36,171,0,TRUE,TRUE,FALSE,207,171,0.8260869565217391,FALSE,CF,CF,TRUE
692585,Yanquiel Fernández,36,0,405,TRUE,FALSE,TRUE,441,405,0.9183673469387755,FALSE,RF,RF,TRUE
694192,Jackson Chourio,753,2264,399,TRUE,TRUE,TRUE,3416,2264,0.6627634660421545,FALSE,CF,CF,TRUE
694362,Blake Dunn,139,114,282,TRUE,TRUE,TRUE,535,282,0.5271028037383177,FALSE,RF,Multi-position OF,FALSE
694374,Tim Tawa,183,314,10,TRUE,TRUE,TRUE,507,314,0.6193293885601578,FALSE,CF,CF,TRUE
694376,Shay Whitcomb,6,0,0,TRUE,FALSE,FALSE,6,6,1,FALSE,LF,LF,TRUE
694377,Nick Yorke,0,0,69,FALSE,FALSE,TRUE,69,69,1,FALSE,RF,RF,TRUE
694388,Joey Loperfido,516,0,165,TRUE,FALSE,TRUE,681,516,0.7577092511013216,FALSE,LF,LF,TRUE
694497,Evan Carter,0,1380,0,FALSE,TRUE,FALSE,1380,1380,1,FALSE,CF,CF,TRUE
694671,Wyatt Langford,2524,958,0,TRUE,TRUE,FALSE,3482,2524,0.7248707639287766,FALSE,LF,LF,TRUE
695257,Billy Cook,0,18,9,FALSE,TRUE,TRUE,27,18,0.6666666666666666,FALSE,CF,CF,TRUE
695506,Jac Caglianone,0,0,1207,FALSE,FALSE,TRUE,1207,1207,1,FALSE,RF,RF,TRUE
695578,James Wood,3202,0,0,TRUE,FALSE,FALSE,3202,3202,1,FALSE,LF,LF,TRUE
695734,Daylen Lile,537,0,1336,TRUE,FALSE,TRUE,1873,1336,0.7132941804591564,FALSE,RF,RF,TRUE
696030,Alejandro Osuna,840,27,297,TRUE,TRUE,TRUE,1164,840,0.7216494845360825,FALSE,LF,LF,TRUE
696285,Jacob Young,0,2704,0,FALSE,TRUE,FALSE,2704,2704,1,FALSE,CF,CF,TRUE
701305,Zach Dezenzo,324,0,258,TRUE,FALSE,TRUE,582,324,0.5567010309278351,FALSE,LF,Multi-position OF,FALSE
701350,Roman Anthony,456,0,871,TRUE,FALSE,TRUE,1327,871,0.6563677467972872,FALSE,RF,RF,TRUE
701358,Cam Smith,0,0,3238,FALSE,FALSE,TRUE,3238,3238,1,FALSE,RF,RF,TRUE
701538,Jackson Merrill,0,3004,0,FALSE,TRUE,FALSE,3004,3004,1,FALSE,CF,CF,TRUE
701675,Nathan Church,39,405,49,TRUE,TRUE,TRUE,493,405,0.821501014198783,FALSE,CF,CF,TRUE
702176,Alan Roden,839,46,186,TRUE,TRUE,TRUE,1071,839,0.7833800186741363,FALSE,LF,LF,TRUE
802415,Chandler Simpson,1241,1372,6,TRUE,TRUE,TRUE,2619,1372,0.5238640702558228,FALSE,CF,Multi-position OF,FALSE
805249,Otto Kemp,189,0,0,TRUE,FALSE,FALSE,189,189,1,FALSE,LF,LF,TRUE
805300,Jakob Marsee,168,1179,78,TRUE,TRUE,TRUE,1425,1179,0.8273684210526315,FALSE,CF,CF,TRUE
805904,Zach Cole,132,75,141,TRUE,TRUE,TRUE,348,141,0.4051724137931034,FALSE,RF,Multi-position OF,FALSE
807799,Masataka Yoshida,99,0,24,TRUE,FALSE,TRUE,123,99,0.8048780487804879,FALSE,LF,LF,TRUE
808975,Hyeseong Kim,0,256,0,FALSE,TRUE,FALSE,256,256,1,FALSE,CF,CF,TRUE
808982,Jung Hoo Lee,0,3827,0,FALSE,TRUE,FALSE,3827,3827,1,FALSE,CF,CF,TRUE
