omitted_id,range_sd,arm_sd
502054,6.171435226777552,2.1915019820534307
572191,6.172636191786661,2.19349146820019
573262,6.171435226777552,2.148205388996069
592206,6.070305376789153,2.189308601888863
592450,6.168202377923609,2.182908447432381
595777,6.142366097509256,2.183805711694104
596146,6.1765868097315,2.190538300784608
606192,6.118359392287247,2.192938649683646
607043,6.174790064853499,2.194429952892403
621438,6.172636191786661,2.1393629665605363
621439,6.175510280431866,2.1940439462194106
621493,6.1765868097315,2.1836695277244877
624424,6.131158546416314,2.1916996311948616
641355,6.154640905207833,2.1718391669579695
641584,6.1765868097315,2.1876380127224087
642201,6.168202377923609,2.189516827702378
643217,6.131158546416314,2.175852570361192
643565,6.1765868097315,2.194389097357672
650489,6.1765868097315,2.193429015971208
656775,6.172636191786661,2.1520735957867934
657656,6.118359392287248,2.1692860641831753
660670,6.087944872966601,2.1913380522264796
660821,6.174790064853499,2.1919421382795896
662139,6.134784390247534,2.187758492431581
663457,6.174790064853499,2.1761417686214184
663616,6.160039906056199,2.179105905775704
663656,6.171435226777552,2.1851217603711035
663757,6.174790064853499,2.190022284956597
663968,6.1622054720954775,2.192882241861964
664023,6.1765868097315,2.1937762296142775
664056,6.154640905207833,2.1942152931813492
664702,6.122477110276367,2.1944447128979903
664728,6.093056451997119,2.1938183851438398
664770,6.175510280431866,2.1559838861765455
664983,6.172636191786661,2.190711694045981
665487,6.145502888309842,2.184952247083778
665742,6.070305376789152,2.1852794993750386
665750,6.174790064853499,2.192020037497875
665833,6.1765868097315,2.1622662346524284
666134,6.151990744206419,2.161144059371758
666139,6.160039906056199,2.1878732548635713
666160,6.131158546416314,2.149368988397015
666176,6.070305376789152,2.1858272902513303
666181,6.1765868097315,2.1916209715845913
666185,6.171435226777552,2.1944480417490286
666969,6.1768268210884685,2.191644549391871
666971,6.166519752505568,2.194058951990753
667472,6.1768268210884685,2.192938801156227
668227,6.160039906056199,2.185065984591083
668709,6.131158546416314,2.1921508614909206
668804,6.171435226777552,2.185153778690976
669016,6.1765868097315,2.19421296371487
669065,6.171435226777552,2.185407947447036
669326,6.122477110276367,2.1943107114653926
669720,6.1768268210884685,2.194083232291887
669743,6.1765868097315,2.178115061753371
670224,6.172636191786661,2.1886630030397174
670242,6.166519752505568,2.191463648973071
670770,6.1768268210884685,2.1917289668069486
671218,6.118359392287247,2.176701455781213
671221,6.174790064853499,2.1884347514319713
671289,6.131158546416314,2.1941154466559483
671732,6.168202377923608,2.186599629907551
671739,6.145502888309843,2.192361411247003
672016,6.0759198017712635,2.193932020265959
672744,6.171435226777552,2.183223438207839
672761,6.175510280431866,2.1927282207073007
673357,6.154640905207833,2.193368433065456
673548,6.1765868097315,2.193443866629863
676475,6.166519752505568,2.1859400917486167
676694,6.134784390247534,2.1930050040301827
677594,6.108571445381019,2.1928907283688135
677800,6.145502888309842,2.189849719911288
677950,6.1765868097315,2.1944463735596047
678882,5.909203688316134,2.1831308184409415
680718,6.171435226777551,2.1599193168362545
680757,6.1622054720954775,2.0906354593594707
680776,6.166519752505568,2.164934635391714
681297,6.1765868097315,2.1913446108433496
681460,6.151990744206419,2.1908424925569534
681481,6.171435226777551,2.193774721908275
681624,6.108571445381019,2.173434970592853
682657,6.151990744206419,2.193998982117868
682985,6.1768268210884685,2.1642707155872074
682998,6.122477110276367,2.1794150626361577
686217,6.154640905207833,2.1916395476659813
686527,6.171435226777551,2.184234194383182
686555,6.172636191786661,2.1829209454859653
686611,6.175510280431866,2.1879500374768197
686668,6.1622054720954775,2.1366345256302237
687363,6.014634742621687,2.172964211540833
687597,6.171435226777551,2.191463841312736
690987,6.174790064853499,2.193730179129681
691016,6.168202377923609,2.189537899992141
691023,6.160039906056199,2.180673309642213
691176,6.118359392287248,2.19289157275871
691718,5.811535450696228,2.1804935149802622
694192,6.172636191786661,2.191095630815679
694671,6.122477110276367,2.1939854990558625
695578,6.142366097509256,2.194430512787834
695734,6.131158546416314,2.180466019149086
696285,6.057147730930926,2.1871174471362975
701358,6.1768268210884685,2.1941851626785174
701538,6.175510280431866,2.178703103853707
802415,6.151990744206419,2.1923589758055004
805300,6.168202377923609,2.193577438077144
808982,6.151990744206419,2.1813829192051446
