family,model,mlbam_id,player_name,cooks_distance,cutoff
range,baseline,665742,Juan Soto,0.057749213851682524,0.043478260869565216
range,baseline,666176,Jo Adell,0.08714786706696682,0.043478260869565216
range,baseline,672016,Denzel Clarke,0.04403524826703012,0.043478260869565216
range,baseline,678882,Ceddanne Rafaela,0.04440162049355228,0.043478260869565216
range,baseline,691718,Pete Crow-Armstrong,0.09683448820545458,0.043478260869565216
range,speed,643565,Mike Tauchman,0.0890648419570219,0.043478260869565216
range,speed,666176,Jo Adell,0.07020566770398025,0.043478260869565216
range,speed,691718,Pete Crow-Armstrong,0.08359708879469084,0.043478260869565216
range,jump,657656,Ramón Laureano,0.05396671654668161,0.043478260869565216
range,jump,665742,Juan Soto,0.053654885843082346,0.043478260869565216
range,jump,668709,JJ Bleday,0.05791981879275212,0.043478260869565216
range,jump,686555,Isaac Collins,0.07280229917595456,0.043478260869565216
range,jump,691718,Pete Crow-Armstrong,0.06150046112714228,0.043478260869565216
range,burst,573262,Mike Yastrzemski,0.04975363134666494,0.043478260869565216
range,burst,665742,Juan Soto,0.04778391358006611,0.043478260869565216
range,burst,668709,JJ Bleday,0.06287276704580003,0.043478260869565216
range,burst,671218,Heliot Ramos,0.047120149983548854,0.043478260869565216
range,burst,691718,Pete Crow-Armstrong,0.06972468395022903,0.043478260869565216
range,burst,802415,Chandler Simpson,0.07311525378101257,0.043478260869565216
range,components,668709,JJ Bleday,0.04705582481699659,0.043478260869565216
range,components,671218,Heliot Ramos,0.04783527670618287,0.043478260869565216
range,components,682998,Corbin Carroll,0.044849172222338446,0.043478260869565216
range,components,686555,Isaac Collins,0.06093499155947974,0.043478260869565216
range,components,691718,Pete Crow-Armstrong,0.05676728616111605,0.043478260869565216
range,components,696285,Jacob Young,0.1578087686571395,0.043478260869565216
range,components,802415,Chandler Simpson,0.07708616065151573,0.043478260869565216
arm,baseline,573262,Mike Yastrzemski,0.03743688719284108,0.03389830508474576
arm,baseline,641355,Cody Bellinger,0.03778491407879882,0.03389830508474576
arm,baseline,656775,Cedric Mullins,0.04189909463264521,0.03389830508474576
arm,baseline,657656,Ramón Laureano,0.034115698101068063,0.03389830508474576
arm,baseline,664770,Nathan Lukes,0.048496852769298535,0.03389830508474576
arm,baseline,666160,Mickey Moniak,0.06453432940658774,0.03389830508474576
arm,baseline,680718,Addison Barger,0.035653077220832365,0.03389830508474576
arm,baseline,680757,Steven Kwan,0.11171636918086603,0.03389830508474576
arm,baseline,680776,Jarren Duran,0.04791612380531031,0.03389830508474576
arm,baseline,686668,Brenton Doyle,0.04628387286360809,0.03389830508474576
arm,strength,573262,Mike Yastrzemski,0.05072917005039559,0.03389830508474576
arm,strength,656775,Cedric Mullins,0.03640281281102369,0.03389830508474576
arm,strength,664770,Nathan Lukes,0.044171676882915706,0.03389830508474576
arm,strength,666160,Mickey Moniak,0.05410336456086779,0.03389830508474576
arm,strength,680757,Steven Kwan,0.11496151955773014,0.03389830508474576
arm,strength,680776,Jarren Duran,0.04429198733976095,0.03389830508474576
attempts,baseline,641355,Cody Bellinger,0.0983308919341052,0.03389830508474576
attempts,baseline,656775,Cedric Mullins,0.048616962194175425,0.03389830508474576
attempts,baseline,664023,Ian Happ,0.07578298862339967,0.03389830508474576
attempts,baseline,666160,Mickey Moniak,0.08730132382185717,0.03389830508474576
attempts,baseline,666176,Jo Adell,0.05783646585253828,0.03389830508474576
attempts,baseline,666969,Adolis García,0.04900121107963797,0.03389830508474576
attempts,baseline,677950,Alek Thomas,0.05019288409007218,0.03389830508474576
attempts,baseline,691718,Pete Crow-Armstrong,0.04303756284522031,0.03389830508474576
attempts,strength,641355,Cody Bellinger,0.07601958642710778,0.03389830508474576
attempts,strength,656775,Cedric Mullins,0.04896428433065408,0.03389830508474576
attempts,strength,662139,Daulton Varsho,0.07342323228834836,0.03389830508474576
attempts,strength,664023,Ian Happ,0.06941415522702805,0.03389830508474576
attempts,strength,665833,Oneil Cruz,0.06557413731370348,0.03389830508474576
attempts,strength,666160,Mickey Moniak,0.06739512825988535,0.03389830508474576
attempts,strength,666176,Jo Adell,0.043135782957071024,0.03389830508474576
attempts,strength,666969,Adolis García,0.0416254754343413,0.03389830508474576
attempts,strength,676694,Jake Meyers,0.03528347322963954,0.03389830508474576
attempts,strength,677950,Alek Thomas,0.053886570151786495,0.03389830508474576
attempts,strength,691718,Pete Crow-Armstrong,0.03638917055995811,0.03389830508474576
