family,scenario,threshold,model,players,rmse,mae,strength_coefficient,rmse_improvement_vs_baseline
range,all_players,0.5,baseline,92,6.031430724841523,4.722159859989237,NA,0
range,all_players,0.5,speed,92,5.805826421013734,4.707790952685025,NA,0.2256043038277893
range,all_players,0.5,jump,92,3.86713613311961,3.101984655924471,NA,2.164294591721913
range,all_players,0.5,burst,92,3.667029819169586,2.917719903598019,NA,2.3644009056719373
range,all_players,0.5,components,92,3.7671342642614096,2.9902182851358488,NA,2.2642964605801135
arm,all_players,0.5,baseline,118,2.1514435288647156,1.712493451694059,NA,0
arm,all_players,0.5,strength,118,1.8954910894607753,1.507854154950163,0.2610218729261741,0.2559524394039403
attempts,all_players,0.5,baseline,118,0.029886341619400996,0.023316287796331506,NA,0
attempts,all_players,0.5,strength,118,0.02994452139261104,0.02315203366165423,-0.006116905894908922,-5.8179773210043084e-5
range,all_players,0.6,baseline,92,5.900727452057697,4.709680304111313,NA,0
range,all_players,0.6,speed,92,5.655575986914104,4.684789596514631,NA,0.24515146514359287
range,all_players,0.6,jump,92,3.950501526966394,3.1491157588266825,NA,1.9502259250913028
range,all_players,0.6,burst,92,3.6872900641889617,2.9594982631776787,NA,2.2134373878687352
range,all_players,0.6,components,92,3.78872488418954,3.049380597501584,NA,2.112002567868157
arm,all_players,0.6,baseline,118,2.154435447414095,1.706442301518104,NA,0
arm,all_players,0.6,strength,118,1.911722172647066,1.4939863482168905,0.2540748249082223,0.24271327476702909
attempts,all_players,0.6,baseline,118,0.030451940161247283,0.02368226857878976,NA,0
attempts,all_players,0.6,strength,118,0.030596572981440483,0.023706490178228613,-0.005818759343367022,-1.4463282019320026e-4
range,all_players,0.7,baseline,92,5.726881771206528,4.56881909694187,NA,0
range,all_players,0.7,speed,92,5.519210695416769,4.515784602630669,NA,0.20767107578975885
range,all_players,0.7,jump,92,3.766987858712951,2.960287390439447,NA,1.9598939124935768
range,all_players,0.7,burst,92,3.5480535502591897,2.874925709664998,NA,2.178828220947338
range,all_players,0.7,components,92,3.640726851231814,2.9562579131662883,NA,2.086154919974714
arm,all_players,0.7,baseline,118,2.1432576628222466,1.6982344059485004,NA,0
arm,all_players,0.7,strength,118,1.8983705909872215,1.4737040177368788,0.25236080311683634,0.24488707183502512
attempts,all_players,0.7,baseline,118,0.030342760341510382,0.023585580797735123,NA,0
attempts,all_players,0.7,strength,118,0.03054447020202436,0.02359594842371804,-0.005772327703799141,-2.0170986051397735e-4
range,omit_665742,0.6,baseline,91,5.801136124017789,4.643995107653454,NA,0
range,omit_665742,0.6,speed,91,5.6222000167604325,4.630289931995783,NA,0.17893610725735698
range,omit_665742,0.6,jump,91,3.883802139426813,3.093243103334762,NA,1.9173339845909765
range,omit_665742,0.6,burst,91,3.6372879322838445,2.917408648708903,NA,2.163848191733945
range,omit_665742,0.6,components,91,3.7411472184711037,3.006793930047038,NA,2.059988905546686
range,omit_666176,0.6,baseline,91,5.786643214129976,4.594355507091649,NA,0
range,omit_666176,0.6,speed,91,5.5579276196358185,4.585652553436974,NA,0.22871559449415724
range,omit_666176,0.6,jump,91,3.9811782922261143,3.1838244795420483,NA,1.8054649219038614
range,omit_666176,0.6,burst,91,3.713066081530624,2.990098311372656,NA,2.0735771325993517
range,omit_666176,0.6,components,91,3.815621855594869,3.081895082101777,NA,1.9710213585351068
range,omit_672016,0.6,baseline,91,5.861201356895907,4.6706043217321085,NA,0
range,omit_672016,0.6,speed,91,5.639294703390671,4.65278600722834,NA,0.2219066535052363
range,omit_672016,0.6,jump,91,3.95511148496076,3.1400914359498073,NA,1.906089871935147
range,omit_672016,0.6,burst,91,3.711696551456109,2.982747686839083,NA,2.149504805439798
range,omit_672016,0.6,components,91,3.8129041149664205,3.0682482932983333,NA,2.0482972419294865
range,omit_678882,0.6,baseline,91,5.759467249356359,4.603611023362794,NA,0
range,omit_678882,0.6,speed,91,5.525151918317601,4.579526509688299,NA,0.2343153310387578
range,omit_678882,0.6,jump,91,3.978739306846387,3.1789029130628803,NA,1.7807279425099716
range,omit_678882,0.6,burst,91,3.6853788562272247,2.9486286787085736,NA,2.074088393129134
range,omit_678882,0.6,components,91,3.793021033524502,3.031631542977373,NA,1.9664462158318567
range,omit_691718,0.6,baseline,91,5.666017871905882,4.568378570076352,NA,0
range,omit_691718,0.6,speed,91,5.455942037844986,4.546409556573911,NA,0.2100758340608957
range,omit_691718,0.6,jump,91,3.901074561636401,3.123219344801703,NA,1.764943310269481
range,omit_691718,0.6,burst,91,3.6268203001858725,2.916480904819689,NA,2.0391975717200093
range,omit_691718,0.6,components,91,3.734704989345219,3.0012122742505185,NA,1.931312882560663
range,omit_643565,0.6,baseline,91,5.932095317870455,4.737071992146932,NA,0
range,omit_643565,0.6,speed,91,5.593316208831405,4.654431582502184,NA,0.3387791090390495
range,omit_643565,0.6,jump,91,3.9561621534092275,3.1436347611761195,NA,1.9759331644612272
range,omit_643565,0.6,burst,91,3.664104669376369,2.920500964860047,NA,2.2679906484940857
range,omit_643565,0.6,components,91,3.7723532062237344,3.0116590823394063,NA,2.1597421116467204
range,omit_657656,0.6,baseline,91,5.877884601218806,4.654281591668046,NA,0
range,omit_657656,0.6,speed,91,5.646267843998266,4.648348080797929,NA,0.23161675722054031
range,omit_657656,0.6,jump,91,3.873020719301877,3.0848968440152187,NA,2.004863881916929
range,omit_657656,0.6,burst,91,3.640167196383649,2.888757019803159,NA,2.2377174048351574
range,omit_657656,0.6,components,91,3.7420805362367022,2.9794761663189955,NA,2.135804064982104
range,omit_668709,0.6,baseline,91,5.782964318144204,4.633491810019622,NA,0
range,omit_668709,0.6,speed,91,5.596340400777743,4.630419211142061,NA,0.186623917366461
range,omit_668709,0.6,jump,91,3.813441785306945,3.0617789265584547,NA,1.9695225328372592
range,omit_668709,0.6,burst,91,3.5482571886156307,2.8855264394254885,NA,2.2347071295285734
range,omit_668709,0.6,components,91,3.6474891228232944,2.970578432720704,NA,2.1354751953209097
range,omit_686555,0.6,baseline,91,5.905890938074848,4.708056049797441,NA,0
range,omit_686555,0.6,speed,91,5.663615875876087,4.688346854763508,NA,0.24227506219876105
range,omit_686555,0.6,jump,91,3.8984433788569723,3.105144193133371,NA,2.007447559217876
range,omit_686555,0.6,burst,91,3.6806271086678364,2.931866492499624,NA,2.225263829407012
range,omit_686555,0.6,components,91,3.7551694356805934,3.012117624382423,NA,2.150721502394255
range,omit_573262,0.6,baseline,91,5.93519258397051,4.7495522771436836,NA,0
range,omit_573262,0.6,speed,91,5.690998594327634,4.73548542557186,NA,0.2441939896428762
range,omit_573262,0.6,jump,91,3.9249719380009873,3.120895945035185,NA,2.0102206459695227
range,omit_573262,0.6,burst,91,3.6169852227255026,2.9190681461861003,NA,2.3182073612450074
range,omit_573262,0.6,components,91,3.7246004373898036,3.0047467745289778,NA,2.2105921465807064
range,omit_671218,0.6,baseline,91,5.8822731810226605,4.679557523453808,NA,0
range,omit_671218,0.6,speed,91,5.633083292855789,4.64221963659843,NA,0.24918988816687193
range,omit_671218,0.6,jump,91,3.9100274133517265,3.1037706445878324,NA,1.972245767670934
range,omit_671218,0.6,burst,91,3.6082457618242745,2.865701136245513,NA,2.274027419198386
range,omit_671218,0.6,components,91,3.7035044099937444,2.950713258852144,NA,2.178768771028916
range,omit_802415,0.6,baseline,91,5.919701221536034,4.704938580898694,NA,0
range,omit_802415,0.6,speed,91,5.639135477145452,4.649758795109637,NA,0.28056574439058224
range,omit_802415,0.6,jump,91,3.9045286081070762,3.1034442174926418,NA,2.0151726134289576
range,omit_802415,0.6,burst,91,3.5890204206533536,2.870025790896903,NA,2.3306808008826803
range,omit_802415,0.6,components,91,3.673228393375629,2.943101460096954,NA,2.246472828160405
range,omit_682998,0.6,baseline,91,5.837787535839626,4.651211792194313,NA,0
range,omit_682998,0.6,speed,91,5.655826296657228,4.674720778559507,NA,0.1819612391823977
range,omit_682998,0.6,jump,91,3.9207177576987027,3.121246913062541,NA,1.917069778140923
range,omit_682998,0.6,burst,91,3.6380604226912756,2.9121282029008486,NA,2.19972711314835
range,omit_682998,0.6,components,91,3.755348110271438,3.0006699556054217,NA,2.0824394255681877
range,omit_696285,0.6,baseline,91,5.876704982676426,4.670345538916308,NA,0
range,omit_696285,0.6,speed,91,5.644670357535675,4.6552196508437875,NA,0.23203462514075035
range,omit_696285,0.6,jump,91,3.9454837304290447,3.137274126375842,NA,1.931221252247381
range,omit_696285,0.6,burst,91,3.6409595182222745,2.9160071621524755,NA,2.2357454644541512
range,omit_696285,0.6,components,91,3.7191202667132117,2.976736275761608,NA,2.157584715963214
range,omit_all_flagged,0.6,baseline,78,4.853342344695466,3.8417346246874957,NA,0
range,omit_all_flagged,0.6,speed,78,4.798906447675484,3.8997750295402245,NA,0.054435897019982527
range,omit_all_flagged,0.6,jump,78,3.3614336106954554,2.676631970227443,NA,1.491908734000011
range,omit_all_flagged,0.6,burst,78,2.883156815037057,2.312295024127573,NA,1.9701855296584094
range,omit_all_flagged,0.6,components,78,2.926264748377051,2.3557764509882433,NA,1.9270775963184152
arm,omit_573262,0.6,baseline,117,2.119280063736029,1.6772634503910282,NA,0
arm,omit_573262,0.6,strength,117,1.8585153968519763,1.460516102963386,0.2593032791871441,0.26076466688405286
arm,omit_641355,0.6,baseline,117,2.139853750508028,1.681902894910839,NA,0
arm,omit_641355,0.6,strength,117,1.9001044597865164,1.476597258016736,0.25101260892905486,0.23974929072151174
arm,omit_656775,0.6,baseline,117,2.1085150991972403,1.6816462219240313,NA,0
arm,omit_656775,0.6,strength,117,1.8807639796819058,1.4668886770347696,0.24365231092821935,0.22775111951533455
arm,omit_657656,0.6,baseline,117,2.1359382434738476,1.6786197146858457,NA,0
arm,omit_657656,0.6,strength,117,1.8973491324989087,1.4743693504148936,0.250260029767827,0.23858911097493896
arm,omit_664770,0.6,baseline,117,2.119528006997734,1.6675652510102756,NA,0
arm,omit_664770,0.6,strength,117,1.8782874128901383,1.4625810818708136,0.25035749317233863,0.24124059410759546
arm,omit_666160,0.6,baseline,117,2.116510323283229,1.6922304729845101,NA,0
arm,omit_666160,0.6,strength,117,1.8799398547924382,1.4771558504353066,0.24827941812743262,0.23657046849079078
arm,omit_680718,0.6,baseline,117,2.123487452566472,1.6795165151250409,NA,0
arm,omit_680718,0.6,strength,117,1.9030480806041703,1.4817100392978244,0.24348317509272716,0.2204393719623019
arm,omit_680757,0.6,baseline,117,2.0479882214968823,1.6592292096100663,NA,0
arm,omit_680757,0.6,strength,117,1.7928383724157682,1.4383975796498976,0.2519429340261065,0.25514984908111416
arm,omit_680776,0.6,baseline,117,2.130079166147707,1.6875547237407789,NA,0
arm,omit_680776,0.6,strength,117,1.8870365509671,1.4714561105748658,0.2516864659961909,0.24304261518060688
arm,omit_686668,0.6,baseline,117,2.1209333751753303,1.679641903470081,NA,0
arm,omit_686668,0.6,strength,117,1.8992132156356023,1.4859769443303805,0.24349475950592706,0.221720159539728
arm,omit_all_flagged,0.6,baseline,108,1.676495713504398,1.3894076196017038,NA,0
arm,omit_all_flagged,0.6,strength,108,1.4717100225324207,1.2173317282515617,0.204507611528056,0.2047856909719774
attempts,omit_641355,0.6,baseline,117,0.030233219727941723,0.023525007343817662,NA,0
attempts,omit_641355,0.6,strength,117,0.03038965501611038,0.02357355525310739,-0.005496300295750725,-1.564352881686555e-4
attempts,omit_656775,0.6,baseline,117,0.03007017546485889,0.023292407963469087,NA,0
attempts,omit_656775,0.6,strength,117,0.0302469592186933,0.02334887190586814,-0.004919120303716532,-1.7678375383441136e-4
attempts,omit_664023,0.6,baseline,117,0.030008404765525788,0.02333453316790405,NA,0
attempts,omit_664023,0.6,strength,117,0.030132582479435514,0.023312231524348404,-0.0061895343438073845,-1.241777139097261e-4
attempts,omit_666160,0.6,baseline,117,0.030108492915872087,0.023361046244421885,NA,0
attempts,omit_666160,0.6,strength,117,0.030281259472555697,0.02340012759276803,-0.0053499211435935985,-1.727665566836102e-4
attempts,omit_666176,0.6,baseline,117,0.03026913061713043,0.023455181271190742,NA,0
attempts,omit_666176,0.6,strength,117,0.030446176949150975,0.023504846115691418,-0.0053259599718833905,-1.7704633202054662e-4
attempts,omit_666969,0.6,baseline,117,0.030061334887287502,0.02335311564182399,NA,0
attempts,omit_666969,0.6,strength,117,0.030223323574763816,0.02340404761198667,-0.005288485741648178,-1.6198868747631379e-4
attempts,omit_677950,0.6,baseline,117,0.030060436791681047,0.023287413095906647,NA,0
attempts,omit_677950,0.6,strength,117,0.030239944551273712,0.023346994985881796,-0.004806305904515205,-1.7950775959266543e-4
attempts,omit_691718,0.6,baseline,117,0.030271764693439025,0.023596012562236854,NA,0
attempts,omit_691718,0.6,strength,117,0.030452707991733066,0.02361189606765241,-0.005226821681389035,-1.8094329829404163e-4
attempts,omit_662139,0.6,baseline,117,0.03036219161147714,0.023581138383031035,NA,0
attempts,omit_662139,0.6,strength,117,0.030148993262190334,0.023470688625655035,-0.007517446983515586,2.131983492868056e-4
attempts,omit_665833,0.6,baseline,117,0.030427628075934555,0.02354592840791588,NA,0
attempts,omit_665833,0.6,strength,117,0.030443913956132634,0.023481149935582507,-0.007240902844782039,-1.6285880198078917e-5
attempts,omit_676694,0.6,baseline,117,0.03039229336088929,0.02360556528935108,NA,0
attempts,omit_676694,0.6,strength,117,0.030386660222579277,0.023554084063697196,-0.006901341813761221,5.633138310014163e-6
attempts,omit_all_flagged,0.6,baseline,107,0.02740140789111232,0.020830892433560545,NA,0
attempts,omit_all_flagged,0.6,strength,107,0.02712063616306265,0.020599146307725857,-0.00581962538952008,2.8077172804966827e-4
