"Package","Version"
"abind","1.4-8"
"AsioHeaders","1.30.2-1"
"askpass","1.2.1"
"babynames","1.0.1"
"backports","1.5.0"
"base","4.5.2"
"base64enc","0.1-3"
"baseballr","2.0.0"
"bigD","0.3.1"
"bit","4.6.0"
"bit64","4.6.0-1"
"bitops","1.0-9"
"blob","1.2.4"
"boot","1.3-32"
"broom","1.0.9"
"bslib","0.9.0"
"cachem","1.1.0"
"calendar","0.2.0"
"callr","3.7.6"
"car","3.1-3"
"carData","3.0-5"
"cellranger","1.1.0"
"checkmate","2.3.3"
"chromote","0.5.1"
"class","7.3-23"
"classInt","0.4-11"
"cli","3.6.6"
"clipr","0.8.0"
"cluster","2.1.8.1"
"coda","0.19-4.1"
"codetools","0.2-20"
"colorspace","2.1-2"
"commonmark","2.0.0"
"compiler","4.5.2"
"conflicted","1.2.0"
"cowplot","1.2.0"
"cpp11","0.5.5"
"crayon","1.5.3"
"crosstalk","1.2.2"
"curl","7.1.0"
"data.table","1.18.4"
"datasauRus","0.1.9"
"datasets","4.5.2"
"DBI","1.2.3"
"dbplyr","2.5.0"
"deldir","2.0-4"
"Deriv","4.2.0"
"DescTools","0.99.60"
"digest","0.6.37"
"doBy","4.7.0"
"downloader","0.4.1"
"dplyr","1.2.1"
"DT","0.34.0"
"dtplyr","1.3.1"
"e1071","1.7-16"
"Ecdat","0.4.7"
"evaluate","1.0.5"
"Exact","3.3"
"expm","1.0-0"
"farver","2.1.2"
"fastmap","1.2.0"
"fivethirtyeight","0.6.2"
"fontawesome","0.5.3"
"forcats","1.0.0"
"foreign","0.8-90"
"Formula","1.2-5"
"fs","1.6.6"
"future","1.67.0"
"future.apply","1.20.0"
"gapminder","1.0.1"
"gargle","1.6.0"
"generics","0.1.4"
"GGally","2.4.0"
"ggforce","0.5.0"
"ggformula","0.12.2"
"ggnetwork","0.5.14"
"ggplot2","4.0.3"
"ggraph","2.2.2"
"ggrepel","0.9.6"
"ggridges","0.5.7"
"ggspatial","1.1.10"
"ggstats","0.10.0"
"gld","2.6.8"
"GLMsData","1.4"
"globals","0.18.0"
"glue","1.8.1"
"gmp","0.7-5"
"googledrive","2.1.1"
"googlesheets4","1.1.2"
"graphics","4.5.2"
"graphlayouts","1.2.2"
"grDevices","4.5.2"
"grid","4.5.2"
"gridExtra","2.3"
"gt","1.3.0"
"gtable","0.3.6"
"haven","2.5.5"
"HH","3.1-53"
"highr","0.11"
"Hmisc","5.2-4"
"hms","1.1.4"
"htmlTable","2.4.3"
"htmltools","0.5.8.1"
"htmlwidgets","1.6.4"
"httpuv","1.6.16"
"httr","1.4.8"
"httr2","1.2.3"
"ids","1.0.1"
"igraph","2.2.1"
"igraphdata","1.0.1"
"interp","1.1-6"
"isoband","0.3.0"
"ISOcodes","2025.05.18"
"janeaustenr","1.0.0"
"janitor","2.2.1"
"jose","1.2.1"
"jpeg","0.1-11"
"jquerylib","0.1.4"
"jsonlite","2.0.0"
"juicyjuice","0.1.0"
"kableExtra","1.4.0"
"KernSmooth","2.23-26"
"knitr","1.50"
"labeling","0.4.3"
"labelled","2.14.1"
"Lahman","13.0-0"
"later","1.4.4"
"lattice","0.22-7"
"latticeExtra","0.6-31"
"lazyeval","0.2.2"
"leaflet","2.2.3"
"leaflet.providers","2.0.0"
"leaps","3.2"
"lifecycle","1.0.5"
"listenv","0.9.1"
"litedown","0.9"
"lme4","1.1-37"
"lmom","3.2"
"lmtest","0.9-40"
"lubridate","1.9.5"
"magrittr","2.0.5"
"maps","3.4.3"
"markdown","2.0"
"MASS","7.3-65"
"Matrix","1.7-4"
"MatrixModels","0.5-4"
"mclust","6.1.2"
"mdsr","0.2.8"
"memoise","2.0.1"
"methods","4.5.2"
"mgcv","1.9-3"
"microbenchmark","1.5.0"
"mime","0.13"
"minqa","1.2.8"
"modelr","0.1.11"
"mosaic","1.9.2"
"mosaicCore","0.9.5"
"mosaicData","0.20.4"
"multcomp","1.4-29"
"mvtnorm","1.3-3"
"nasaweather","0.1.1"
"network","1.19.0"
"nlme","3.1-168"
"nloptr","2.2.1"
"nnet","7.3-20"
"numDeriv","2016.8-1.1"
"nycflights13","1.0.2"
"openssl","2.4.2"
"otel","0.2.0"
"packrat","0.9.3"
"parallel","4.5.2"
"parallelly","1.45.1"
"patchwork","1.3.2"
"pbkrtest","0.5.5"
"pdxTrees","0.4.0"
"pillar","1.11.1"
"pkgconfig","2.0.3"
"PKI","0.1-15"
"plogr","0.2.0"
"plotly","4.11.0"
"plyr","1.8.9"
"png","0.1-8"
"polyclip","1.10-7"
"prettymapr","0.2.5"
"prettyunits","1.2.0"
"processx","3.8.6"
"progress","1.2.3"
"promises","1.5.0"
"proxy","0.4-27"
"ps","1.9.1"
"purrr","1.2.2"
"quantreg","6.1"
"R6","2.6.1"
"ragg","1.5.0"
"rappdirs","0.3.4"
"raster","3.6-32"
"rbibutils","2.3"
"RColorBrewer","1.1-3"
"Rcpp","1.1.2"
"RcppArmadillo","15.0.2-2"
"RcppEigen","0.3.4.0.2"
"RcppParallel","5.1.11-2"
"RcppTOML","0.2.3"
"RCurl","1.98-1.17"
"Rdpack","2.6.4"
"reactable","0.4.5"
"reactR","0.6.1"
"readr","2.1.5"
"readxl","1.4.5"
"reformulas","0.4.1"
"rematch","2.0.0"
"rematch2","2.1.2"
"remotes","2.5.0"
"renv","1.1.5"
"repr","1.1.7"
"reprex","2.1.1"
"reshape2","1.4.4"
"rjson","0.2.23"
"rlang","1.3.0"
"RMariaDB","1.3.4"
"rmarkdown","2.29"
"Rmpfr","1.1-2"
"RMySQL","0.11.1"
"rnaturalearth","1.1.0"
"rnaturalearthdata","1.0.0"
"robotstxt","0.7.15"
"rootSolve","1.8.2.4"
"rosm","0.3.0"
"rpart","4.1.24"
"rsconnect","1.5.1"
"rstudioapi","0.17.1"
"rvest","1.0.5"
"s2","1.1.9"
"S7","0.2.2"
"sandwich","3.1-1"
"sass","0.4.10"
"scales","1.4.0"
"selectr","0.6-0"
"sf","1.0-21"
"shiny","1.14.0"
"shinythemes","1.2.0"
"skimr","2.2.1"
"sna","2.8"
"snakecase","0.11.1"
"SnowballC","0.7.1"
"snowflakeauth","0.2.0"
"sourcetools","0.1.7-1"
"sp","2.2-0"
"SparseM","1.84-2"
"spatial","7.3-18"
"spiderbar","0.2.5"
"splines","4.5.2"
"Stat2Data","2.0.0"
"statnet.common","4.12.0"
"stats","4.5.2"
"stats4","4.5.2"
"stopwords","2.3"
"stringi","1.8.7"
"stringr","1.6.0"
"survival","3.8-3"
"svglite","2.2.1"
"sys","3.4.3"
"systemfonts","1.2.3"
"tcltk","4.5.2"
"terra","1.8-70"
"textdata","0.4.5"
"textshaping","1.0.3"
"TH.data","1.1-4"
"tibble","3.3.1"
"tidygraph","1.3.1"
"tidyr","1.3.2"
"tidyselect","1.2.1"
"tidytext","0.4.3"
"tidyverse","2.0.0"
"timechange","0.4.0"
"tinytex","0.57"
"tokenizers","0.3.0"
"tools","4.5.2"
"tweenr","2.0.3"
"tzdb","0.5.0"
"units","1.0-0"
"unvotes","0.3.0"
"utf8","1.2.6"
"utils","4.5.2"
"uuid","1.2-1"
"V8","8.2.0"
"vcd","1.4-13"
"vctrs","0.7.3"
"viridis","0.6.5"
"viridisLite","0.4.3"
"visdat","0.6.0"
"vroom","1.6.5"
"webshot2","0.1.2"
"websocket","1.4.4"
"withr","3.0.3"
"wk","0.9.4"
"wordcloud","2.6"
"xfun","0.58"
"xml2","1.6.0"
"xtable","1.8-4"
"yaml","2.3.10"
"zip","2.3.3"
"zoo","1.8-14"
