scenario,family,model,mlbam_id,player_name,position,actual,predicted
curvature,arm,baseline,502054,Tommy Pham,LF,-1.171167899055583,-0.4160989018653226
curvature,arm,baseline,543807,George Springer,RF,-2.588107061546566,-0.1883591064728235
curvature,arm,baseline,572191,Michael A. Taylor,Multi-position OF,-0.6728211365913792,-0.25116566041592847
curvature,arm,baseline,573262,Mike Yastrzemski,RF,4.558942932422652,-0.08370521007286824
curvature,arm,baseline,592206,Nick Castellanos,RF,-1.5426271239484215,0.17545425419757787
curvature,arm,baseline,592450,Aaron Judge,RF,2.2808366216085663,-0.20107844448632012
curvature,arm,baseline,595777,Jurickson Profar,LF,-2.213223359833487,-0.5261198036324574
curvature,arm,baseline,596146,Max Kepler,LF,-1.3472028936192504,-0.4097896233677567
curvature,arm,baseline,606192,Teoscar Hernández,RF,-0.8419174315230058,0.08313547843807778
curvature,arm,baseline,607043,Brandon Nimmo,LF,-0.106130228114432,-0.26709441802163614
curvature,arm,baseline,621438,Tyrone Taylor,CF,4.971724418396483,0.29188093000756143
curvature,arm,baseline,621439,Byron Buxton,CF,-0.4418317589943382,0.6261763333685865
curvature,arm,baseline,621493,Taylor Ward,LF,-2.227229009385241,0.06384588182927065
curvature,arm,baseline,624424,Michael Conforto,LF,-1.1316390801068077,-0.48032916153851
curvature,arm,baseline,641355,Cody Bellinger,Multi-position OF,3.1930043920439255,-0.24470445744970026
curvature,arm,baseline,641584,Jake Fraley,RF,-1.7735897761757091,-0.19801449408081861
curvature,arm,baseline,641933,Tyler O'Neill,RF,-1.4540820160712462,-0.2430306152794353
curvature,arm,baseline,642201,Eli White,RF,1.4882608106309727,-0.2732173685061377
curvature,arm,baseline,643217,Andrew Benintendi,LF,-2.919123780075372,-0.5298641128524324
curvature,arm,baseline,643565,Mike Tauchman,RF,-0.17766717753047778,-0.18421404145286235
curvature,arm,baseline,650489,Willi Castro,Multi-position OF,0.6709544905555934,-0.466174737873471
curvature,arm,baseline,656775,Cedric Mullins,CF,-4.388636968516528,0.7975065610963987
curvature,arm,baseline,657077,Alex Verdugo,LF,-0.6414576010268973,-0.7792754961269988
curvature,arm,baseline,657656,Ramón Laureano,Multi-position OF,3.3681020179076624,-0.33497931680733417
curvature,arm,baseline,657757,Gavin Sheets,LF,1.2922565475564758,-0.8771305529589504
curvature,arm,baseline,660670,Ronald Acuña Jr.,RF,1.1798816140276314,-0.10109664736785551
curvature,arm,baseline,660821,Jesús Sánchez,RF,1.0580654957276394,-0.05867633098217262
curvature,arm,baseline,662139,Daulton Varsho,CF,-1.757961029988357,0.42009793301901427
curvature,arm,baseline,663457,Lars Nootbaar,LF,-2.8965229750583656,-0.13400465687297125
curvature,arm,baseline,663616,Trevor Larnach,RF,-2.65356450862029,-0.18872448136678588
curvature,arm,baseline,663656,Kyle Tucker,RF,2.049856492631077,-0.12165423672358666
curvature,arm,baseline,663757,Trent Grisham,CF,-1.4324983890233218,0.5261557932782231
curvature,arm,baseline,663968,Jake Mangum,Multi-position OF,-0.8572706036410844,-0.164149780329358
curvature,arm,baseline,664023,Ian Happ,LF,0.5428484766547604,-0.330832590864542
curvature,arm,baseline,664056,Harrison Bader,Multi-position OF,-0.3385543499974198,0.02240355571736108
curvature,arm,baseline,664702,Myles Straw,CF,0.03546860408964611,0.3959310126011074
curvature,arm,baseline,664728,Kyle Isbel,CF,-0.5482903215002092,0.5304545892226992
curvature,arm,baseline,664770,Nathan Lukes,Multi-position OF,4.160600128503111,-0.4690725772889507
curvature,arm,baseline,664983,Jake McCarthy,Multi-position OF,-1.3172867967726531,-0.3376655878892202
curvature,arm,baseline,665487,Fernando Tatis Jr.,RF,2.068462681764043,0.02516527416686709
curvature,arm,baseline,665742,Juan Soto,RF,-2.0554635184924863,0.37799618422768666
curvature,arm,baseline,665750,Leody Taveras,Multi-position OF,-1.0644030741468782,-0.36037254959368686
curvature,arm,baseline,665833,Oneil Cruz,CF,3.80747216804713,0.46361711715669396
curvature,arm,baseline,666134,Nolan Jones,RF,3.8729823530397134,-0.21193188843419009
curvature,arm,baseline,666139,Josh Lowe,RF,-1.7429419368804109,-0.06784738978629073
curvature,arm,baseline,666158,Gavin Lux,LF,3.0390916504963e-4,-0.8210736734067954
curvature,arm,baseline,666160,Mickey Moniak,Multi-position OF,-4.5247540144401475,0.24383003500233158
curvature,arm,baseline,666176,Jo Adell,Multi-position OF,-1.993598499467375,0.07393187774490462
curvature,arm,baseline,666181,Will Benson,Multi-position OF,-1.147535815698723,-0.3418320720453077
curvature,arm,baseline,666185,Dylan Carlson,LF,0.01472747703655152,-0.6890888290584851
curvature,arm,baseline,666624,Christopher Morel,LF,-1.3918179209059698,-0.7110818879062951
curvature,arm,baseline,666969,Adolis García,RF,1.1197200706829331,-0.002188089424659978
curvature,arm,baseline,666971,Lourdes Gurriel Jr.,LF,0.41072361980023625,-0.3802492385316153
curvature,arm,baseline,667472,Dane Myers,CF,-0.8418758207522142,0.5359826411901574
curvature,arm,baseline,668227,Randy Arozarena,LF,-2.0790715056740408,-0.10839989407993245
curvature,arm,baseline,668709,JJ Bleday,CF,1.0126045737285507,0.4032212102211868
curvature,arm,baseline,668804,Bryan Reynolds,RF,-2.069397318078966,0.05101089836302297
curvature,arm,baseline,668885,Austin Martin,LF,-0.01572468570430395,-0.8224035551735464
curvature,arm,baseline,669016,Brandon Marsh,CF,0.31710187701797105,0.6250714064234753
curvature,arm,baseline,669065,Kyle Stowers,LF,2.0180535235053756,-0.5774661487304212
curvature,arm,baseline,669326,Bryce Teodosio,CF,0.24022242948825295,0.2639935486498959
curvature,arm,baseline,669720,Austin Hays,LF,-0.4204643210044666,-0.7411938872577399
curvature,arm,baseline,669743,Alex Call,Multi-position OF,-2.7372281083705943,-0.13218364944091032
curvature,arm,baseline,670224,Kameron Misner,CF,1.6127277239481357,0.18694862208640575
curvature,arm,baseline,670231,John Rave,Multi-position OF,0.5910231574851513,-0.4545662372935908
curvature,arm,baseline,670242,Matt Wallner,RF,1.1556046390933497,-0.1243062452227498
curvature,arm,baseline,670770,TJ Friedl,CF,-1.125652275116681,0.662807791157424
curvature,arm,baseline,671218,Heliot Ramos,LF,-2.852264117949154,-0.009401066054767648
curvature,arm,baseline,671221,Drew Waters,Multi-position OF,-1.6674837935026807,-0.2700096676066825
curvature,arm,baseline,671289,Tyler Freeman,RF,0.37899715749436674,-0.201116698852552
curvature,arm,baseline,671732,Lawrence Butler,RF,-1.902911308551653,0.0941315535710121
curvature,arm,baseline,671739,Michael Harris II,CF,-0.9876726709145612,0.8024827014710118
curvature,arm,baseline,672016,Denzel Clarke,CF,-0.4975823975302214,0.30765696317140895
curvature,arm,baseline,672744,Alexander Canario,Multi-position OF,2.2494187341365737,-0.5349380174339823
curvature,arm,baseline,672761,Wenceel Pérez,RF,0.874762636324407,-0.04361202598041958
curvature,arm,baseline,673357,Luis Robert Jr.,CF,0.6909152403243717,0.4760657043976571
curvature,arm,baseline,673548,Seiya Suzuki,RF,-0.6890459802663226,-0.28369426774937895
curvature,arm,baseline,676475,Alec Burleson,Multi-position OF,-1.980615923782456,-0.262115335124818
curvature,arm,baseline,676694,Jake Meyers,CF,-0.8234849465069446,0.4088925903184503
curvature,arm,baseline,677594,Julio Rodríguez,CF,0.8319043325567982,0.6952409849018524
curvature,arm,baseline,677800,Wilyer Abreu,RF,1.4368238353644978,-0.1962908888321765
curvature,arm,baseline,677950,Alek Thomas,CF,0.02656015185094707,0.6438464297394296
curvature,arm,baseline,678882,Ceddanne Rafaela,CF,2.2587024372292106,0.5918206735270961
curvature,arm,baseline,680718,Addison Barger,RF,3.94320411359214,-0.4805522817421566
curvature,arm,baseline,680757,Steven Kwan,LF,6.790884884520767,-0.6116480174471064
curvature,arm,baseline,680776,Jarren Duran,LF,3.64684485830116,-0.4148308784827004
curvature,arm,baseline,681297,Colton Cowser,Multi-position OF,1.1786261677806569,-0.3763179110393658
curvature,arm,baseline,681460,Brooks Baldwin,Multi-position OF,-1.294256507001798,-0.34666262156246097
curvature,arm,baseline,681481,Kerry Carpenter,RF,-0.5665430102449543,-0.17834521118665253
curvature,arm,baseline,681624,Andy Pages,CF,3.0784142474100085,0.6054835076212067
curvature,arm,baseline,682622,Noelvi Marte,RF,0.9944570487786196,-0.31622743923146807
curvature,arm,baseline,682641,Luis Matos,RF,-0.535526893459448,-0.27030339015812294
curvature,arm,baseline,682657,Angel Martínez,CF,0.4419789022372485,0.41919539747588175
curvature,arm,baseline,682985,Riley Greene,LF,-3.710555132428767,-0.1923235051338108
curvature,arm,baseline,682998,Corbin Carroll,RF,-2.626904589820516,0.34896583818781146
curvature,arm,baseline,686217,Sal Frelick,RF,1.120727573310276,-0.022644198260896142
curvature,arm,baseline,686527,Dominic Canzone,RF,-2.1685577148189843,-0.1655152644247883
curvature,arm,baseline,686555,Isaac Collins,LF,-2.3026726170174268,-0.48305365583465226
curvature,arm,baseline,686611,Dylan Crews,RF,-1.7328196929618065,0.027647079616315184
curvature,arm,baseline,686668,Brenton Doyle,CF,5.092036285918088,0.5310836528377383
curvature,arm,baseline,687363,Victor Scott II,CF,-3.1357383113379647,0.776018861800882
curvature,arm,baseline,687597,Jordan Beck,LF,1.155567072838218,-0.31649430620463004
curvature,arm,baseline,690987,Robert Hassell III,CF,0.5614899581726053,0.2617319597306055
curvature,arm,baseline,691016,Tyler Soderstrom,LF,-1.5081317433325103,-0.4725957169699171
curvature,arm,baseline,691023,Jordan Walker,RF,-2.5154327582345086,0.14438062252758455
curvature,arm,baseline,691176,Jasson Domínguez,LF,-0.8547502290328867,-0.5626527855873178
curvature,arm,baseline,691718,Pete Crow-Armstrong,CF,2.5085929766777535,0.6281619697827582
curvature,arm,baseline,694192,Jackson Chourio,CF,-1.248463846581786,0.7107121004260174
curvature,arm,baseline,694671,Wyatt Langford,LF,0.448713777369651,-0.4049728019030526
curvature,arm,baseline,695506,Jac Caglianone,RF,-0.6001541553280275,-0.29330637235333984
curvature,arm,baseline,695578,James Wood,LF,0.08169507460643674,-0.434818039219524
curvature,arm,baseline,695734,Daylen Lile,RF,-2.5341406617277435,-0.019723315113787332
curvature,arm,baseline,696285,Jacob Young,CF,1.8164990036521376,0.4538610687207174
curvature,arm,baseline,701358,Cam Smith,RF,-0.35894770017858596,-0.002662660477398493
curvature,arm,baseline,701538,Jackson Merrill,CF,2.6648216021736344,0.44897927458219583
curvature,arm,baseline,802415,Chandler Simpson,Multi-position OF,-0.9882414771666924,-0.15923079053729894
curvature,arm,baseline,805300,Jakob Marsee,CF,-0.6424612826953974,0.32423146849479517
curvature,arm,baseline,808982,Jung Hoo Lee,CF,2.427216286187558,0.6397967354904822
curvature,arm,linear,502054,Tommy Pham,LF,-1.171167899055583,-0.39325909723916425
curvature,arm,linear,543807,George Springer,RF,-2.588107061546566,-1.2179099128925777
curvature,arm,linear,572191,Michael A. Taylor,Multi-position OF,-0.6728211365913792,-0.304680840265371
curvature,arm,linear,573262,Mike Yastrzemski,RF,4.558942932422652,-0.5616062901466677
curvature,arm,linear,592206,Nick Castellanos,RF,-1.5426271239484215,-1.8917340654284265
curvature,arm,linear,592450,Aaron Judge,RF,2.2808366216085663,-0.18565326575027913
curvature,arm,linear,595777,Jurickson Profar,LF,-2.213223359833487,-1.1117770448277617
curvature,arm,linear,596146,Max Kepler,LF,-1.3472028936192504,-1.149243505426365
curvature,arm,linear,606192,Teoscar Hernández,RF,-0.8419174315230058,-0.7589943657763791
curvature,arm,linear,607043,Brandon Nimmo,LF,-0.106130228114432,-0.9309978743578202
curvature,arm,linear,621438,Tyrone Taylor,CF,4.971724418396483,0.5311645929985919
curvature,arm,linear,621439,Byron Buxton,CF,-0.4418317589943382,0.7385234943897
curvature,arm,linear,621493,Taylor Ward,LF,-2.227229009385241,-0.4439432030801539
curvature,arm,linear,624424,Michael Conforto,LF,-1.1316390801068077,-0.4166804601697241
curvature,arm,linear,641355,Cody Bellinger,Multi-position OF,3.1930043920439255,0.24178698646154304
curvature,arm,linear,641584,Jake Fraley,RF,-1.7735897761757091,-0.12680178633485514
curvature,arm,linear,641933,Tyler O'Neill,RF,-1.4540820160712462,0.16708051420370623
curvature,arm,linear,642201,Eli White,RF,1.4882608106309727,-0.37927935640013116
curvature,arm,linear,643217,Andrew Benintendi,LF,-2.919123780075372,-1.5945708360117112
curvature,arm,linear,643565,Mike Tauchman,RF,-0.17766717753047778,-1.6170476190978587
curvature,arm,linear,650489,Willi Castro,Multi-position OF,0.6709544905555934,0.09879059282876139
curvature,arm,linear,656775,Cedric Mullins,CF,-4.388636968516528,-0.32615647065232656
curvature,arm,linear,657077,Alex Verdugo,LF,-0.6414576010268973,0.27293271500673083
curvature,arm,linear,657656,Ramón Laureano,Multi-position OF,3.3681020179076624,0.22248044241703008
curvature,arm,linear,657757,Gavin Sheets,LF,1.2922565475564758,-1.0776496296880884
curvature,arm,linear,660670,Ronald Acuña Jr.,RF,1.1798816140276314,1.1545881418089958
curvature,arm,linear,660821,Jesús Sánchez,RF,1.0580654957276394,-0.2059822368278204
curvature,arm,linear,662139,Daulton Varsho,CF,-1.757961029988357,-3.726822309098377
curvature,arm,linear,663457,Lars Nootbaar,LF,-2.8965229750583656,0.6064974158921879
curvature,arm,linear,663616,Trevor Larnach,RF,-2.65356450862029,-1.662332508039949
curvature,arm,linear,663656,Kyle Tucker,RF,2.049856492631077,-1.1662587938450781
curvature,arm,linear,663757,Trent Grisham,CF,-1.4324983890233218,-0.37655096683242345
curvature,arm,linear,663968,Jake Mangum,Multi-position OF,-0.8572706036410844,-0.5242517086189117
curvature,arm,linear,664023,Ian Happ,LF,0.5428484766547604,-0.7853826026311669
curvature,arm,linear,664056,Harrison Bader,Multi-position OF,-0.3385543499974198,0.5435726378593642
curvature,arm,linear,664702,Myles Straw,CF,0.03546860408964611,-0.8631349474253182
curvature,arm,linear,664728,Kyle Isbel,CF,-0.5482903215002092,-0.7692665611056978
curvature,arm,linear,664770,Nathan Lukes,Multi-position OF,4.160600128503111,-0.0668339586951161
curvature,arm,linear,664983,Jake McCarthy,Multi-position OF,-1.3172867967726531,-2.4470082707538174
curvature,arm,linear,665487,Fernando Tatis Jr.,RF,2.068462681764043,1.6395328358434849
curvature,arm,linear,665742,Juan Soto,RF,-2.0554635184924863,-0.33703789094468833
curvature,arm,linear,665750,Leody Taveras,Multi-position OF,-1.0644030741468782,0.6795339148627533
curvature,arm,linear,665833,Oneil Cruz,CF,3.80747216804713,3.0467848424268738
curvature,arm,linear,666134,Nolan Jones,RF,3.8729823530397134,1.2956455771704496
curvature,arm,linear,666139,Josh Lowe,RF,-1.7429419368804109,-0.9831936535209498
curvature,arm,linear,666158,Gavin Lux,LF,3.0390916504963e-4,-0.7816874541507557
curvature,arm,linear,666160,Mickey Moniak,Multi-position OF,-4.5247540144401475,-0.40263137336877547
curvature,arm,linear,666176,Jo Adell,Multi-position OF,-1.993598499467375,-0.8236102444466613
curvature,arm,linear,666181,Will Benson,Multi-position OF,-1.147535815698723,-0.2569541576367236
curvature,arm,linear,666185,Dylan Carlson,LF,0.01472747703655152,-1.5711260486953014
curvature,arm,linear,666624,Christopher Morel,LF,-1.3918179209059698,0.7767627073858057
curvature,arm,linear,666969,Adolis García,RF,1.1197200706829331,0.6479832457691558
curvature,arm,linear,666971,Lourdes Gurriel Jr.,LF,0.41072361980023625,-0.6570114716559551
curvature,arm,linear,667472,Dane Myers,CF,-0.8418758207522142,1.9887964201498514
curvature,arm,linear,668227,Randy Arozarena,LF,-2.0790715056740408,-1.3457834667943083
curvature,arm,linear,668709,JJ Bleday,CF,1.0126045737285507,0.6143538375160796
curvature,arm,linear,668804,Bryan Reynolds,RF,-2.069397318078966,-0.5851421355376057
curvature,arm,linear,668885,Austin Martin,LF,-0.01572468570430395,-1.3293480086398997
curvature,arm,linear,669016,Brandon Marsh,CF,0.31710187701797105,0.7684242611492407
curvature,arm,linear,669065,Kyle Stowers,LF,2.0180535235053756,0.5776148516626181
curvature,arm,linear,669326,Bryce Teodosio,CF,0.24022242948825295,0.3400709979714978
curvature,arm,linear,669720,Austin Hays,LF,-0.4204643210044666,0.41978825660570457
curvature,arm,linear,669743,Alex Call,Multi-position OF,-2.7372281083705943,0.1389496909529916
curvature,arm,linear,670224,Kameron Misner,CF,1.6127277239481357,0.5028727453838673
curvature,arm,linear,670231,John Rave,Multi-position OF,0.5910231574851513,-1.0767151453293662
curvature,arm,linear,670242,Matt Wallner,RF,1.1556046390933497,1.5813731647953166
curvature,arm,linear,670770,TJ Friedl,CF,-1.125652275116681,-0.6615003518081982
curvature,arm,linear,671218,Heliot Ramos,LF,-2.852264117949154,-0.1489556959269285
curvature,arm,linear,671221,Drew Waters,Multi-position OF,-1.6674837935026807,-0.39116311335385656
curvature,arm,linear,671289,Tyler Freeman,RF,0.37899715749436674,0.5118530771924541
curvature,arm,linear,671732,Lawrence Butler,RF,-1.902911308551653,-0.6920175493447089
curvature,arm,linear,671739,Michael Harris II,CF,-0.9876726709145612,0.9423264212773046
curvature,arm,linear,672016,Denzel Clarke,CF,-0.4975823975302214,-0.23057214009455468
curvature,arm,linear,672744,Alexander Canario,Multi-position OF,2.2494187341365737,0.3179920189886668
curvature,arm,linear,672761,Wenceel Pérez,RF,0.874762636324407,-0.2678391627840211
curvature,arm,linear,673357,Luis Robert Jr.,CF,0.6909152403243717,-0.4647937790728086
curvature,arm,linear,673548,Seiya Suzuki,RF,-0.6890459802663226,-0.062324209623969035
curvature,arm,linear,676475,Alec Burleson,Multi-position OF,-1.980615923782456,-0.22448828878442778
curvature,arm,linear,676694,Jake Meyers,CF,-0.8234849465069446,-2.367636074138009
curvature,arm,linear,677594,Julio Rodríguez,CF,0.8319043325567982,1.9040607165350822
curvature,arm,linear,677800,Wilyer Abreu,RF,1.4368238353644978,1.012668487218741
curvature,arm,linear,677950,Alek Thomas,CF,0.02656015185094707,-0.696371501978145
curvature,arm,linear,678882,Ceddanne Rafaela,CF,2.2587024372292106,1.9788321506250617
curvature,arm,linear,680718,Addison Barger,RF,3.94320411359214,1.2533957871145227
curvature,arm,linear,680757,Steven Kwan,LF,6.790884884520767,-0.4773266508773296
curvature,arm,linear,680776,Jarren Duran,LF,3.64684485830116,-0.11872188562156229
curvature,arm,linear,681297,Colton Cowser,Multi-position OF,1.1786261677806569,0.8183217853054717
curvature,arm,linear,681460,Brooks Baldwin,Multi-position OF,-1.294256507001798,-1.0981537547185165
curvature,arm,linear,681481,Kerry Carpenter,RF,-0.5665430102449543,-0.7242892860256284
curvature,arm,linear,681624,Andy Pages,CF,3.0784142474100085,2.263773558845249
curvature,arm,linear,682622,Noelvi Marte,RF,0.9944570487786196,0.3296395780744674
curvature,arm,linear,682641,Luis Matos,RF,-0.535526893459448,0.5140391425572012
curvature,arm,linear,682657,Angel Martínez,CF,0.4419789022372485,1.754214230162185
curvature,arm,linear,682985,Riley Greene,LF,-3.710555132428767,-0.8768788140039538
curvature,arm,linear,682998,Corbin Carroll,RF,-2.626904589820516,-0.49647736391770736
curvature,arm,linear,686217,Sal Frelick,RF,1.120727573310276,-0.7473928271602365
curvature,arm,linear,686527,Dominic Canzone,RF,-2.1685577148189843,0.2815977788210954
curvature,arm,linear,686555,Isaac Collins,LF,-2.3026726170174268,-0.9012765344204601
curvature,arm,linear,686611,Dylan Crews,RF,-1.7328196929618065,-0.6894575391667891
curvature,arm,linear,686668,Brenton Doyle,CF,5.092036285918088,2.1060948833158197
curvature,arm,linear,687363,Victor Scott II,CF,-3.1357383113379647,0.4785891735306517
curvature,arm,linear,687597,Jordan Beck,LF,1.155567072838218,-0.14740835242064126
curvature,arm,linear,690987,Robert Hassell III,CF,0.5614899581726053,0.2601777705941921
curvature,arm,linear,691016,Tyler Soderstrom,LF,-1.5081317433325103,0.6388706124134378
curvature,arm,linear,691023,Jordan Walker,RF,-2.5154327582345086,1.2032265651742662
curvature,arm,linear,691176,Jasson Domínguez,LF,-0.8547502290328867,0.8358012813701926
curvature,arm,linear,691718,Pete Crow-Armstrong,CF,2.5085929766777535,1.7387126369948667
curvature,arm,linear,694192,Jackson Chourio,CF,-1.248463846581786,0.464766231563114
curvature,arm,linear,694671,Wyatt Langford,LF,0.448713777369651,-0.5799632293192833
curvature,arm,linear,695506,Jac Caglianone,RF,-0.6001541553280275,1.233304594555456
curvature,arm,linear,695578,James Wood,LF,0.08169507460643674,-0.5914537085642684
curvature,arm,linear,695734,Daylen Lile,RF,-2.5341406617277435,-1.283408085447241
curvature,arm,linear,696285,Jacob Young,CF,1.8164990036521376,0.547466762351476
curvature,arm,linear,701358,Cam Smith,RF,-0.35894770017858596,0.350856500989539
curvature,arm,linear,701538,Jackson Merrill,CF,2.6648216021736344,1.817991489745069
curvature,arm,linear,802415,Chandler Simpson,Multi-position OF,-0.9882414771666924,-0.653235307343185
curvature,arm,linear,805300,Jakob Marsee,CF,-0.6424612826953974,0.2425481461888921
curvature,arm,linear,808982,Jung Hoo Lee,CF,2.427216286187558,1.5166638066073
curvature,arm,quadratic,502054,Tommy Pham,LF,-1.171167899055583,-0.4528973603526314
curvature,arm,quadratic,543807,George Springer,RF,-2.588107061546566,-1.3430059955293765
curvature,arm,quadratic,572191,Michael A. Taylor,Multi-position OF,-0.6728211365913792,-0.3672861533316442
curvature,arm,quadratic,573262,Mike Yastrzemski,RF,4.558942932422652,-0.697656242100792
curvature,arm,quadratic,592206,Nick Castellanos,RF,-1.5426271239484215,-1.7160127615170164
curvature,arm,quadratic,592450,Aaron Judge,RF,2.2808366216085663,-0.309362436236151
curvature,arm,quadratic,595777,Jurickson Profar,LF,-2.213223359833487,-1.114590190373626
curvature,arm,quadratic,596146,Max Kepler,LF,-1.3472028936192504,-1.095336229759387
curvature,arm,quadratic,606192,Teoscar Hernández,RF,-0.8419174315230058,-0.86454451418121
curvature,arm,quadratic,607043,Brandon Nimmo,LF,-0.106130228114432,-0.8685879166780383
curvature,arm,quadratic,621438,Tyrone Taylor,CF,4.971724418396483,0.3107921405506574
curvature,arm,quadratic,621439,Byron Buxton,CF,-0.4418317589943382,0.5693966800050319
curvature,arm,quadratic,621493,Taylor Ward,LF,-2.227229009385241,-0.38824970934627984
curvature,arm,quadratic,624424,Michael Conforto,LF,-1.1316390801068077,-0.4861730282773915
curvature,arm,quadratic,641355,Cody Bellinger,Multi-position OF,3.1930043920439255,0.22865756082112668
curvature,arm,quadratic,641584,Jake Fraley,RF,-1.7735897761757091,-0.2416566218480574
curvature,arm,quadratic,641933,Tyler O'Neill,RF,-1.4540820160712462,0.10036788933123315
curvature,arm,quadratic,642201,Eli White,RF,1.4882608106309727,-0.5238529683198732
curvature,arm,quadratic,643217,Andrew Benintendi,LF,-2.919123780075372,-1.479592245328688
curvature,arm,quadratic,643565,Mike Tauchman,RF,-0.17766717753047778,-1.673355478308553
curvature,arm,quadratic,650489,Willi Castro,Multi-position OF,0.6709544905555934,0.05716392788090491
curvature,arm,quadratic,656775,Cedric Mullins,CF,-4.388636968516528,-0.3804200600523911
curvature,arm,quadratic,657077,Alex Verdugo,LF,-0.6414576010268973,0.22848601993482834
curvature,arm,quadratic,657656,Ramón Laureano,Multi-position OF,3.3681020179076624,0.20569832827120982
curvature,arm,quadratic,657757,Gavin Sheets,LF,1.2922565475564758,-1.1655822937618765
curvature,arm,quadratic,660670,Ronald Acuña Jr.,RF,1.1798816140276314,1.3533045566112065
curvature,arm,quadratic,660821,Jesús Sánchez,RF,1.0580654957276394,-0.33073492343491173
curvature,arm,quadratic,662139,Daulton Varsho,CF,-1.757961029988357,-2.6568772814740766
curvature,arm,quadratic,663457,Lars Nootbaar,LF,-2.8965229750583656,0.5719674164480322
curvature,arm,quadratic,663616,Trevor Larnach,RF,-2.65356450862029,-1.71744473267225
curvature,arm,quadratic,663656,Kyle Tucker,RF,2.049856492631077,-1.2758388738665345
curvature,arm,quadratic,663757,Trent Grisham,CF,-1.4324983890233218,-0.505717941657009
curvature,arm,quadratic,663968,Jake Mangum,Multi-position OF,-0.8572706036410844,-0.5636069421186171
curvature,arm,quadratic,664023,Ian Happ,LF,0.5428484766547604,-0.7687532198567285
curvature,arm,quadratic,664056,Harrison Bader,Multi-position OF,-0.3385543499974198,0.5329586619474672
curvature,arm,quadratic,664702,Myles Straw,CF,0.03546860408964611,-0.9429271338628569
curvature,arm,quadratic,664728,Kyle Isbel,CF,-0.5482903215002092,-0.8146252718692163
curvature,arm,quadratic,664770,Nathan Lukes,Multi-position OF,4.160600128503111,-0.11078499205974175
curvature,arm,quadratic,664983,Jake McCarthy,Multi-position OF,-1.3172867967726531,-2.083978220557967
curvature,arm,quadratic,665487,Fernando Tatis Jr.,RF,2.068462681764043,1.9944772717809451
curvature,arm,quadratic,665742,Juan Soto,RF,-2.0554635184924863,-0.42931837952210133
curvature,arm,quadratic,665750,Leody Taveras,Multi-position OF,-1.0644030741468782,0.7202586702815499
curvature,arm,quadratic,665833,Oneil Cruz,CF,3.80747216804713,3.733743929214342
curvature,arm,quadratic,666134,Nolan Jones,RF,3.8729823530397134,1.5638250949165522
curvature,arm,quadratic,666139,Josh Lowe,RF,-1.7429419368804109,-1.0995080541042657
curvature,arm,quadratic,666158,Gavin Lux,LF,3.0390916504963e-4,-0.8886187818033273
curvature,arm,quadratic,666160,Mickey Moniak,Multi-position OF,-4.5247540144401475,-0.3875484585592232
curvature,arm,quadratic,666176,Jo Adell,Multi-position OF,-1.993598499467375,-0.7639391858868317
curvature,arm,quadratic,666181,Will Benson,Multi-position OF,-1.147535815698723,-0.33138738206114854
curvature,arm,quadratic,666185,Dylan Carlson,LF,0.01472747703655152,-1.5226345567943298
curvature,arm,quadratic,666624,Christopher Morel,LF,-1.3918179209059698,0.822059992796299
curvature,arm,quadratic,666969,Adolis García,RF,1.1197200706829331,0.6574615366800641
curvature,arm,quadratic,666971,Lourdes Gurriel Jr.,LF,0.41072361980023625,-0.6755944857404785
curvature,arm,quadratic,667472,Dane Myers,CF,-0.8418758207522142,2.064021619373123
curvature,arm,quadratic,668227,Randy Arozarena,LF,-2.0790715056740408,-1.0919076914838377
curvature,arm,quadratic,668709,JJ Bleday,CF,1.0126045737285507,0.4220736275019835
curvature,arm,quadratic,668804,Bryan Reynolds,RF,-2.069397318078966,-0.7052857801644847
curvature,arm,quadratic,668885,Austin Martin,LF,-0.01572468570430395,-1.3777935814697788
curvature,arm,quadratic,669016,Brandon Marsh,CF,0.31710187701797105,0.5974399126458189
curvature,arm,quadratic,669065,Kyle Stowers,LF,2.0180535235053756,0.5853421327879109
curvature,arm,quadratic,669326,Bryce Teodosio,CF,0.24022242948825295,0.12228335951175717
curvature,arm,quadratic,669720,Austin Hays,LF,-0.4204643210044666,0.40032383847307956
curvature,arm,quadratic,669743,Alex Call,Multi-position OF,-2.7372281083705943,0.08635748269742304
curvature,arm,quadratic,670224,Kameron Misner,CF,1.6127277239481357,0.29381222251924566
curvature,arm,quadratic,670231,John Rave,Multi-position OF,0.5910231574851513,-1.117023728227588
curvature,arm,quadratic,670242,Matt Wallner,RF,1.1556046390933497,2.0063025411333264
curvature,arm,quadratic,670770,TJ Friedl,CF,-1.125652275116681,-0.6806981746739779
curvature,arm,quadratic,671218,Heliot Ramos,LF,-2.852264117949154,-0.16127885863418606
curvature,arm,quadratic,671221,Drew Waters,Multi-position OF,-1.6674837935026807,-0.45991513187674704
curvature,arm,quadratic,671289,Tyler Freeman,RF,0.37899715749436674,0.5235923035460829
curvature,arm,quadratic,671732,Lawrence Butler,RF,-1.902911308551653,-0.8006388068208173
curvature,arm,quadratic,671739,Michael Harris II,CF,-0.9876726709145612,0.7898439635159411
curvature,arm,quadratic,672016,Denzel Clarke,CF,-0.4975823975302214,-0.44044238054182566
curvature,arm,quadratic,672744,Alexander Canario,Multi-position OF,2.2494187341365737,0.3260766963394372
curvature,arm,quadratic,672761,Wenceel Pérez,RF,0.874762636324407,-0.39616385265913573
curvature,arm,quadratic,673357,Luis Robert Jr.,CF,0.6909152403243717,-0.5961613985632237
curvature,arm,quadratic,673548,Seiya Suzuki,RF,-0.6890459802663226,-0.16434782385072866
curvature,arm,quadratic,676475,Alec Burleson,Multi-position OF,-1.980615923782456,-0.29478151624370713
curvature,arm,quadratic,676694,Jake Meyers,CF,-0.8234849465069446,-1.9172070305899678
curvature,arm,quadratic,677594,Julio Rodríguez,CF,0.8319043325567982,1.916067611034929
curvature,arm,quadratic,677800,Wilyer Abreu,RF,1.4368238353644978,1.1881748593842887
curvature,arm,quadratic,677950,Alek Thomas,CF,0.02656015185094707,-0.7134360426418956
curvature,arm,quadratic,678882,Ceddanne Rafaela,CF,2.2587024372292106,2.051053686037932
curvature,arm,quadratic,680718,Addison Barger,RF,3.94320411359214,1.5870893649014386
curvature,arm,quadratic,680757,Steven Kwan,LF,6.790884884520767,-0.5278144448350762
curvature,arm,quadratic,680776,Jarren Duran,LF,3.64684485830116,-0.15769328985180958
curvature,arm,quadratic,681297,Colton Cowser,Multi-position OF,1.1786261677806569,0.9090917455036882
curvature,arm,quadratic,681460,Brooks Baldwin,Multi-position OF,-1.294256507001798,-1.1189618244962205
curvature,arm,quadratic,681481,Kerry Carpenter,RF,-0.5665430102449543,-0.8749384446645534
curvature,arm,quadratic,681624,Andy Pages,CF,3.0784142474100085,2.437137574594221
curvature,arm,quadratic,682622,Noelvi Marte,RF,0.9944570487786196,0.3180680345079973
curvature,arm,quadratic,682641,Luis Matos,RF,-0.535526893459448,0.5369964902272331
curvature,arm,quadratic,682657,Angel Martínez,CF,0.4419789022372485,1.7913241007845417
curvature,arm,quadratic,682985,Riley Greene,LF,-3.710555132428767,-0.8139481581740898
curvature,arm,quadratic,682998,Corbin Carroll,RF,-2.626904589820516,-0.5816703588848102
curvature,arm,quadratic,686217,Sal Frelick,RF,1.120727573310276,-0.873372252622803
curvature,arm,quadratic,686527,Dominic Canzone,RF,-2.1685577148189843,0.2274078836405194
curvature,arm,quadratic,686555,Isaac Collins,LF,-2.3026726170174268,-0.9267455430297454
curvature,arm,quadratic,686611,Dylan Crews,RF,-1.7328196929618065,-0.8088515282109929
curvature,arm,quadratic,686668,Brenton Doyle,CF,5.092036285918088,2.2515018831516684
curvature,arm,quadratic,687363,Victor Scott II,CF,-3.1357383113379647,0.32985044567904553
curvature,arm,quadratic,687597,Jordan Beck,LF,1.155567072838218,-0.19226044768143308
curvature,arm,quadratic,690987,Robert Hassell III,CF,0.5614899581726053,0.03586555306795594
curvature,arm,quadratic,691016,Tyler Soderstrom,LF,-1.5081317433325103,0.6296528074757941
curvature,arm,quadratic,691023,Jordan Walker,RF,-2.5154327582345086,1.3333425983642384
curvature,arm,quadratic,691176,Jasson Domínguez,LF,-0.8547502290328867,0.8804905456970679
curvature,arm,quadratic,691718,Pete Crow-Armstrong,CF,2.5085929766777535,1.7294114496211654
curvature,arm,quadratic,694192,Jackson Chourio,CF,-1.248463846581786,0.3005264720153335
curvature,arm,quadratic,694671,Wyatt Langford,LF,0.448713777369651,-0.6143551320819071
curvature,arm,quadratic,695506,Jac Caglianone,RF,-0.6001541553280275,1.5593970674922553
curvature,arm,quadratic,695578,James Wood,LF,0.08169507460643674,-0.6335079421609878
curvature,arm,quadratic,695734,Daylen Lile,RF,-2.5341406617277435,-1.3466178531306439
curvature,arm,quadratic,696285,Jacob Young,CF,1.8164990036521376,0.3476885119761573
curvature,arm,quadratic,701358,Cam Smith,RF,-0.35894770017858596,0.2946434486211795
curvature,arm,quadratic,701538,Jackson Merrill,CF,2.6648216021736344,1.882633755382335
curvature,arm,quadratic,802415,Chandler Simpson,Multi-position OF,-0.9882414771666924,-0.6799306490774012
curvature,arm,quadratic,805300,Jakob Marsee,CF,-0.6424612826953974,0.029649371666829245
curvature,arm,quadratic,808982,Jung Hoo Lee,CF,2.427216286187558,1.449637302461691
