scenario,family,model,group,players,rmse,mae,event_brier
curvature,arm,baseline,Overall,118,2.154435447414095,1.706442301518104,NA
curvature,arm,baseline,LF,29,2.211580838186333,1.63175579974139,NA
curvature,arm,baseline,RF,37,2.0493509738847018,1.733976652918317,NA
curvature,arm,baseline,Multi-position OF,20,2.266120204317372,1.829565509904894,NA
curvature,arm,baseline,CF,32,2.148881898302808,1.6653383447050112,NA
curvature,arm,linear,Overall,118,1.9117221726470668,1.4939863482168911,NA
curvature,arm,linear,LF,29,2.1772295929046717,1.7098898237508675,NA
curvature,arm,linear,RF,37,1.7831170704579358,1.4170517238523734,NA
curvature,arm,linear,Multi-position OF,20,2.0134162399373725,1.5967639299681378,NA
curvature,arm,linear,CF,32,1.7235887804171768,1.3230434943411693,NA
curvature,arm,quadratic,Overall,118,1.907041815899981,1.4688770732469445,NA
curvature,arm,quadratic,LF,29,2.1985906640758675,1.7337301399667335,NA
curvature,arm,quadratic,RF,37,1.7901431264918328,1.4040323657620972,NA
curvature,arm,quadratic,Multi-position OF,20,2.006292649277238,1.565926092437554,NA
curvature,arm,quadratic,CF,32,1.6760100687265265,1.2431750375673598,NA
