scenario,position,players,minimum_innings,median_innings,range_sd,arm_sd,sd_difference,sd_ratio,difference_lower,difference_upper,ratio_lower,ratio_upper,twice_covariance,total_variance
primary,CF,32,383.6666666666667,987.1666666666667,3.8106364757372697,0.9968182593941891,2.8138182163430807,3.8227996325560523,1.5594279056602147,3.9139741378630486,2.403199655491343,5.861563544566832,-1.284536448016814,14.230060544464205
primary,LF,24,507.3333333333333,1038.6666666666665,2.127884605498112,0.9759322806323245,1.1519523248657875,2.18036092024686,0.4858287826681555,1.7193604810771015,1.4732703589696785,3.381806190696048,1.4906572638898132,6.970993974585879
primary,RF,32,413,850.8333333333334,2.6498717789716197,1.3558288078958087,1.294042971075811,1.954429470402029,0.5270541540981132,2.0169570420039,1.320306791528244,3.0344119805649847,1.1180259923348435,9.978118193645228
position_50,CF,37,383.6666666666667,973,3.862558710790117,0.9724572891729024,2.8901014216172145,3.97195717878295,1.7247927542953734,3.9264580453584714,2.6007369107471687,5.899898973180024,-0.408040812497761,15.456992161068358
position_50,LF,27,483.3333333333333,1008.3333333333334,2.2148355834621958,1.0316211420976162,1.1832144413645795,2.1469466774970565,0.615177344865735,1.685244801427497,1.5670789763748136,3.1463657949081143,0.7870921331331502,6.756830975726266
position_50,RF,34,413,850.8333333333334,2.6144395870735866,1.4038437067610585,1.210595880312528,1.862343774084089,0.4973143539255932,1.8661842193988436,1.2910721590147634,2.772013444087261,1.314718621518518,10.120790128988654
position_70,CF,28,383.6666666666667,1016.6666666666667,3.7319212646185465,1.0459540857867615,2.6859671788317847,3.5679589719384417,1.390091952687156,3.8297823466881686,2.1983944808428144,5.598522571826273,-1.5146712583699287,13.506585016516182
position_70,LF,22,507.3333333333333,1097.6666666666665,2.2212259350594437,0.9701812704211226,1.251044664638321,2.289495790920892,0.5590288136360813,1.8421278831289885,1.5425235659569356,3.8236557920269267,1.6836824672073927,7.558778819264037
position_70,RF,27,413,854.3333333333334,2.7145476342567103,1.3936528692123102,1.3208947650444,1.9477932376309512,0.4506671656149161,2.089053559993966,1.2545320516656695,3.1870080970246173,1.3546082596785287,10.665645438190937
minimum_450,CF,30,473,1016.6666666666667,2.995691664481502,1.0192809558344904,1.9764107086470117,2.9390244636022995,1.1760481562779683,2.675115355164525,2.019156352377451,4.415642302766973,-0.7333278272516919,9.279774388319138
minimum_450,LF,24,507.3333333333333,1038.6666666666665,2.127884605498112,0.9759322806323245,1.1519523248657875,2.18036092024686,0.5107172335073038,1.7121637291533236,1.488248498622686,3.357584790681018,1.4906572638898132,6.970993974585879
minimum_450,RF,29,482,885.3333333333334,2.701458043301196,1.0452404502831967,1.6562175930179994,2.5845326236362793,0.9871826122003549,2.24999492330081,1.8685428406117153,3.5488140543348052,1.076387415837427,9.46679057446237
minimum_900,CF,19,901.3333333333334,1118,2.7820258360567727,0.9853074781336151,1.7967183579231576,2.8235103232206558,0.8692472813803508,2.479314071622409,1.8098740568845368,4.4514277724179525,0.35739752563078864,9.067896104584198
minimum_900,LF,16,949.6666666666666,1160,1.6314241337360984,0.9348189440700359,0.6966051896660626,1.7451765864234277,-0.020844877222699985,1.452413377459816,0.9794018558168444,3.5943771659106782,0.9147934234569907,4.4502245857857865
minimum_900,RF,13,977.6666666666666,1124,2.3509800421776936,0.8483648174798933,1.5026152246978004,2.771189933549328,0.6226779171543185,2.1923369684871212,1.6467432019555746,4.835516496793922,0.48126489286886415,6.728094915124387
