omitted_id,contrast,balance_ratio
502054,CF / RF,1.9559670432976517
502054,CF / LF,1.7509956916347018
502054,RF / LF,0.8952071547599392
573262,CF / RF,1.892680338718305
573262,CF / LF,1.7532875392589755
573262,RF / LF,0.9263516418447479
592206,CF / RF,2.000697399371724
592206,CF / LF,1.7532875392589755
592206,RF / LF,0.8763381907776548
592450,CF / RF,1.971588369154759
592450,CF / LF,1.7532875392589755
592450,RF / LF,0.8892766698611783
595777,CF / RF,1.9559670432976517
595777,CF / LF,1.782875167416123
595777,RF / LF,0.9115057298768666
596146,CF / RF,1.9559670432976517
596146,CF / LF,1.7566584514115051
596146,RF / LF,0.8981022750004399
606192,CF / RF,1.9811765317148529
606192,CF / LF,1.7532875392589755
606192,RF / LF,0.8849728992809021
607043,CF / RF,1.9559670432976517
607043,CF / LF,1.7523822150655595
607043,RF / LF,0.895916023263429
621438,CF / RF,2.205537769296166
621438,CF / LF,1.9769974660475649
621438,RF / LF,0.8963788757417047
621439,CF / RF,1.9540790072189234
621439,CF / LF,1.751595143601365
621439,RF / LF,0.8963788757417047
621493,CF / RF,1.9559670432976517
621493,CF / LF,1.752091326232343
621493,RF / LF,0.8957673045852624
624424,CF / RF,1.9559670432976517
624424,CF / LF,1.797867976578335
624424,RF / LF,0.9191708943864563
641584,CF / RF,1.9107777010120417
641584,CF / LF,1.7532875392589755
641584,RF / LF,0.9175779779774216
642201,CF / RF,2.0086922070869666
642201,CF / LF,1.7532875392589755
642201,RF / LF,0.8728502719695505
643217,CF / RF,1.9559670432976517
643217,CF / LF,1.78660557749554
643217,RF / LF,0.9134129246285368
643565,CF / RF,1.9591007033239487
643565,CF / LF,1.7532875392589755
643565,RF / LF,0.8949450818348561
656775,CF / RF,2.1095663426699693
656775,CF / LF,1.8909707065450472
656775,RF / LF,0.8963788757417047
660670,CF / RF,2.069503549335859
660670,CF / LF,1.7532875392589755
660670,RF / LF,0.8472019967405405
660821,CF / RF,1.9523045425003112
660821,CF / LF,1.7532875392589755
660821,RF / LF,0.8980604721707736
662139,CF / RF,2.0200727459150354
662139,CF / LF,1.8107505368997778
662139,RF / LF,0.8963788757417047
663457,CF / RF,1.9559670432976517
663457,CF / LF,1.7257090563966953
663457,RF / LF,0.882279209309808
663616,CF / RF,1.8692000720865
663616,CF / LF,1.7532875392589755
663616,RF / LF,0.9379881615892851
663656,CF / RF,1.9405301780826392
663656,CF / LF,1.7532875392589755
663656,RF / LF,0.9035095455157154
663757,CF / RF,1.9535925621992967
663757,CF / LF,1.751159104561562
663757,RF / LF,0.8963788757417047
664023,CF / RF,1.9559670432976517
664023,CF / LF,1.7490829125337963
664023,RF / LF,0.8942292348571169
664702,CF / RF,1.937019825306984
664702,CF / LF,1.7363036532980676
664702,RF / LF,0.8963788757417047
664728,CF / RF,1.9540611725513728
664728,CF / LF,1.7515791569821169
664728,RF / LF,0.8963788757417047
665487,CF / RF,1.9983295857206498
665487,CF / LF,1.7532875392589755
665487,RF / LF,0.8773765607972491
665742,CF / RF,1.9839197056622282
665742,CF / LF,1.7532875392589755
665742,RF / LF,0.8837492436084916
665833,CF / RF,2.004267938148547
665833,CF / LF,1.796583441082739
665833,RF / LF,0.8963788757417047
666134,CF / RF,1.8988402877058792
666134,CF / LF,1.7532875392589755
666134,RF / LF,0.9233465029211297
666139,CF / RF,1.9485464981204221
666139,CF / LF,1.7532875392589755
666139,RF / LF,0.8997925073639277
666185,CF / RF,1.9559670432976517
666185,CF / LF,1.7528367689417799
666185,RF / LF,0.8961484166863029
666969,CF / RF,1.9596075579178018
666969,CF / LF,1.7532875392589755
666969,RF / LF,0.8947136033308356
666971,CF / RF,1.9559670432976517
666971,CF / LF,1.7446565422224212
666971,RF / LF,0.8919662262207789
667472,CF / RF,1.9625340763531014
667472,CF / LF,1.759174088966178
667472,RF / LF,0.8963788757417047
668227,CF / RF,1.9559670432976517
668227,CF / LF,1.7497200400311659
668227,RF / LF,0.8945549701498217
668709,CF / RF,1.840998251452437
668709,CF / LF,1.6502319428793797
668709,RF / LF,0.8963788757417047
668804,CF / RF,1.9410340787165574
668804,CF / LF,1.7532875392589755
668804,RF / LF,0.9032749906267885
669016,CF / RF,1.9384672842602104
669016,CF / LF,1.7376011249272432
669016,RF / LF,0.8963788757417047
669065,CF / RF,1.9559670432976517
669065,CF / LF,1.6723881903374167
669065,RF / LF,0.8550185935228557
669326,CF / RF,1.8369770751630243
669326,CF / LF,1.6466274453979168
669326,RF / LF,0.8963788757417047
669720,CF / RF,1.9559670432976517
669720,CF / LF,1.7810141460654227
669720,RF / LF,0.9105542714373815
670224,CF / RF,2.0063273822548213
670224,CF / LF,1.7984294832753742
670224,RF / LF,0.8963788757417047
670242,CF / RF,1.951155828380635
670242,CF / LF,1.7532875392589755
670242,RF / LF,0.8985891919837686
670770,CF / RF,1.9548610754373976
670770,CF / LF,1.7522961730317943
670770,RF / LF,0.8963788757417047
671218,CF / RF,1.9559670432976517
671218,CF / LF,1.7656635070247453
671218,RF / LF,0.9027061642347177
671289,CF / RF,2.1001911186883726
671289,CF / LF,1.7532875392589755
671289,RF / LF,0.8348228519097595
671732,CF / RF,1.972942952697452
671732,CF / LF,1.7532875392589755
671732,RF / LF,0.8886661101183089
671739,CF / RF,1.965007836754221
671739,CF / LF,1.761391515533388
671739,RF / LF,0.8963788757417047
672016,CF / RF,1.664769562576056
672016,CF / LF,1.4922642688709344
672016,RF / LF,0.8963788757417047
672761,CF / RF,1.9696863125762971
672761,CF / LF,1.7532875392589755
672761,RF / LF,0.8901354129662008
673357,CF / RF,1.9563373988993713
673357,CF / LF,1.7536195181968695
673357,RF / LF,0.8963788757417047
673548,CF / RF,1.9497383829051138
673548,CF / LF,1.7532875392589755
673548,RF / LF,0.8992424597225058
676694,CF / RF,1.9656999944360842
676694,CF / LF,1.7620119510580925
676694,RF / LF,0.8963788757417047
677594,CF / RF,1.955668583126086
677594,CF / LF,1.7530200058659338
677594,RF / LF,0.8963788757417047
677800,CF / RF,2.0497708626153694
677800,CF / LF,1.7532875392589755
677800,RF / LF,0.8553578213234521
677950,CF / RF,1.939765506103089
677950,CF / LF,1.7387648235632258
677950,RF / LF,0.8963788757417047
678882,CF / RF,1.923049512090893
678882,CF / LF,1.7237809596436686
678882,RF / LF,0.8963788757417047
680718,CF / RF,1.6003678117442135
680718,CF / LF,1.7532875392589755
680718,RF / LF,1.0955528637807939
680757,CF / RF,1.9559670432976517
680757,CF / LF,1.4889308379668869
680757,RF / LF,0.7612249107513754
680776,CF / RF,1.9559670432976517
680776,CF / LF,1.6517696214363526
680776,RF / LF,0.8444772252663116
681481,CF / RF,1.9548284226445651
681481,CF / LF,1.7532875392589755
681481,RF / LF,0.8969009857586695
681624,CF / RF,1.9760868725751308
681624,CF / LF,1.771322529206837
681624,RF / LF,0.8963788757417047
682657,CF / RF,1.8863511066729162
682657,CF / LF,1.6908852842535893
682657,RF / LF,0.8963788757417047
682985,CF / RF,1.9559670432976517
682985,CF / LF,1.712105474954041
682985,RF / LF,0.8753242958876886
682998,CF / RF,2.025446066808955
682998,CF / LF,1.7532875392589755
682998,RF / LF,0.8656303260749081
686217,CF / RF,1.9996531295408944
686217,CF / LF,1.7532875392589755
686217,RF / LF,0.8767958369167344
686527,CF / RF,1.9007650435899914
686527,CF / LF,1.7532875392589755
686527,RF / LF,0.9224115022378179
686555,CF / RF,1.9559670432976517
686555,CF / LF,1.7743811416546
686555,RF / LF,0.907163107750063
686611,CF / RF,1.9560674636963211
686611,CF / LF,1.7532875392589755
686611,RF / LF,0.8963328575313254
686668,CF / RF,2.081428889041844
686668,CF / LF,1.8657488874956334
686668,RF / LF,0.8963788757417047
687363,CF / RF,2.0081071528822982
687363,CF / LF,1.80002483206951
687363,RF / LF,0.8963788757417047
687597,CF / RF,1.9559670432976517
687597,CF / LF,1.7286407468146678
687597,RF / LF,0.8837780537959758
690987,CF / RF,1.9272288315240205
690987,CF / LF,1.7275272132985007
690987,RF / LF,0.8963788757417047
691016,CF / RF,1.9559670432976517
691016,CF / LF,1.8255354832806916
691016,RF / LF,0.9333160747958923
691023,CF / RF,1.9336252295246084
691023,CF / LF,1.7532875392589755
691023,RF / LF,0.9067359654228498
691176,CF / RF,1.9559670432976517
691176,CF / LF,1.8835994948361425
691176,RF / LF,0.9630016524514127
691718,CF / RF,1.9220619135080266
691718,CF / LF,1.7228956971362746
691718,RF / LF,0.8963788757417047
694192,CF / RF,1.9671530153675028
694192,CF / LF,1.7633144083270265
694192,RF / LF,0.8963788757417047
694671,CF / RF,1.9559670432976517
694671,CF / LF,1.9376195984078894
694671,RF / LF,0.9906197576525474
695578,CF / RF,1.9559670432976517
695578,CF / LF,1.772633258586876
695578,RF / LF,0.9062694919431336
695734,CF / RF,1.9807793274994798
695734,CF / LF,1.7532875392589755
695734,RF / LF,0.8851503622426794
696285,CF / RF,1.9404159893556157
696285,CF / LF,1.7393479030098145
696285,RF / LF,0.8963788757417047
701358,CF / RF,1.9632163434459162
701358,CF / LF,1.7532875392589755
701358,RF / LF,0.8930689402175284
701538,CF / RF,1.9795073068128783
701538,CF / LF,1.7743885342034176
701538,RF / LF,0.8963788757417047
805300,CF / RF,1.976890736792561
805300,CF / LF,1.7720430961103062
805300,RF / LF,0.8963788757417047
808982,CF / RF,1.9215586515244945
808982,CF / LF,1.7224445837252726
808982,RF / LF,0.8963788757417047
