scenario,contrast,balance_ratio,lower_95,upper_95,lower_family,upper_family,range_arm_gap_difference,gap_lower_95,gap_upper_95
primary,CF / RF,1.9559670432976517,1.0250420075717932,3.4911056107200262,0.8983873938817293,3.9589433838943195,1.5197752452672697,0.07423622119073076,2.830974874399296
primary,CF / LF,1.7532875392589755,0.9306661563033445,3.105797445458644,0.8026613101696417,3.5879134151651066,1.6618658914772932,0.2803277738415638,2.943649897171339
primary,RF / LF,0.8963788757417047,0.49803240102315344,1.6062746507984977,0.43770745295742736,1.893270875523409,0.14209064621002354,-0.8250728902763533,1.1157560353274754
position_50,CF / RF,2.132773354767103,1.1860580648146164,3.650411238640085,1.0532872641211724,4.095900373295916,1.6795055413046864,0.34904279239311015,2.929545920296911
position_50,CF / LF,1.8500492911232984,1.0739102059506138,3.0835508168512646,0.9349429513349986,3.3979925283650623,1.706886980252635,0.45509314090175385,2.8740956750330433
position_50,RF / LF,0.8674382990523258,0.5150529096973758,1.4494452312282997,0.45955399604995867,1.598437562132294,0.027381438947948533,-0.8343720525885145,0.8972649301848772
position_70,CF / RF,1.8317955432877746,0.9164539645563491,3.4000005404926736,0.78781383816971,3.911552482025674,1.3650724137873846,-0.1492903757719285,2.7742582042147323
position_70,CF / LF,1.558403813663846,0.7859918135861901,2.8212797638821585,0.6663406904439904,3.3040493279693477,1.4349225141934636,-0.009344664585437874,2.7787346036214946
position_70,RF / LF,0.8507520500168732,0.43939443037558185,1.6196709652919683,0.38325928905439893,1.8334236230834489,0.06985010040607897,-0.9475157043772207,1.1126713339836456
minimum_450,CF / RF,1.1371589728541602,0.6906753110446741,1.9349219037222456,0.6121124963713981,2.147794144830956,0.3201931156290123,-0.6540092337303152,1.293292808608611
minimum_450,CF / LF,1.3479531926620405,0.7657895020183422,2.3551692096045103,0.6498938796790056,2.650020695832036,0.8244583837812243,-0.10456494561161218,1.8038052781234675
minimum_450,RF / LF,1.1853691742666435,0.7053246067784076,1.9305951177181704,0.6228613519338841,2.200867390872324,0.504265268152212,-0.34553146346245517,1.3779858698451124
minimum_900,CF / RF,1.0188801168183792,0.5044026847280483,2.01604714600588,0.4249598617110874,2.3223683889794104,0.2941031332253572,-0.8412055543359882,1.4045413376523346
minimum_900,CF / LF,1.6178937679923668,0.708913762514179,3.4487724898575993,0.5808495710488997,3.977392300808463,1.100113168257095,-0.07252097807506257,2.126540125609111
minimum_900,RF / LF,1.5879137705076691,0.6834694668066136,3.558784165097357,0.5547311595490514,4.251601041976381,0.8060100350317378,-0.32338736719419675,1.8199446001201571
