family,position,players,slope,lower_95,upper_95,lower_family,upper_family,units,interval
range,CF,30,3.4531209722931564,2.5927782538762765,4.313463690710036,2.3950227777098387,4.511219166876474,range runs per foot of Jump,HC3 t interval
range,LF,23,2.2050559995808166,0.8640800953421242,3.546031903819509,0.5558478957851725,3.854264103376461,range runs per foot of Jump,HC3 t interval
range,RF,24,3.0385416414604127,1.7652763642849978,4.311806918635828,1.4726079011435362,4.60447538177729,range runs per foot of Jump,HC3 t interval
arm,CF,32,0.2542039120308894,0.12052222487934022,0.38788559918243853,0.0900583586228404,0.41834946543893836,arm runs per mph,HC3 t interval
arm,LF,29,0.16516186459911994,-0.07108477801399046,0.4014085072122303,-0.12492151719243902,0.45524524639067887,arm runs per mph,HC3 t interval
arm,RF,37,0.2572066117746036,0.11139183591079496,0.4030213876384122,0.07816303752571199,0.4362501860234952,arm runs per mph,HC3 t interval
attempts,CF,32,-0.003732543210423389,-0.012684174029805862,0.005219087608959085,-0.014723467251025031,0.007258380830178254,log odds per mph,quasibinomial t interval
attempts,LF,29,0.010475237896767199,-0.006190710325562647,0.027141186119097042,-0.009987421329483546,0.030937897123017942,log odds per mph,quasibinomial t interval
attempts,RF,37,-0.013088061196635723,-0.02398271812634614,-0.0021934042669253077,-0.026464656945377946,2.8853455210650115e-4,log odds per mph,quasibinomial t interval
