position,range_player,arm_player,range_player_id,arm_player_id,range_player_innings,arm_player_innings,range_advantage,arm_disadvantage,combined_rate_advantage
CF,Daulton Varsho,Tyrone Taylor,662139,621438,550.3333333333334,810,4.874823339390268,4.199529684919678,0.6752936544705896
CF,Myles Straw,Tyrone Taylor,664702,621438,698.3333333333334,810,4.132856006364359,2.7392134575981943,1.3936425487661648
CF,Kyle Isbel,Tyrone Taylor,664728,621438,1032,810,3.12984496124031,3.001149203380889,0.128695757859421
CF,Kameron Misner,Tyrone Taylor,670224,621438,503.6666666666667,810,1.013677476285021,1.321180684977982,-0.3075032086929612
CF,Michael Harris II,Tyrone Taylor,671739,621438,1397,810,0.588165115724171,3.0802170826138076,-2.492051966889637
CF,Luis Robert Jr.,Tyrone Taylor,673357,621438,865.6666666666666,810,1.4523167757669107,2.4029102555485906,-0.9505934797816802
CF,Jake Meyers,Tyrone Taylor,676694,621438,844,810,2.598736176935229,3.2011310003931386,-0.6023948234579097
CF,Julio Rodríguez,Tyrone Taylor,677594,621438,1406.3333333333333,810,1.5331437149403493,2.495875509349469,-0.96273179440912
CF,Ceddanne Rafaela,Tyrone Taylor,678882,621438,1167.3333333333333,810,5.657719398438988,1.8913528762544418,3.766366522184547
CF,Andy Pages,Tyrone Taylor,681624,621438,1369,810,1.6204041879717554,1.7501725462148678,-0.12976835824311284
CF,Brenton Doyle,Tyrone Taylor,686668,621438,1090.6666666666667,810,0.3962917685411569,0.6611372796475714,-0.2648455111064143
CF,Victor Scott II,Tyrone Taylor,687363,621438,1118,810,4.370900417412045,4.02421781551929,0.34668260189275557
CF,Pete Crow-Armstrong,Tyrone Taylor,691718,621438,1357,810,5.628838123311225,1.9301849359924041,3.698653187318821
CF,Jacob Young,Tyrone Taylor,696285,621438,901.3333333333334,810,4.823717948717948,1.855163183857124,2.9685547648608237
CF,Jakob Marsee,Tyrone Taylor,805300,621438,475,810,2.1228070175438596,3.370716652305966,-1.2479096347621068
CF,Cedric Mullins,Byron Buxton,656775,621439,1064.3333333333333,973,0.34342531790861885,1.6511736481247588,-1.30774833021614
CF,Daulton Varsho,Byron Buxton,662139,621439,550.3333333333334,973,5.616515699787665,1.2331190512065393,4.383396648581125
CF,Kyle Isbel,Byron Buxton,664728,621439,1032,973,3.8715373216377067,0.0347385696677501,3.8367987519699565
CF,Byron Buxton,Oneil Cruz,621439,665833,973,1061.3333333333333,0.9249743062692704,1.8186905786077732,-0.8937162723385027
CF,Byron Buxton,JJ Bleday,621439,668709,973,714.6666666666666,5.332623560000614,0.8419423400559871,4.490681219944627
CF,Byron Buxton,Brandon Marsh,621439,669016,973,952,0.9249743062692704,0.35423210551000234,0.5707422007592681
CF,Michael Harris II,Byron Buxton,671739,621439,1397,973,1.3298574761215674,0.11380644890066874,1.2160510272208986
CF,Jake Meyers,Byron Buxton,676694,621439,844,973,3.3404285373326257,0.23472036667999982,3.1057081706526257
CF,Byron Buxton,Alek Thomas,621439,677950,973,1080.3333333333333,0.9249743062692704,0.21540482771615604,0.7095694785531144
CF,Byron Buxton,Angel Martínez,621439,682657,973,827,3.645651452581241,0.4448378920755467,3.2008135605056944
CF,Victor Scott II,Byron Buxton,687363,621439,1118,973,5.112592777809442,1.057807181806151,4.054785596003291
CF,Byron Buxton,Robert Hassell III,621439,690987,973,473,1.876348513457431,0.7385285761823355,1.1378199372750957
CF,Jackson Chourio,Byron Buxton,694192,621439,1138.6666666666667,973,0.2606228834262798,0.28905023026619436,-0.028427346839914658
CF,Byron Buxton,Jackson Merrill,621439,701538,973,1001.3333333333334,0.026172708399763045,1.4019144694171815,-1.3757417610174185
CF,Jakob Marsee,Byron Buxton,805300,621439,475,973,2.8644993779412555,0.40430601859282733,2.4601933593484286
CF,Byron Buxton,Jung Hoo Lee,621439,808982,973,1275.6666666666667,2.6887579488091187,1.0605583888785466,1.628199559930572
CF,Cedric Mullins,Trent Grisham,656775,663757,1064.3333333333333,1133,1.6655752640719756,1.2865616961989326,0.3790135678730431
CF,Cedric Mullins,Oneil Cruz,656775,665833,1064.3333333333333,1061.3333333333333,1.2683996241778892,3.4698642267325317,-2.2014646025546427
CF,Cedric Mullins,Dane Myers,656775,667472,1064.3333333333333,752.6666666666666,0.6705253992000326,1.3521793066466916,-0.681653907446659
CF,Cedric Mullins,JJ Bleday,656775,668709,1064.3333333333333,714.6666666666666,5.676048877909233,2.493115988180746,3.182932889728487
CF,Cedric Mullins,Brandon Marsh,656775,669016,1064.3333333333333,952,1.2683996241778892,2.0054057536347614,-0.7370061294568719
CF,Cedric Mullins,TJ Friedl,656775,670770,1064.3333333333333,1295,0.9209092766875417,1.464361860272923,-0.5434525835853812
CF,Cedric Mullins,Alek Thomas,656775,677950,1064.3333333333333,1080.3333333333333,1.2683996241778892,1.866578475840915,-0.5981788516630256
CF,Cedric Mullins,Angel Martínez,656775,682657,1064.3333333333333,827,3.98907677048986,2.0960115402003057,1.8930652302895545
CF,Cedric Mullins,Robert Hassell III,656775,690987,1064.3333333333333,473,2.2197738313660498,2.3897022243070944,-0.16992839294104445
CF,Cedric Mullins,Jackson Chourio,656775,694192,1064.3333333333333,1138.6666666666667,0.08280243448233904,1.3621234178585644,-1.2793209833762254
CF,Cedric Mullins,Jackson Merrill,656775,701538,1064.3333333333333,1001.3333333333334,0.3695980263083819,3.0530881175419404,-2.6834900912335584
CF,Cedric Mullins,Jung Hoo Lee,656775,808982,1064.3333333333333,1275.6666666666667,3.0321832667177375,2.7117320370033053,0.3204512297144322
CF,Daulton Varsho,Trent Grisham,662139,663757,550.3333333333334,1133,6.938665645951022,0.8685070992807132,6.070158546670308
CF,Daulton Varsho,Myles Straw,662139,664702,550.3333333333334,698.3333333333334,0.7419673330259089,1.460316227321484,-0.7183488942955751
CF,Daulton Varsho,Kyle Isbel,662139,664728,550.3333333333334,1032,1.7449783781499582,1.1983804815387893,0.5465978966111686
CF,Daulton Varsho,Oneil Cruz,662139,665833,550.3333333333334,1061.3333333333333,6.541490006056935,3.0518096298143123,3.4896803762426223
CF,Daulton Varsho,Dane Myers,662139,667472,550.3333333333334,752.6666666666666,5.943615781079078,0.9341247097284722,5.009491071350606
CF,Daulton Varsho,JJ Bleday,662139,668709,550.3333333333334,714.6666666666666,10.949139259788279,2.0750613912625266,8.874077868525752
CF,Daulton Varsho,Brandon Marsh,662139,669016,550.3333333333334,952,6.541490006056935,1.5873511567165417,4.954138849340393
CF,Daulton Varsho,Kameron Misner,662139,670224,550.3333333333334,503.6666666666667,3.8611458631052473,2.8783489999416965,0.9827968631635509
CF,Daulton Varsho,TJ Friedl,662139,670770,550.3333333333334,1295,6.193999658566588,1.0463072633547035,5.147692395211884
CF,Daulton Varsho,Michael Harris II,662139,671739,550.3333333333334,1397,4.286658223666097,1.1193126023058706,3.1673456213602265
CF,Daulton Varsho,Luis Robert Jr.,662139,673357,550.3333333333334,865.6666666666666,3.4225065636233576,1.7966194293710875,1.6258871342522698
CF,Daulton Varsho,Jake Meyers,662139,676694,550.3333333333334,844,2.276087162455039,0.9983986845265396,1.2776884779284994
CF,Daulton Varsho,Julio Rodríguez,662139,677594,550.3333333333334,1406.3333333333333,3.341679624449919,1.7036541755702088,1.6380254488797097
CF,Daulton Varsho,Alek Thomas,662139,677950,550.3333333333334,1080.3333333333333,6.541490006056935,1.4485238789226955,5.09296612713424
CF,Daulton Varsho,Andy Pages,662139,681624,550.3333333333334,1369,3.254419151418513,2.4493571387048103,0.8050620127137025
CF,Daulton Varsho,Angel Martínez,662139,682657,550.3333333333334,827,9.262167152368907,1.677956943282086,7.5842102090868195
CF,Daulton Varsho,Brenton Doyle,662139,686668,550.3333333333334,1090.6666666666667,4.478531570849111,3.5383924052721065,0.9401391655770039
CF,Daulton Varsho,Victor Scott II,662139,687363,550.3333333333334,1118,0.5039229219782229,0.17531186940038834,0.3286110525778341
CF,Daulton Varsho,Robert Hassell III,662139,690987,550.3333333333334,473,7.492864213245095,1.971647627388875,5.52121658585622
CF,Daulton Varsho,Jackson Chourio,662139,694192,550.3333333333334,1138.6666666666667,5.355892816361385,0.9440688209403449,4.41182399542104
CF,Daulton Varsho,Jacob Young,662139,696285,550.3333333333334,901.3333333333334,0.051105390672320006,2.344366501062554,-2.293261110390234
CF,Daulton Varsho,Jackson Merrill,662139,701538,550.3333333333334,1001.3333333333334,5.642688408187428,2.635033520623721,3.0076548875637066
CF,Daulton Varsho,Jakob Marsee,662139,805300,550.3333333333334,475,2.752016321846409,0.8288130326137121,1.9232032892326965
CF,Daulton Varsho,Jung Hoo Lee,662139,808982,550.3333333333334,1275.6666666666667,8.305273648596783,2.293677440085086,6.011596208511698
CF,Trent Grisham,JJ Bleday,663757,668709,1133,714.6666666666666,4.010473613837257,1.2065542919818133,2.803919321855444
CF,Trent Grisham,Angel Martínez,663757,682657,1133,827,2.3235015064178843,0.8094498440013729,1.5140516624165115
CF,Victor Scott II,Trent Grisham,687363,663757,1118,1133,6.434742723972799,0.6931952298803249,5.741547494092474
CF,Trent Grisham,Robert Hassell III,663757,690987,1133,473,0.5541985672940741,1.1031405281081617,-0.5489419608140875
CF,Jakob Marsee,Trent Grisham,805300,663757,475,1133,4.1866493241046125,0.03969406666700115,4.146955257437612
CF,Trent Grisham,Jung Hoo Lee,663757,808982,1133,1275.6666666666667,1.3666080026457619,1.4251703408043728,-0.058562338158610894
CF,Myles Straw,Oneil Cruz,664702,665833,698.3333333333334,1061.3333333333333,5.799522673031026,1.5914934024928284,4.208029270538198
CF,Myles Straw,JJ Bleday,664702,668709,698.3333333333334,714.6666666666666,10.20717192676237,0.6147451639410426,9.592426762821328
CF,Myles Straw,Brandon Marsh,664702,669016,698.3333333333334,952,5.799522673031026,0.12703492939505778,5.672487743635968
CF,Myles Straw,Kameron Misner,664702,670224,698.3333333333334,503.6666666666667,3.1191785300793384,1.4180327726202122,1.701145757459126
CF,Myles Straw,Luis Robert Jr.,664702,673357,698.3333333333334,865.6666666666666,2.6805392305974487,0.3363032020496037,2.344236028547845
CF,Myles Straw,Julio Rodríguez,664702,677594,698.3333333333334,1406.3333333333333,2.59971229142401,0.24333794824872498,2.356374343175285
CF,Myles Straw,Andy Pages,664702,681624,698.3333333333334,1369,2.512451818392604,0.9890409113833264,1.5234109070092776
CF,Myles Straw,Angel Martínez,664702,682657,698.3333333333334,827,8.520199819342997,0.21764071596060214,8.302559103382395
CF,Myles Straw,Brenton Doyle,664702,686668,698.3333333333334,1090.6666666666667,3.7365642378232025,2.078076177950623,1.658488059872579
CF,Victor Scott II,Myles Straw,687363,664702,1118,698.3333333333334,0.23804441104768603,1.2850043579210957,-1.0469599468734092
CF,Myles Straw,Robert Hassell III,664702,690987,698.3333333333334,473,6.750896880219186,0.511331400067391,6.2395654801517955
CF,Myles Straw,Jackson Merrill,664702,701538,698.3333333333334,1001.3333333333334,4.900721075161519,1.1747172933022367,3.7260037818592817
CF,Myles Straw,Jung Hoo Lee,664702,808982,698.3333333333334,1275.6666666666667,7.563306315570874,0.833361212763602,6.729945102807273
CF,Kyle Isbel,Oneil Cruz,664728,665833,1032,1061.3333333333333,4.796511627906977,1.8534291482755232,2.9430824796314536
CF,Kyle Isbel,JJ Bleday,664728,668709,1032,714.6666666666666,9.20416088163832,0.8766809097237372,8.327479971914583
CF,Kyle Isbel,Brandon Marsh,664728,669016,1032,952,4.796511627906977,0.3889706751777524,4.407540952729224
CF,Kyle Isbel,Kameron Misner,664728,670224,1032,503.6666666666667,2.116167484955289,1.679968518402907,0.4361989665523822
CF,Kyle Isbel,Luis Robert Jr.,664728,673357,1032,865.6666666666666,1.6775281854733994,0.5982389478322983,1.0792892376411012
CF,Kyle Isbel,Julio Rodríguez,664728,677594,1032,1406.3333333333333,1.5967012462999608,0.5052736940314196,1.091427552268541
CF,Kyle Isbel,Alek Thomas,664728,677950,1032,1080.3333333333333,4.796511627906977,0.2501433973839062,4.546368230523071
CF,Kyle Isbel,Andy Pages,664728,681624,1032,1369,1.5094407732685546,1.250976657166021,0.25846411610253384
CF,Kyle Isbel,Angel Martínez,664728,682657,1032,827,7.517188774218948,0.4795764617432968,7.037612312475651
CF,Kyle Isbel,Brenton Doyle,664728,686668,1032,1090.6666666666667,2.733553192699153,2.3400119237333175,0.3935412689658353
CF,Victor Scott II,Kyle Isbel,687363,664728,1118,1032,1.2410554561717353,1.023068612138401,0.21798684403333457
CF,Kyle Isbel,Robert Hassell III,664728,690987,1032,473,5.747885835095137,0.7732671458500856,4.974618689245052
CF,Kyle Isbel,Jackson Merrill,664728,701538,1032,1001.3333333333334,3.8977100300374694,1.4366530390849315,2.461056990952538
CF,Kyle Isbel,Jung Hoo Lee,664728,808982,1032,1275.6666666666667,6.560295270446825,1.0952969585462966,5.464998311900528
CF,Dane Myers,Oneil Cruz,667472,665833,752.6666666666666,1061.3333333333333,0.5978742249778566,2.11768492008584,-1.5198106951079837
CF,Kameron Misner,Oneil Cruz,670224,665833,503.6666666666667,1061.3333333333333,2.6803441429516877,0.17346062987261623,2.5068835130790714
CF,TJ Friedl,Oneil Cruz,670770,665833,1295,1061.3333333333333,0.3474903474903475,2.005502366459609,-1.6580120189692615
CF,Michael Harris II,Oneil Cruz,671739,665833,1397,1061.3333333333333,2.2548317823908377,1.9324970275084419,0.3223347548823958
CF,Luis Robert Jr.,Oneil Cruz,673357,665833,865.6666666666666,1061.3333333333333,3.1189834424335774,1.255190200443225,1.8637932419903525
CF,Jake Meyers,Oneil Cruz,676694,665833,844,1061.3333333333333,4.265402843601896,2.053410945287773,2.211991898314123
CF,Julio Rodríguez,Oneil Cruz,677594,665833,1406.3333333333333,1061.3333333333333,3.199810381607016,1.3481554542441034,1.8516549273629126
CF,Ceddanne Rafaela,Oneil Cruz,678882,665833,1167.3333333333333,1061.3333333333333,7.324386065105655,0.743632821149076,6.580753243956579
CF,Andy Pages,Oneil Cruz,681624,665833,1369,1061.3333333333333,3.287070854638422,0.6024524911095022,2.68461836352892
CF,Victor Scott II,Oneil Cruz,687363,665833,1118,1061.3333333333333,6.037567084078712,2.8764977604139244,3.161069323664788
CF,Pete Crow-Armstrong,Oneil Cruz,691718,665833,1357,1061.3333333333333,7.295504789977892,0.7824648808870385,6.513039909090853
CF,Jackson Chourio,Oneil Cruz,694192,665833,1138.6666666666667,1061.3333333333333,1.1855971896955502,2.1077408088739675,-0.9221436191784174
CF,Jacob Young,Oneil Cruz,696285,665833,901.3333333333334,1061.3333333333333,6.490384615384615,0.7074431287517584,5.782941486632856
CF,Jackson Merrill,Oneil Cruz,701538,665833,1001.3333333333334,1061.3333333333333,0.8988015978695073,0.4167761091905917,0.4820254886789157
CF,Jakob Marsee,Oneil Cruz,805300,665833,475,1061.3333333333333,3.789473684210526,2.2229965972006003,1.5664770870099258
CF,Dane Myers,JJ Bleday,667472,668709,752.6666666666666,714.6666666666666,5.0055234787092004,1.1409366815340545,3.864586797175146
CF,Dane Myers,Brandon Marsh,667472,669016,752.6666666666666,952,0.5978742249778566,0.6532264469880695,-0.055352222010212976
CF,Dane Myers,TJ Friedl,667472,670770,752.6666666666666,1295,0.25038387748750907,0.1121825536262312,0.13820132386127787
CF,Dane Myers,Alek Thomas,667472,677950,752.6666666666666,1080.3333333333333,0.5978742249778566,0.5143991691942232,0.0834750557836333
CF,Dane Myers,Angel Martínez,667472,682657,752.6666666666666,827,3.3185513712898276,0.7438322335536139,2.5747191377362135
CF,Victor Scott II,Dane Myers,687363,667472,1118,752.6666666666666,5.439692859100855,0.7588128403280838,4.680880018772772
CF,Dane Myers,Robert Hassell III,667472,690987,752.6666666666666,473,1.5492484321660172,1.0375229176604028,0.5117255145056145
CF,Jakob Marsee,Dane Myers,805300,667472,475,752.6666666666666,3.1915994592326697,0.10531167711476008,3.0862877821179096
CF,Dane Myers,Jung Hoo Lee,667472,808982,752.6666666666666,1275.6666666666667,2.361657867517705,1.3595527303566137,1.0021051371610912
CF,Brandon Marsh,JJ Bleday,669016,668709,952,714.6666666666666,4.407649253731344,0.48771023454598483,3.919939019185359
CF,TJ Friedl,JJ Bleday,670770,668709,1295,714.6666666666666,4.755139601221691,1.0287541279078232,3.726385473313868
CF,Michael Harris II,JJ Bleday,671739,668709,1397,714.6666666666666,6.662481036122181,0.9557487889566558,5.706732247165526
CF,Luis Robert Jr.,JJ Bleday,673357,668709,865.6666666666666,714.6666666666666,7.526632696164921,0.27844196189143894,7.248190734273482
CF,Jake Meyers,JJ Bleday,676694,668709,844,714.6666666666666,8.67305209733324,1.0766627067359869,7.596389390597253
CF,Julio Rodríguez,JJ Bleday,677594,668709,1406.3333333333333,714.6666666666666,7.60745963533836,0.3714072156923176,7.236052419646042
CF,Alek Thomas,JJ Bleday,677950,668709,1080.3333333333333,714.6666666666666,4.407649253731344,0.6265375123398311,3.7811117413915127
CF,Angel Martínez,JJ Bleday,682657,668709,827,714.6666666666666,1.6869721074193729,0.3971044479804404,1.2898676594389324
CF,Victor Scott II,JJ Bleday,687363,668709,1118,714.6666666666666,10.445216337810056,1.8997495218621383,8.545466815947918
CF,Robert Hassell III,JJ Bleday,690987,668709,473,714.6666666666666,3.456275046543183,0.10341376387365164,3.352861282669531
CF,Jackson Chourio,JJ Bleday,694192,668709,1138.6666666666667,714.6666666666666,5.593246443426894,1.1309925703221815,4.4622538731047126
CF,Jakob Marsee,JJ Bleday,805300,668709,475,714.6666666666666,8.19712293794187,1.2462483586488144,6.950874579293055
CF,TJ Friedl,Brandon Marsh,670770,669016,1295,952,0.3474903474903475,0.5410438933618383,-0.19355354587149085
CF,Michael Harris II,Brandon Marsh,671739,669016,1397,952,2.2548317823908377,0.4680385544106711,1.7867932279801666
CF,Jake Meyers,Brandon Marsh,676694,669016,844,952,4.265402843601896,0.5889524721900021,3.6764503714118937
CF,Brandon Marsh,Angel Martínez,669016,682657,952,827,2.7206771463119708,0.09060578656554436,2.6300713597464265
CF,Victor Scott II,Brandon Marsh,687363,669016,1118,952,6.037567084078712,1.4120392873161534,4.625527796762559
CF,Brandon Marsh,Robert Hassell III,669016,690987,952,473,0.9513742071881607,0.3842964706723332,0.5670777365158275
CF,Jackson Chourio,Brandon Marsh,694192,669016,1138.6666666666667,952,1.1855971896955502,0.6432823357761968,0.5423148539193534
CF,Jakob Marsee,Brandon Marsh,805300,669016,475,952,3.789473684210526,0.7585381241028296,3.0309355601076966
CF,Brandon Marsh,Jung Hoo Lee,669016,808982,952,1275.6666666666667,1.7637836425398483,0.7063262833685442,1.0574573591713041
CF,Luis Robert Jr.,Kameron Misner,673357,670224,865.6666666666666,503.6666666666667,0.43863929948188973,1.0817295705706087,-0.643090271088719
CF,Jake Meyers,Kameron Misner,676694,670224,844,503.6666666666667,1.5850587006502082,1.8799503154151567,-0.2948916147649485
CF,Julio Rodríguez,Kameron Misner,677594,670224,1406.3333333333333,503.6666666666667,0.5194662386553284,1.1746948243714872,-0.6552285857161588
CF,Ceddanne Rafaela,Kameron Misner,678882,670224,1167.3333333333333,503.6666666666667,4.644041922153967,0.5701721912764598,4.073869730877508
CF,Andy Pages,Kameron Misner,681624,670224,1369,503.6666666666667,0.6067267116867345,0.42899186123688593,0.17773485044984838
CF,Kameron Misner,Brenton Doyle,670224,686668,503.6666666666667,1090.6666666666667,0.617385707743864,0.6600434053304105,-0.04265769758654692
CF,Victor Scott II,Kameron Misner,687363,670224,1118,503.6666666666667,3.3572229411270245,2.7030371305413077,0.6541858105857168
CF,Pete Crow-Armstrong,Kameron Misner,691718,670224,1357,503.6666666666667,4.6151606470262045,0.6090042510144222,4.006156396011782
CF,Jacob Young,Kameron Misner,696285,670224,901.3333333333334,503.6666666666667,3.8100404724329273,0.5339824988791422,3.276057973553785
CF,Jakob Marsee,Kameron Misner,805300,670224,475,503.6666666666667,1.1091295412588384,2.049535967327984,-0.9404064260691456
CF,Jake Meyers,TJ Friedl,676694,670770,844,1295,3.917912496111548,0.047908578828163795,3.8700039172833844
CF,TJ Friedl,Alek Thomas,670770,677950,1295,1080.3333333333333,0.3474903474903475,0.4022166155679921,-0.05472626807764456
CF,TJ Friedl,Angel Martínez,670770,682657,1295,827,3.0681674938023185,0.6316496799273827,2.4365178138749357
CF,Victor Scott II,TJ Friedl,687363,670770,1118,1295,5.690076736588365,0.870995393954315,4.81908134263405
CF,TJ Friedl,Robert Hassell III,670770,690987,1295,473,1.2988645546785083,0.9253403640341715,0.3735241906443367
CF,Jackson Chourio,TJ Friedl,694192,670770,1138.6666666666667,1295,0.8381068422052027,0.10223844241435837,0.7358683997908442
CF,Jakob Marsee,TJ Friedl,805300,670770,475,1295,3.4419833367201784,0.21749423074099128,3.2244891059791874
CF,TJ Friedl,Jung Hoo Lee,670770,808982,1295,1275.6666666666667,2.111273990030196,1.2473701767303824,0.8639038132998134
CF,Jake Meyers,Michael Harris II,676694,671739,844,1397,2.010571061211058,0.12091391777933108,1.889657143431727
CF,Michael Harris II,Alek Thomas,671739,677950,1397,1080.3333333333333,2.2548317823908377,0.3292112766168248,1.9256205057740128
CF,Michael Harris II,Angel Martínez,671739,682657,1397,827,4.9755089287028085,0.5586443409762154,4.416864587726593
CF,Michael Harris II,Brenton Doyle,671739,686668,1397,1090.6666666666667,0.19187334718301408,2.419079802966236,-2.2272064557832225
CF,Victor Scott II,Michael Harris II,687363,671739,1118,1397,3.7827353016878744,0.9440007329054823,2.8387345687823924
CF,Michael Harris II,Robert Hassell III,671739,690987,1397,473,3.2062059895789985,0.8523350250830042,2.353870964495994
CF,Michael Harris II,Jackson Merrill,671739,701538,1397,1001.3333333333334,1.3560301845213303,1.5157209183178502,-0.15969073379651988
CF,Jakob Marsee,Michael Harris II,805300,671739,475,1397,1.5346419018196884,0.29049956969215857,1.24414233212753
CF,Michael Harris II,Jung Hoo Lee,671739,808982,1397,1275.6666666666667,4.018615424930686,1.1743648377792153,2.8442505871514707
CF,Jake Meyers,Luis Robert Jr.,676694,673357,844,865.6666666666666,1.1464194011683184,0.798220744844548,0.34819865632377045
CF,Julio Rodríguez,Luis Robert Jr.,677594,673357,1406.3333333333333,865.6666666666666,0.08082693917343864,0.09296525380087867,-0.012138314627439861
CF,Luis Robert Jr.,Brenton Doyle,673357,686668,865.6666666666666,1090.6666666666667,1.0560250072257538,1.7417729759010192,-0.6857479686752659
CF,Victor Scott II,Luis Robert Jr.,687363,673357,1118,865.6666666666666,2.9185836416451347,1.6213075599706992,1.2972760816744358
CF,Luis Robert Jr.,Robert Hassell III,673357,690987,865.6666666666666,473,4.070357649621738,0.1750281980177873,3.895329451603951
CF,Luis Robert Jr.,Jackson Merrill,673357,701538,865.6666666666666,1001.3333333333334,2.22018184456407,0.8384140912526332,1.3817677533114368
CF,Jakob Marsee,Luis Robert Jr.,805300,673357,475,865.6666666666666,0.6704902417769487,0.9678063967573756,-0.29731615498042663
CF,Luis Robert Jr.,Jung Hoo Lee,673357,808982,865.6666666666666,1275.6666666666667,4.882767084973426,0.4970580107139983,4.385709074259427
CF,Jake Meyers,Julio Rodríguez,676694,677594,844,1406.3333333333333,1.0655924619948798,0.7052554910436694,0.3603369709512103
CF,Jake Meyers,Alek Thomas,676694,677950,844,1080.3333333333333,4.265402843601896,0.4501251943961559,3.81527764920574
CF,Jake Meyers,Andy Pages,676694,681624,844,1369,0.9783319889634736,1.4509584541782707,-0.4726264652147969
CF,Jake Meyers,Angel Martínez,676694,682657,844,827,6.986079989913867,0.6795582587555465,6.30652173115832
CF,Jake Meyers,Brenton Doyle,676694,686668,844,1090.6666666666667,2.202444408394072,2.539993720745567,-0.33754931235149543
CF,Victor Scott II,Jake Meyers,687363,676694,1118,844,1.7721642404768163,0.8230868151261512,0.9490774253506653
CF,Jake Meyers,Robert Hassell III,676694,690987,844,473,5.216777050790056,0.9732489428623353,4.243528107927721
CF,Jake Meyers,Jackson Merrill,676694,701538,844,1001.3333333333334,3.3666012457323884,1.6366348360971812,1.7299664096352072
CF,Jake Meyers,Jung Hoo Lee,676694,808982,844,1275.6666666666667,6.029186486141744,1.2952787555585463,4.733907730583198
CF,Julio Rodríguez,Brenton Doyle,677594,686668,1406.3333333333333,1090.6666666666667,1.1368519463991924,1.8347382297018977,-0.6978862833027057
CF,Victor Scott II,Julio Rodríguez,687363,677594,1118,1406.3333333333333,2.837756702471696,1.5283423061698205,1.3094143963018756
CF,Julio Rodríguez,Robert Hassell III,677594,690987,1406.3333333333333,473,4.151184588795177,0.26799345181866596,3.883191136976511
CF,Julio Rodríguez,Jackson Merrill,677594,701538,1406.3333333333333,1001.3333333333334,2.3010087837375086,0.9313793450535118,1.369629438683997
CF,Jakob Marsee,Julio Rodríguez,805300,677594,475,1406.3333333333333,0.5896633026035101,0.8748411429564968,-0.28517784035298677
CF,Julio Rodríguez,Jung Hoo Lee,677594,808982,1406.3333333333333,1275.6666666666667,4.963594024146865,0.590023264514877,4.3735707596319875
CF,Alek Thomas,Angel Martínez,677950,682657,1080.3333333333333,827,2.7206771463119708,0.22943306435939065,2.4912440819525803
CF,Victor Scott II,Alek Thomas,687363,677950,1118,1080.3333333333333,6.037567084078712,1.2732120095223072,4.764355074556406
CF,Alek Thomas,Robert Hassell III,677950,690987,1080.3333333333333,473,0.9513742071881607,0.5231237484661795,0.42825045872198125
CF,Jackson Chourio,Alek Thomas,694192,677950,1138.6666666666667,1080.3333333333333,1.1855971896955502,0.5044550579823505,0.6811421317131997
CF,Jakob Marsee,Alek Thomas,805300,677950,475,1080.3333333333333,3.789473684210526,0.6197108463089833,3.169762837901543
CF,Alek Thomas,Jung Hoo Lee,677950,808982,1080.3333333333333,1275.6666666666667,1.7637836425398483,0.8451535611623905,0.9186300813774578
CF,Ceddanne Rafaela,Andy Pages,678882,681624,1167.3333333333333,1369,4.0373152104672325,0.14118033003957386,3.8961348804276597
CF,Ceddanne Rafaela,Brenton Doyle,678882,686668,1167.3333333333333,1090.6666666666667,5.261427629897831,1.2302155966068704,4.031212033290961
CF,Ceddanne Rafaela,Jacob Young,678882,696285,1167.3333333333333,901.3333333333334,0.8340014497210397,0.03618969239731762,0.7978117573237231
CF,Ceddanne Rafaela,Jackson Merrill,678882,701538,1167.3333333333333,1001.3333333333334,6.425584467236147,0.3268567119584843,6.098727755277664
CF,Andy Pages,Brenton Doyle,681624,686668,1369,1090.6666666666667,1.2241124194305986,1.0890352665672964,0.13507715286330146
CF,Victor Scott II,Andy Pages,687363,681624,1118,1369,2.75049622944029,2.274045269304422,0.4764509601358684
CF,Pete Crow-Armstrong,Andy Pages,691718,681624,1357,1369,4.00843393533947,0.1800123897775363,3.828421545561934
CF,Jacob Young,Andy Pages,696285,681624,901.3333333333334,1369,3.203313760746193,0.10499063764225625,3.0983231231039365
CF,Andy Pages,Jackson Merrill,681624,701538,1369,1001.3333333333334,2.3882692567689148,0.18567638191891045,2.202592874850004
CF,Jakob Marsee,Andy Pages,805300,681624,475,1369,0.5024028295721039,1.6205441060910983,-1.118141276518994
CF,Victor Scott II,Angel Martínez,687363,682657,1118,827,8.758244230390684,1.5026450738816977,7.2555991565089855
CF,Jackson Chourio,Angel Martínez,694192,682657,1138.6666666666667,827,3.906274336007521,0.7338881223417411,3.1723862136657797
CF,Jakob Marsee,Angel Martínez,805300,682657,475,827,6.510150830522496,0.849143910668374,5.661006919854123
CF,Victor Scott II,Brenton Doyle,687363,686668,1118,1090.6666666666667,3.9746086488708885,3.3630805358717186,0.6115281129991699
CF,Pete Crow-Armstrong,Brenton Doyle,691718,686668,1357,1090.6666666666667,5.232546354770069,1.2690476563448327,3.9634986984252354
CF,Jacob Young,Brenton Doyle,696285,686668,901.3333333333334,1090.6666666666667,4.427426180176791,1.1940259042095527,3.233400275967238
CF,Jakob Marsee,Brenton Doyle,805300,686668,475,1090.6666666666667,1.7265152490027025,2.7095793726583945,-0.9830641236556925
CF,Victor Scott II,Robert Hassell III,687363,690987,1118,473,6.9889412912668725,1.7963357579884867,5.192605533278386
CF,Victor Scott II,Jackson Chourio,687363,694192,1118,1138.6666666666667,4.851969894383162,0.7687569515399566,4.083212942843206
CF,Victor Scott II,Jackson Merrill,687363,701538,1118,1001.3333333333334,5.138765486209205,2.459721651223332,2.6790438349858725
CF,Victor Scott II,Jakob Marsee,687363,805300,1118,475,2.248093399868186,0.6535011632133237,1.5945922366548624
CF,Victor Scott II,Jung Hoo Lee,687363,808982,1118,1275.6666666666667,7.80135072661856,2.1183655706846976,5.6829851559338636
CF,Jackson Chourio,Robert Hassell III,694192,690987,1138.6666666666667,473,2.1369713968837107,1.0275788064485298,1.109392590435181
CF,Jakob Marsee,Robert Hassell III,805300,690987,475,473,4.740847891398687,1.1428345947751628,3.598013296623524
CF,Robert Hassell III,Jung Hoo Lee,690987,808982,473,1275.6666666666667,0.8124094353516876,0.322029812696211,0.49037962265547663
CF,Pete Crow-Armstrong,Jacob Young,691718,696285,1357,901.3333333333334,0.8051201745932772,0.07502175213528006,0.7300984224579974
CF,Pete Crow-Armstrong,Jackson Merrill,691718,701538,1357,1001.3333333333334,6.396703192108385,0.36568877169644676,6.031014420411938
CF,Pete Crow-Armstrong,Jung Hoo Lee,691718,808982,1357,1275.6666666666667,9.059288432517741,0.024332691157811892,9.034955741359928
CF,Jackson Chourio,Jackson Merrill,694192,701538,1138.6666666666667,1001.3333333333334,0.28679559182604286,1.6909646996833758,-1.404169107857333
CF,Jakob Marsee,Jackson Chourio,805300,694192,475,1138.6666666666667,2.603876494514976,0.11525578832663291,2.4886207061883434
CF,Jackson Chourio,Jung Hoo Lee,694192,808982,1138.6666666666667,1275.6666666666667,2.9493808322353985,1.349608619144741,1.5997722130906575
CF,Jacob Young,Jackson Merrill,696285,701538,901.3333333333334,1001.3333333333334,5.5915830175151076,0.2906670195611667,5.300915997953941
CF,Jakob Marsee,Jackson Merrill,805300,701538,475,1001.3333333333334,2.8906720863410187,1.8062204880100086,1.0844515983310101
CF,Jakob Marsee,Jung Hoo Lee,805300,808982,475,1275.6666666666667,5.553257326750375,1.464864407471374,4.088392919279
LF,Max Kepler,Tommy Pham,596146,502054,1008.3333333333334,949.6666666666666,0.9477009477009477,0.04627257950743269,0.9014283681935151
LF,Taylor Ward,Tommy Pham,621493,502054,1331.6666666666667,949.6666666666666,0.9477009477009477,0.1976721149651809,0.7500288327357669
LF,Tommy Pham,Michael Conforto,502054,624424,949.6666666666666,1010,2.171110933487171,0.050762834175393956,2.120348099311777
LF,Lars Nootbaar,Tommy Pham,663457,502054,1128,949.6666666666666,0.5487647774881818,0.6005693186771196,-0.05180454118893785
LF,Tommy Pham,Dylan Carlson,502054,666185,949.6666666666666,578.6666666666666,0.6075985914695594,0.5664112830499982,0.041187308419561086
LF,Tommy Pham,Lourdes Gurriel Jr.,502054,666971,949.6666666666666,1006.3333333333334,0.3938028615073994,0.7386208974239045,-0.34481803591650517
LF,Tommy Pham,Kyle Stowers,502054,669065,949.6666666666666,857,0.1024740814705809,1.6146131728844337,-1.512139091413853
LF,Tommy Pham,Jarren Duran,502054,680776,949.6666666666666,1346,0.05527082050113252,1.7741859425556115,-1.7189151220544792
LF,Riley Greene,Tommy Pham,682985,502054,1146.3333333333333,949.6666666666666,1.3402569232752426,0.9016421260068298,0.4386147972684129
LF,Isaac Collins,Tommy Pham,686555,502054,876.6666666666666,949.6666666666666,2.4876249020735717,0.6270217767483929,1.8606031253251787
LF,Tyler Soderstrom,Tommy Pham,691016,502054,867.6666666666666,949.6666666666666,3.0222303368672945,0.22720744214354072,2.795022894723754
LF,Tommy Pham,Jasson Domínguez,502054,691176,949.6666666666666,793,3.59202162480851,0.06991735035117375,3.522104274457336
LF,Tommy Pham,James Wood,502054,695578,949.6666666666666,1067.3333333333333,1.5819680092009887,0.5894020462865669,0.9925659629144215
LF,Riley Greene,Jurickson Profar,682985,595777,1146.3333333333333,701,4.244196489126363,0.03584379688703376,4.2083526922393295
LF,Jurickson Profar,Jasson Domínguez,595777,691176,701,793,0.6880820589573893,0.9357156794709698,-0.2476336205135805
LF,Max Kepler,Brandon Nimmo,596146,607043,1008.3333333333334,1283.6666666666667,0.35055829654635157,0.5640262114535135,-0.21346791490716194
LF,Max Kepler,Michael Conforto,596146,624424,1008.3333333333334,1010,3.118811881188119,0.09703541368282664,3.0217764675052923
LF,Max Kepler,Dylan Carlson,596146,666185,1008.3333333333334,578.6666666666666,1.5552995391705071,0.6126838625574309,0.9426156766130762
LF,Max Kepler,Lourdes Gurriel Jr.,596146,666971,1008.3333333333334,1006.3333333333334,1.341503809208347,0.7848934769313372,0.55661033227701
LF,Max Kepler,Kyle Stowers,596146,669065,1008.3333333333334,857,1.0501750291715286,1.6608857523918665,-0.6107107232203379
LF,Max Kepler,Jarren Duran,596146,680776,1008.3333333333334,1346,1.0029717682020802,1.8204585220630443,-0.817486753860964
LF,Riley Greene,Max Kepler,682985,596146,1146.3333333333333,1008.3333333333334,0.3925559755742949,0.8553695464993971,-0.4628135709251022
LF,Isaac Collins,Max Kepler,686555,596146,876.6666666666666,1008.3333333333334,1.5399239543726237,0.5807491972409602,0.9591747571316636
LF,Max Kepler,Jordan Beck,596146,687597,1008.3333333333334,1159.3333333333333,0.7763082231167338,1.0497691539370058,-0.27346093082027195
LF,Tyler Soderstrom,Max Kepler,691016,596146,867.6666666666666,1008.3333333333334,2.0745293891663468,0.18093486263610803,1.8935945265302387
LF,Max Kepler,Jasson Domínguez,596146,691176,1008.3333333333334,793,4.539722572509458,0.11618992985860643,4.4235326426508514
LF,Max Kepler,James Wood,596146,695578,1008.3333333333334,1067.3333333333333,2.5296689569019364,0.6356746257939996,1.8939943311079366
LF,Taylor Ward,Brandon Nimmo,621493,607043,1331.6666666666667,1283.6666666666667,0.35055829654635157,0.7154257469112617,-0.36486745036491014
LF,Brandon Nimmo,Dylan Carlson,607043,666185,1283.6666666666667,578.6666666666666,1.2047412426241555,0.04865765110391739,1.156083591520238
LF,Brandon Nimmo,Lourdes Gurriel Jr.,607043,666971,1283.6666666666667,1006.3333333333334,0.9909455126619955,0.2208672654778236,0.7700782471841718
LF,Brandon Nimmo,Kyle Stowers,607043,669065,1283.6666666666667,857,0.699616732625177,1.096859540938353,-0.397242808313176
LF,Austin Hays,Brandon Nimmo,669720,607043,507.3333333333333,1283.6666666666667,1.2375490981232242,0.3357431531423563,0.901805944980868
LF,Brandon Nimmo,Jarren Duran,607043,680776,1283.6666666666667,1346,0.6524134716557286,1.2564323106095308,-0.6040188389538022
LF,Riley Greene,Brandon Nimmo,682985,607043,1146.3333333333333,1283.6666666666667,0.7431142721206465,1.4193957579529106,-0.6762814858322641
LF,Isaac Collins,Brandon Nimmo,686555,607043,876.6666666666666,1283.6666666666667,1.8904822509189754,1.1447754086944737,0.7457068422245017
LF,Brandon Nimmo,Jordan Beck,607043,687597,1283.6666666666667,1159.3333333333333,0.4257499265703822,0.4857429424834922,-0.059993015913110015
LF,Tyler Soderstrom,Brandon Nimmo,691016,607043,867.6666666666666,1283.6666666666667,2.425087685712698,0.7449610740896215,1.6801266116230769
LF,Brandon Nimmo,James Wood,607043,695578,1283.6666666666667,1067.3333333333333,2.179110660355585,0.0716484143404861,2.1074622460150985
LF,Taylor Ward,Michael Conforto,621493,624424,1331.6666666666667,1010,3.118811881188119,0.24843494914057485,2.870376932047544
LF,Taylor Ward,Dylan Carlson,621493,666185,1331.6666666666667,578.6666666666666,1.5552995391705071,0.7640833980151791,0.791216141155328
LF,Taylor Ward,Lourdes Gurriel Jr.,621493,666971,1331.6666666666667,1006.3333333333334,1.341503809208347,0.9362930123890854,0.40521079681926175
LF,Taylor Ward,Randy Arozarena,621493,668227,1331.6666666666667,1408.3333333333333,1.2781065088757397,0.08831187293611376,1.1897946359396259
LF,Taylor Ward,Kyle Stowers,621493,669065,1331.6666666666667,857,1.0501750291715286,1.8122852878496147,-0.7621102586780861
LF,Taylor Ward,Jarren Duran,621493,680776,1331.6666666666667,1346,1.0029717682020802,1.9718580575207925,-0.9688862893187122
LF,Riley Greene,Taylor Ward,682985,621493,1146.3333333333333,1331.6666666666667,0.3925559755742949,0.7039700110416489,-0.311414035467354
LF,Isaac Collins,Taylor Ward,686555,621493,876.6666666666666,1331.6666666666667,1.5399239543726237,0.429349661783212,1.1105742925894118
LF,Taylor Ward,Jordan Beck,621493,687597,1331.6666666666667,1159.3333333333333,0.7763082231167338,1.201168689394754,-0.42486046627802015
LF,Tyler Soderstrom,Taylor Ward,691016,621493,867.6666666666666,1331.6666666666667,2.0745293891663468,0.029535327178359827,2.044994061987987
LF,Taylor Ward,Jasson Domínguez,621493,691176,1331.6666666666667,793,4.539722572509458,0.26758946531635464,4.272133107193103
LF,Taylor Ward,James Wood,621493,695578,1331.6666666666667,1067.3333333333333,2.5296689569019364,0.7870741612517478,1.7425947956501884
LF,Lars Nootbaar,Michael Conforto,663457,624424,1128,1010,2.719875710975353,0.6513321528525136,2.068543558122839
LF,Randy Arozarena,Michael Conforto,668227,624424,1408.3333333333333,1010,1.8407053723123792,0.1601230762044611,1.680582296107918
LF,Heliot Ramos,Michael Conforto,671218,624424,1332.6666666666667,1010,0.4174612058504503,0.4589250704073605,-0.04146386455691031
LF,Riley Greene,Michael Conforto,682985,624424,1146.3333333333333,1010,3.511367856762414,0.9524049601822238,2.55896289658019
LF,Isaac Collins,Michael Conforto,686555,624424,876.6666666666666,1010,4.6587358355607424,0.6777846109237868,3.9809512246369554
LF,Tyler Soderstrom,Michael Conforto,691016,624424,867.6666666666666,1010,5.193341270354466,0.2779702763189347,4.915370994035531
LF,Michael Conforto,Jasson Domínguez,624424,691176,1010,793,1.420910691321339,0.01915451617577979,1.4017561751455592
LF,Lars Nootbaar,Dylan Carlson,663457,666185,1128,578.6666666666666,1.156363368957741,1.1669806017271178,-0.010617232769376761
LF,Lars Nootbaar,Lourdes Gurriel Jr.,663457,666971,1128,1006.3333333333334,0.9425676389955812,1.339190216101024,-0.396622577105443
LF,Lars Nootbaar,Randy Arozarena,663457,668227,1128,1408.3333333333333,0.8791703386629738,0.49120907664805247,0.3879612620149211
LF,Lars Nootbaar,Kyle Stowers,663457,669065,1128,857,0.6512388589587627,2.2151824915615537,-1.563943632602791
LF,Lars Nootbaar,Heliot Ramos,663457,671218,1128,1332.6666666666667,2.3024145051249025,0.19240708244515303,2.1100074226797494
LF,Lars Nootbaar,Jarren Duran,663457,680776,1128,1346,0.6040355979893143,2.374755261232731,-1.770719663243417
LF,Riley Greene,Lars Nootbaar,682985,663457,1146.3333333333333,1128,0.7914921457870608,0.3010728073297102,0.49041933845735075
LF,Isaac Collins,Lars Nootbaar,686555,663457,876.6666666666666,1128,1.9388601245853896,0.026452458071273277,1.9124076665141165
LF,Lars Nootbaar,Jordan Beck,663457,687597,1128,1159.3333333333333,0.3773720529039678,1.6040658931066927,-1.226693840202725
LF,Lars Nootbaar,Jasson Domínguez,663457,691176,1128,793,4.140786402296692,0.6704866690282933,3.4702997332683982
LF,Lars Nootbaar,James Wood,663457,695578,1128,1067.3333333333333,2.1307327866891703,1.1899713649636865,0.9407614217254836
LF,Ian Happ,Kyle Stowers,664023,669065,1274.3333333333333,857,1.0501750291715286,0.8679608969040937,0.18221413226743494
LF,Austin Hays,Ian Happ,669720,664023,507.3333333333333,1274.3333333333333,0.8869908015768726,0.5646417971766157,0.322349004400257
LF,Ian Happ,Jarren Duran,664023,680776,1274.3333333333333,1346,1.0029717682020802,1.0275336665752715,-0.02456189837319117
LF,Riley Greene,Ian Happ,682985,664023,1146.3333333333333,1274.3333333333333,0.3925559755742949,1.64829440198717,-1.255738426412875
LF,Isaac Collins,Ian Happ,686555,664023,876.6666666666666,1274.3333333333333,1.5399239543726237,1.373674052728733,0.1662499016438907
LF,Ian Happ,Jordan Beck,664023,687597,1274.3333333333333,1159.3333333333333,0.7763082231167338,0.25684429844923284,0.5194639246675009
LF,Tyler Soderstrom,Ian Happ,691016,664023,867.6666666666666,1274.3333333333333,2.0745293891663468,0.9738597181238808,1.100669671042466
LF,Wyatt Langford,Ian Happ,694671,664023,1160.6666666666667,1274.3333333333333,3.4893739230327396,0.01772379498114629,3.4716501280515932
LF,Randy Arozarena,Dylan Carlson,668227,666185,1408.3333333333333,578.6666666666666,0.2771930302947674,0.6757715250790653,-0.39857849478429785
LF,Austin Hays,Dylan Carlson,669720,666185,507.3333333333333,578.6666666666666,2.4422903407473795,0.3844008042462737,2.057889536501106
LF,Riley Greene,Dylan Carlson,682985,666185,1146.3333333333333,578.6666666666666,1.947855514744802,1.468053409056828,0.479802105687974
LF,Isaac Collins,Dylan Carlson,686555,666185,876.6666666666666,578.6666666666666,3.0952234935431306,1.193433059798391,1.9017904337447398
LF,Tyler Soderstrom,Dylan Carlson,691016,666185,867.6666666666666,578.6666666666666,3.629828928336854,0.7936187251935389,2.836210203143315
LF,Dylan Carlson,James Wood,666185,695578,578.6666666666666,1067.3333333333333,0.9743694177314293,0.022990763236568713,0.9513786544948604
LF,Randy Arozarena,Lourdes Gurriel Jr.,668227,666971,1408.3333333333333,1006.3333333333334,0.06339730033260738,0.8479811394529716,-0.7845838391203641
LF,Austin Hays,Lourdes Gurriel Jr.,669720,666971,507.3333333333333,1006.3333333333334,2.2284946107852197,0.5566104186201799,1.6718841921650398
LF,Riley Greene,Lourdes Gurriel Jr.,682985,666971,1146.3333333333333,1006.3333333333334,1.734059784782642,1.6402630234307343,0.09379676135190773
LF,Isaac Collins,Lourdes Gurriel Jr.,686555,666971,876.6666666666666,1006.3333333333334,2.881427763580971,1.3656426741722973,1.5157850894086735
LF,Tyler Soderstrom,Lourdes Gurriel Jr.,691016,666971,867.6666666666666,1006.3333333333334,3.416033198374694,0.9658283395674452,2.4502048588072487
LF,Wyatt Langford,Lourdes Gurriel Jr.,694671,666971,1160.6666666666667,1006.3333333333334,4.8308777322410865,0.009692416424710554,4.821185315816376
LF,Riley Greene,Randy Arozarena,682985,668227,1146.3333333333333,1408.3333333333333,1.6706624844500346,0.7922818839777627,0.8783806004722718
LF,Isaac Collins,Randy Arozarena,686555,668227,876.6666666666666,1408.3333333333333,2.8180304632483635,0.5176615347193257,2.3003689285290374
LF,Tyler Soderstrom,Randy Arozarena,691016,668227,867.6666666666666,1408.3333333333333,3.3526358980420863,0.11784720011447358,3.2347886979276126
LF,Randy Arozarena,Jasson Domínguez,668227,691176,1408.3333333333333,793,3.261616063633718,0.17927759238024088,3.082338471253477
LF,Randy Arozarena,James Wood,668227,695578,1408.3333333333333,1067.3333333333333,1.2515624480261967,0.698762288315634,0.5528001597105625
LF,Austin Hays,Kyle Stowers,669720,669065,507.3333333333333,857,1.9371658307484012,1.4326026940807093,0.5045631366676919
LF,Riley Greene,Kyle Stowers,682985,669065,1146.3333333333333,857,1.4427310047458235,2.516255298891264,-1.0735242941454401
LF,Isaac Collins,Kyle Stowers,686555,669065,876.6666666666666,857,2.590098983544152,2.241634949632827,0.34846403391132563
LF,Jordan Beck,Kyle Stowers,687597,669065,1159.3333333333333,857,0.27386680605479485,0.6111165984548608,-0.337249792400066
LF,Tyler Soderstrom,Kyle Stowers,691016,669065,867.6666666666666,857,3.1247044183378754,1.8418206150279746,1.2828838033099008
LF,Wyatt Langford,Kyle Stowers,694671,669065,1160.6666666666667,857,4.539548952204268,0.8856846918852399,3.653864260319028
LF,Austin Hays,Jarren Duran,669720,680776,507.3333333333333,1346,1.8899625697789528,1.592175463751887,0.2977871060270658
LF,Isaac Collins,Austin Hays,686555,669720,876.6666666666666,507.3333333333333,0.6529331527957511,0.8090322555521174,-0.1560991027563663
LF,Austin Hays,Jordan Beck,669720,687597,507.3333333333333,1159.3333333333333,1.6632990246936064,0.8214860956258485,0.8418129290677578
LF,Tyler Soderstrom,Austin Hays,691016,669720,867.6666666666666,507.3333333333333,1.1875385875894742,0.4092179209472652,0.7783206666422089
LF,Austin Hays,James Wood,669720,695578,507.3333333333333,1067.3333333333333,3.4166597584788088,0.40739156748284244,3.009268190995966
LF,Riley Greene,Heliot Ramos,682985,671218,1146.3333333333333,1332.6666666666667,3.0939066509119635,0.49347988977486323,2.6004267611371
LF,Isaac Collins,Heliot Ramos,686555,671218,876.6666666666666,1332.6666666666667,4.241274629710293,0.2188595405164263,4.022415089193866
LF,Heliot Ramos,Jasson Domínguez,671218,691176,1332.6666666666667,793,1.8383718971717893,0.4780795865831403,1.3602923105886489
LF,Tyler Soderstrom,Steven Kwan,691016,680757,867.6666666666666,1329,0.38152713183000375,3.0815625938304745,-2.7000354620004714
LF,Wyatt Langford,Steven Kwan,694671,680757,1160.6666666666667,1329,1.7963716656963966,2.12542667068774,-0.32905500499134366
LF,Riley Greene,Jarren Duran,682985,680776,1146.3333333333333,1346,1.3955277437763751,2.675828068562441,-1.2803003247860663
LF,Isaac Collins,Jarren Duran,686555,680776,876.6666666666666,1346,2.5428957225747038,2.4012077193040042,0.14168800327069953
LF,Jordan Beck,Jarren Duran,687597,680776,1159.3333333333333,1346,0.22666354508534647,0.7706893681260385,-0.544025823040692
LF,Tyler Soderstrom,Jarren Duran,691016,680776,867.6666666666666,1346,3.077501157368427,2.0013933846991523,1.0761077726692747
LF,Wyatt Langford,Jarren Duran,694671,680776,1160.6666666666667,1346,4.49234569123482,1.0452574615564176,3.4470882296784024
LF,Riley Greene,Jordan Beck,682985,687597,1146.3333333333333,1159.3333333333333,1.1688641986910286,1.9051387004364029,-0.7362745017453742
LF,Riley Greene,Jasson Domínguez,682985,691176,1146.3333333333333,793,4.932278548083753,0.9715594763580035,3.960719071725749
LF,Riley Greene,James Wood,682985,695578,1146.3333333333333,1067.3333333333333,2.9222249324762313,1.4910441722933967,1.4311807601828344
LF,Isaac Collins,Jordan Beck,686555,687597,876.6666666666666,1159.3333333333333,2.3162321774893577,1.630518351177966,0.68571382631139155
LF,Isaac Collins,Jasson Domínguez,686555,691176,876.6666666666666,793,6.079646526882081,0.6969391270995666,5.382707399782515
LF,Isaac Collins,James Wood,686555,695578,876.6666666666666,1067.3333333333333,4.06959291127456,1.2164238230349598,2.8531690882396
LF,Tyler Soderstrom,Jordan Beck,691016,687597,867.6666666666666,1159.3333333333333,2.8508376122830805,1.2307040165731138,1.6201335957099667
LF,Wyatt Langford,Jordan Beck,694671,687597,1160.6666666666667,1159.3333333333333,4.265682146149473,0.27456809343037913,3.9911140527190945
LF,Tyler Soderstrom,Jasson Domínguez,691016,691176,867.6666666666666,793,6.614251961675805,0.29712479249471446,6.31712716918109
LF,Tyler Soderstrom,James Wood,691016,695578,867.6666666666666,1067.3333333333333,4.604198346068284,0.8166094884301076,3.787588857638175
RF,Aaron Judge,Mike Yastrzemski,592450,573262,822.3333333333334,1100.6666666666667,3.0065796435418757,0.6157654241490418,2.390814219392834
RF,Jake Fraley,Mike Yastrzemski,641584,573262,482,1100.6666666666667,0.8176862507571169,3.5197335542566344,-2.7020473034995174
RF,Eli White,Mike Yastrzemski,642201,573262,574.3333333333334,1100.6666666666667,3.951754735957349,0.6978146508248968,3.2539400851324523
RF,Mike Tauchman,Mike Yastrzemski,643565,573262,571,1100.6666666666667,0.8176862507571169,2.003910392656225,-1.186224141899108
RF,Jesús Sánchez,Mike Yastrzemski,660821,573262,977.6666666666666,1100.6666666666667,0.3574066735324322,1.376886537864623,-1.0194798643321905
RF,Fernando Tatis Jr.,Mike Yastrzemski,665487,573262,1299,1100.6666666666667,3.2426285140365625,1.1473349659104572,2.0952935481261052
RF,Mike Yastrzemski,Nolan Jones,573262,666134,1100.6666666666667,892,1.70473527390656,0.08996633347582272,1.6147689404307373
RF,Adolis García,Mike Yastrzemski,666969,573262,1124,1100.6666666666667,1.2180421226432379,1.4156059717475125,-0.19756384910427438
RF,Lawrence Butler,Mike Yastrzemski,671732,573262,1236.3333333333333,1100.6666666666667,2.273604287963911,2.5565132012454512,-0.28290891328153966
RF,Wenceel Pérez,Mike Yastrzemski,672761,573262,817.3333333333334,1100.6666666666667,1.918828175716334,1.3822735702918387,0.5365546054244952
RF,Wilyer Abreu,Mike Yastrzemski,677800,573262,847.3333333333334,1100.6666666666667,4.5352314907256455,1.1008271040809365,3.434404386644709
RF,Corbin Carroll,Mike Yastrzemski,682998,573262,1218.3333333333333,1100.6666666666667,4.1418996570498665,2.8341581940845355,1.3077414629653314
RF,Sal Frelick,Mike Yastrzemski,686217,573262,1188,1100.6666666666667,3.09041352348439,1.4393744567208808,1.6510390667635093
RF,Dylan Crews,Mike Yastrzemski,686611,573262,713,1100.6666666666667,2.079958340518688,2.957537444421619,-0.8775791039029308
RF,Cam Smith,Mike Yastrzemski,701358,573262,1079.3333333333333,1100.6666666666667,1.2346102779343868,2.0135463976186423,-0.7789361196842556
RF,Jake Fraley,Nick Castellanos,641584,592206,482,1208.3333333333333,4.096551724137932,1.0813454587685722,3.0152062653693594
RF,Nick Castellanos,Ronald Acuña Jr.,592206,660670,1208.3333333333333,779.6666666666666,1.6751455824033252,1.2554875719459782,0.4196580104573471
RF,Juan Soto,Nick Castellanos,665742,592206,1374,1208.3333333333333,0.4939316368016873,0.09869112329045637,0.39524051351123113
RF,Josh Lowe,Nick Castellanos,666139,592206,854.3333333333334,1208.3333333333333,1.989645754571018,0.34355807428156915,1.6460876802894489
RF,Bryan Reynolds,Nick Castellanos,668804,592206,1004,1208.3333333333333,3.2001373815084495,0.3530230996885899,2.84711428181986
RF,Nick Castellanos,Tyler Freeman,592206,671289,1208.3333333333333,509.3333333333333,2.088003249684058,0.9093425836376352,1.1786606660464223
RF,Lawrence Butler,Nick Castellanos,671732,592206,1236.3333333333333,1208.3333333333333,5.552469761344726,0.11812510575738888,5.434344655587337
RF,Corbin Carroll,Nick Castellanos,682998,592206,1218.3333333333333,1208.3333333333333,7.420765130430682,0.3957700985964735,7.024995031834209
RF,Dominic Canzone,Nick Castellanos,686527,592206,539.3333333333334,1208.3333333333333,2.427824900899366,1.2348695946557888,1.1929553062435767
RF,Dylan Crews,Nick Castellanos,686611,592206,713,1208.3333333333333,5.358823813899503,0.5191493489335566,4.839674464965946
RF,Jordan Walker,Nick Castellanos,691023,592206,885.3333333333334,1208.3333333333333,2.0634191940174498,0.7040564234504221,1.359362770567028
RF,Eli White,Aaron Judge,642201,592450,574.3333333333334,822.3333333333334,0.9451750924154734,0.08204922667585501,0.8631258657396184
RF,Fernando Tatis Jr.,Aaron Judge,665487,592450,1299,822.3333333333334,0.2360488704946868,0.5315695417614154,-0.29552067126672865
RF,Aaron Judge,Nolan Jones,592450,666134,822.3333333333334,892,4.711314917448435,0.7057317576248645,4.005583159823571
RF,Wilyer Abreu,Aaron Judge,677800,592450,847.3333333333334,822.3333333333334,1.5286518471837698,0.48506167993189486,1.043590167251875
RF,Corbin Carroll,Aaron Judge,682998,592450,1218.3333333333333,822.3333333333334,1.1353200135079913,2.2183927699354937,-1.0830727564275024
RF,Sal Frelick,Aaron Judge,686217,592450,1188,822.3333333333334,0.08383387994251423,0.823609032571839,-0.7397751526293246
RF,Jake Fraley,Teoscar Hernández,641584,606192,482,1106,3.2549728752260396,1.3132887769940471,1.9416840982319927
RF,Teoscar Hernández,Ronald Acuña Jr.,606192,660670,1106,779.6666666666666,2.5167244313152173,1.023544253720503,1.4931801775947138
RF,Josh Lowe,Teoscar Hernández,666139,606192,854.3333333333334,1106,1.148066905659126,0.575501392507044,0.5725655131520822
RF,Bryan Reynolds,Teoscar Hernández,668804,606192,1004,1106,2.3585585325965575,0.5849664179140648,1.7735921146824931
RF,Teoscar Hernández,Tyler Freeman,606192,671289,1106,509.3333333333333,2.92958209859595,0.6773992654121603,2.252182833183789
RF,Lawrence Butler,Teoscar Hernández,671732,606192,1236.3333333333333,1106,4.710890912432834,0.35006842398286375,4.360822488449971
RF,Kerry Carpenter,Teoscar Hernández,681481,606192,601.6666666666666,1106,1.759127999879779,0.08117792892065934,1.67795007095912
RF,Corbin Carroll,Teoscar Hernández,682998,606192,1218.3333333333333,1106,6.57918628151879,0.6277134168219484,5.951472864696841
RF,Dominic Canzone,Teoscar Hernández,686527,606192,539.3333333333334,1106,1.5862460519874737,1.4668129128812637,0.11943313910621
RF,Dylan Crews,Teoscar Hernández,686611,606192,713,1106,4.5172449649876105,0.7510926671590314,3.7661522978285795
RF,Jordan Walker,Teoscar Hernández,691023,606192,885.3333333333334,1106,1.2218403451055577,0.935999741675897,0.2858406034296612
RF,Jake Fraley,Ronald Acuña Jr.,641584,660670,482,779.6666666666666,5.771697306541257,2.3368330307145504,3.4348642758267065
RF,Jake Fraley,Jesús Sánchez,641584,660821,482,977.6666666666666,0.46027957722468466,2.1428470163920115,-1.6825674391673269
RF,Jake Fraley,Kyle Tucker,641584,663656,482,1001.6666666666666,0.8985024958402662,2.5767416647141657,-1.6782391688738993
RF,Jake Fraley,Juan Soto,641584,665742,482,1374,3.6026200873362444,0.9826543354781159,2.6199657518581283
RF,Jake Fraley,Nolan Jones,641584,666134,482,892,2.522421524663677,3.6096998877324573,-1.0872783630687801
RF,Jake Fraley,Josh Lowe,641584,666139,482,854.3333333333334,2.1069059695669137,0.7377873844870031,1.3691185850799106
RF,Jake Fraley,Bryan Reynolds,641584,668804,482,1004,0.896414342629482,0.7283223590799823,0.1680919835494996
RF,Jake Fraley,Matt Wallner,641584,670242,482,654.3333333333334,2.06316861946001,2.4505768199690703,-0.3874082005090602
RF,Jake Fraley,Tyler Freeman,641584,671289,482,509.3333333333333,6.18455497382199,1.9906880424062074,4.193866931415782
RF,Jake Fraley,Kerry Carpenter,641584,681481,482,601.6666666666666,1.4958448753462605,1.2321108480733878,0.26373402727287276
RF,Jake Fraley,Jordan Walker,641584,691023,482,885.3333333333334,2.033132530120482,0.37728903531815017,1.6558434948023315
RF,Eli White,Nolan Jones,642201,666134,574.3333333333334,892,5.656490009863909,0.7877809843007195,4.86870902556319
RF,Wilyer Abreu,Eli White,677800,642201,847.3333333333334,574.3333333333334,0.5834767547682964,0.40301245325603985,0.18046430151225668
RF,Corbin Carroll,Eli White,682998,642201,1218.3333333333333,574.3333333333334,0.1901449210925179,2.1363435432596387,-1.9461986221671208
RF,Mike Tauchman,Ronald Acuña Jr.,643565,660670,571,779.6666666666666,5.771697306541257,0.8210098691141409,4.950687437427116
RF,Mike Tauchman,Jesús Sánchez,643565,660821,571,977.6666666666666,0.46027957722468466,0.627023854791602,-0.1667442775669174
RF,Mike Tauchman,Kyle Tucker,643565,663656,571,1001.6666666666666,0.8985024958402662,1.0609185031137562,-0.16241600727349004
RF,Mike Tauchman,Nolan Jones,643565,666134,571,892,2.522421524663677,2.0938767261320477,0.4285447985316293
RF,Mike Tauchman,Matt Wallner,643565,670242,571,654.3333333333334,2.06316861946001,0.9347536583686609,1.1284149610913492
RF,Mike Tauchman,Tyler Freeman,643565,671289,571,509.3333333333333,6.18455497382199,0.47486488080579803,5.709690093016191
RF,Lawrence Butler,Mike Tauchman,671732,643565,1236.3333333333333,571,1.4559180372067944,0.5526028085892261,0.9033152286175683
RF,Corbin Carroll,Mike Tauchman,682998,643565,1218.3333333333333,571,3.32421340629275,0.8302478014283107,2.4939656048644396
RF,Dylan Crews,Mike Tauchman,686611,643565,713,571,1.262272089761571,0.9536270517653938,0.30864503799617715
RF,Cam Smith,Mike Tauchman,701358,643565,1079.3333333333333,571,0.41692402717726995,0.009636004962417538,0.4072880222148524
RF,Jesús Sánchez,Ronald Acuña Jr.,660821,660670,977.6666666666666,779.6666666666666,5.311417729316572,0.1939860143225388,5.117431714994034
RF,Juan Soto,Ronald Acuña Jr.,665742,660670,1374,779.6666666666666,2.1690772192050125,1.3541786952364343,0.8148985239685782
RF,Josh Lowe,Ronald Acuña Jr.,666139,660670,854.3333333333334,779.6666666666666,3.6647913369743432,1.5990456462275473,2.065745690746796
RF,Adolis García,Ronald Acuña Jr.,666969,660670,1124,779.6666666666666,6.172053178427378,0.23270544820542832,5.939347730221949
RF,Bryan Reynolds,Ronald Acuña Jr.,668804,660670,1004,779.6666666666666,4.875282963911775,1.6085106716345678,3.266772292277207
RF,Lawrence Butler,Ronald Acuña Jr.,671732,660670,1236.3333333333333,779.6666666666666,7.2276153437480515,1.3736126777033668,5.854002666044684
RF,Wenceel Pérez,Ronald Acuña Jr.,672761,660670,817.3333333333334,779.6666666666666,6.872839231500474,0.1993730467497546,6.673466184750719
RF,Kerry Carpenter,Ronald Acuña Jr.,681481,660670,601.6666666666666,779.6666666666666,4.275852431194997,1.1047221826411624,3.1711302485538337
RF,Corbin Carroll,Ronald Acuña Jr.,682998,660670,1218.3333333333333,779.6666666666666,9.095910712834007,1.6512576705424515,7.444653042291556
RF,Sal Frelick,Ronald Acuña Jr.,686217,660670,1188,779.6666666666666,8.04442457926853,0.2564739331787967,7.787950646089733
RF,Dominic Canzone,Ronald Acuña Jr.,686527,660670,539.3333333333334,779.6666666666666,4.102970483302691,2.490357166601767,1.6126133167009238
RF,Dylan Crews,Ronald Acuña Jr.,686611,660670,713,779.6666666666666,7.033969396302828,1.7746369208795345,5.259332475423293
RF,Jordan Walker,Ronald Acuña Jr.,691023,660670,885.3333333333334,779.6666666666666,3.738564776420775,1.9595439953964,1.779020781024375
RF,Daylen Lile,Ronald Acuña Jr.,695734,660670,624.3333333333334,779.6666666666666,0.726315566018032,2.507521528029026,-1.7812059620109935
RF,Cam Smith,Ronald Acuña Jr.,701358,660670,1079.3333333333333,779.6666666666666,6.188621333718527,0.8306458740765584,5.357975459641969
RF,Jesús Sánchez,Kyle Tucker,660821,663656,977.6666666666666,1001.6666666666666,0.43822291861558155,0.4338946483221542,0.004328270293427361
RF,Jesús Sánchez,Nolan Jones,660821,666134,977.6666666666666,892,2.062141947438992,1.4668528713404456,0.5952890760985468
RF,Adolis García,Jesús Sánchez,666969,660821,1124,977.6666666666666,0.8606354491108057,0.03871943388288951,0.8219160152279161
RF,Jesús Sánchez,Matt Wallner,660821,670242,977.6666666666666,654.3333333333334,1.6028890422353255,0.3077298035770588,1.2951592386582667
RF,Lawrence Butler,Jesús Sánchez,671732,660821,1236.3333333333333,977.6666666666666,1.916197614431479,1.1796266633808281,0.7365709510506508
RF,Wenceel Pérez,Jesús Sánchez,672761,660821,817.3333333333334,977.6666666666666,1.5614215021839015,0.005387032427215777,1.5560344697566857
RF,Corbin Carroll,Jesús Sánchez,682998,660821,1218.3333333333333,977.6666666666666,3.784492983517435,1.4572716562199126,2.327221327297522
RF,Sal Frelick,Jesús Sánchez,686217,660821,1188,977.6666666666666,2.7330068499519578,0.062487918856257874,2.6705189310957
RF,Dylan Crews,Jesús Sánchez,686611,660821,713,977.6666666666666,1.7225516669862555,1.5806509065569958,0.14190076042925975
RF,Cam Smith,Jesús Sánchez,701358,660821,1079.3333333333333,977.6666666666666,0.8772036044019547,0.6366598597540196,0.240543744647935
RF,Fernando Tatis Jr.,Kyle Tucker,665487,663656,1299,1001.6666666666666,3.323444759119712,0.20434307636798843,3.1191016827517233
RF,Kyle Tucker,Nolan Jones,663656,666134,1001.6666666666666,892,1.6239190288234107,1.0329582230182914,0.5909608058051193
RF,Adolis García,Kyle Tucker,666969,663656,1124,1001.6666666666666,1.2988583677263872,0.4726140822050437,0.8262442855213435
RF,Bryan Reynolds,Kyle Tucker,668804,663656,1004,1001.6666666666666,0.0020881532107841494,1.8484193056341833,-1.846331152423399
RF,Lawrence Butler,Kyle Tucker,671732,663656,1236.3333333333333,1001.6666666666666,2.3544205330470604,1.6135213117029823,0.7408992213440783
RF,Wenceel Pérez,Kyle Tucker,672761,663656,817.3333333333334,1001.6666666666666,1.9996444207994832,0.43928168074936996,1.5603627400501132
RF,Wilyer Abreu,Kyle Tucker,677800,663656,847.3333333333334,1001.6666666666666,4.616047735808794,0.15783521453846794,4.458212521270327
RF,Corbin Carroll,Kyle Tucker,682998,663656,1218.3333333333333,1001.6666666666666,4.222715902133016,1.8911663045420668,2.3315495975909495
RF,Sal Frelick,Kyle Tucker,686217,663656,1188,1001.6666666666666,3.1712297685675392,0.49638256717841206,2.6748472013891273
RF,Dylan Crews,Kyle Tucker,686611,663656,713,1001.6666666666666,2.160774585601837,2.0145455548791498,0.14622903072268711
RF,Cam Smith,Kyle Tucker,701358,663656,1079.3333333333333,1001.6666666666666,1.3154265230175362,1.0705545080761738,0.24487201494136235
RF,Fernando Tatis Jr.,Nolan Jones,665487,666134,1299,892,4.9473637879431225,1.2373012993862798,3.7100624885568427
RF,Fernando Tatis Jr.,Matt Wallner,665487,670242,1299,654.3333333333334,4.488110882739456,0.07817823162289306,4.409932651116563
RF,Corbin Carroll,Fernando Tatis Jr.,682998,665487,1218.3333333333333,1299,0.8992711430133045,1.6868232281740785,-0.7875520851607738
RF,Josh Lowe,Juan Soto,666139,665742,854.3333333333334,1374,1.4957141177693307,0.24486695099111278,1.2508471667782177
RF,Bryan Reynolds,Juan Soto,668804,665742,1004,1374,2.7062057447067622,0.25433197639813354,2.4518737683086287
RF,Juan Soto,Tyler Freeman,665742,671289,1374,509.3333333333333,2.581934886485745,1.0080337069280916,1.5739011795576534
RF,Lawrence Butler,Juan Soto,671732,665742,1236.3333333333333,1374,5.0585381245430385,0.01943398246693251,5.039104142076106
RF,Corbin Carroll,Juan Soto,682998,665742,1218.3333333333333,1374,6.926833493628994,0.2970789753060171,6.629754518322978
RF,Dominic Canzone,Juan Soto,686527,665742,539.3333333333334,1374,1.9338932640976785,1.1361784713653325,0.7977147927323456
RF,Dylan Crews,Juan Soto,686611,665742,713,1374,4.864892177097815,0.4204582256431002,4.444433951454715
RF,Jordan Walker,Juan Soto,691023,665742,885.3333333333334,1374,1.5694875572157625,0.6053653001599657,0.9641222570557968
RF,Josh Lowe,Nolan Jones,666139,666134,854.3333333333334,892,0.4155155550967633,2.871912503245454,-2.456396948148691
RF,Adolis García,Nolan Jones,666969,666134,1124,892,2.922777396549798,1.5055723052233352,1.4172050913264629
RF,Bryan Reynolds,Nolan Jones,668804,666134,1004,892,1.6260071820341948,2.8813775286524748,-1.2553703466182797
RF,Matt Wallner,Nolan Jones,670242,666134,654.3333333333334,892,0.4592529052036669,1.1591230677633868,-0.6998701625597199
RF,Lawrence Butler,Nolan Jones,671732,666134,1236.3333333333333,892,3.978339561870471,2.6464795347212737,1.3318600271491976
RF,Wenceel Pérez,Nolan Jones,672761,666134,817.3333333333334,892,3.623563449622894,1.4722399037676615,2.1513235458552327
RF,Wilyer Abreu,Nolan Jones,677800,666134,847.3333333333334,892,6.2399667646322055,1.1907934375567595,5.049173327075446
RF,Kerry Carpenter,Nolan Jones,681481,666134,601.6666666666666,892,1.0265766493174164,2.3775890396590693,-1.3510123903416529
RF,Corbin Carroll,Nolan Jones,682998,666134,1218.3333333333333,892,5.8466349309564265,2.9241245275603585,2.9225104033960685
RF,Sal Frelick,Nolan Jones,686217,666134,1188,892,4.79514879739095,1.5293407901967035,3.265808007194247
RF,Dominic Canzone,Nolan Jones,686527,666134,539.3333333333334,892,0.8536947014251111,3.7632240236196735,-2.9095293221945626
RF,Dylan Crews,Nolan Jones,686611,666134,713,892,3.784693614425248,3.0475037778974414,0.7371898365278065
RF,Jordan Walker,Nolan Jones,691023,666134,885.3333333333334,892,0.4892889945431951,3.232410852414307,-2.7431218578711114
RF,Cam Smith,Nolan Jones,701358,666134,1079.3333333333333,892,2.939345551840947,2.1035127310944652,0.8358328207464817
RF,Bryan Reynolds,Josh Lowe,668804,666139,1004,854.3333333333334,1.2104916269374315,0.009465025407020766,1.201026601530411
RF,Josh Lowe,Tyler Freeman,666139,671289,854.3333333333334,509.3333333333333,4.0776490042550755,1.2529006579192044,2.824748346335871
RF,Corbin Carroll,Josh Lowe,682998,666139,1218.3333333333333,854.3333333333334,5.431119375859664,0.05221202431490435,5.378907351544759
RF,Dominic Canzone,Josh Lowe,686527,666139,539.3333333333334,854.3333333333334,0.43817914632834776,0.8913115203742197,-0.45313237404587214
RF,Dylan Crews,Josh Lowe,686611,666139,713,854.3333333333334,3.3691780593284846,0.17559127465198743,3.193586784676497
RF,Jordan Walker,Josh Lowe,691023,666139,885.3333333333334,854.3333333333334,0.07377343944643178,0.3604983491688529,-0.28672490972242093
RF,Adolis García,Matt Wallner,666969,670242,1124,654.3333333333334,2.463524491346131,0.3464492374599483,2.117075253886183
RF,Lawrence Butler,Adolis García,671732,666969,1236.3333333333333,1124,1.0555621653206733,1.1409072294979385,-0.08534506417726528
RF,Corbin Carroll,Adolis García,682998,666969,1218.3333333333333,1124,2.923857534406629,1.4185522223370233,1.5053053120696058
RF,Sal Frelick,Adolis García,686217,666969,1188,1124,1.872371400841152,0.023768484973368365,1.8486029158677837
RF,Dylan Crews,Adolis García,686611,666969,713,1124,0.8619162178754499,1.5419314726741062,-0.6800152547986564
RF,Cam Smith,Adolis García,701358,666969,1079.3333333333333,1124,0.016568155291148967,0.59794042587113,-0.5813722705799812
RF,Bryan Reynolds,Matt Wallner,668804,670242,1004,654.3333333333334,1.166754276830528,1.722254460889088,-0.5555001840585598
RF,Bryan Reynolds,Tyler Freeman,668804,671289,1004,509.3333333333333,5.288140631192507,1.2623656833262251,4.025774947866282
RF,Bryan Reynolds,Kerry Carpenter,668804,681481,1004,601.6666666666666,0.5994305327167785,0.5037884889934054,0.09564204372337315
RF,Corbin Carroll,Bryan Reynolds,682998,668804,1218.3333333333333,1004,4.220627748922232,0.04274699890788358,4.1778807500143484
RF,Dylan Crews,Bryan Reynolds,686611,668804,713,1004,2.158686432391053,0.16612624924496666,1.9925601831460862
RF,Lawrence Butler,Matt Wallner,671732,670242,1236.3333333333333,654.3333333333334,3.519086656666804,1.487356466957887,2.0317301897089175
RF,Wenceel Pérez,Matt Wallner,672761,670242,817.3333333333334,654.3333333333334,3.164310544419227,0.3131168360042746,2.8511937084149523
RF,Wilyer Abreu,Matt Wallner,677800,670242,847.3333333333334,654.3333333333334,5.7807138594285385,0.031670369793372566,5.7490434896351665
RF,Kerry Carpenter,Matt Wallner,681481,670242,601.6666666666666,654.3333333333334,0.5673237441137495,1.2184659718956825,-0.651142227781933
RF,Corbin Carroll,Matt Wallner,682998,670242,1218.3333333333333,654.3333333333334,5.3873820257527605,1.7650014597969714,3.6223805659557886
RF,Sal Frelick,Matt Wallner,686217,670242,1188,654.3333333333334,4.335895892187283,0.3702177224333167,3.9656781697539665
RF,Dominic Canzone,Matt Wallner,686527,670242,539.3333333333334,654.3333333333334,0.39444179622144415,2.604100955856287,-2.209659159634843
RF,Dylan Crews,Matt Wallner,686611,670242,713,654.3333333333334,3.325440709221581,1.8883807101340546,1.4370599990875264
RF,Jordan Walker,Matt Wallner,691023,670242,885.3333333333334,654.3333333333334,0.03003608933952817,2.07328778465092,-2.0432516953113917
RF,Cam Smith,Matt Wallner,701358,670242,1079.3333333333333,654.3333333333334,2.48009264663728,0.9443896633310784,1.5357029833062015
RF,Lawrence Butler,Tyler Freeman,671732,671289,1236.3333333333333,509.3333333333333,7.640473011028784,1.027467689395024,6.613005321633759
RF,Kerry Carpenter,Tyler Freeman,681481,671289,601.6666666666666,509.3333333333333,4.688710098475729,0.7585771943328197,3.930132904142909
RF,Corbin Carroll,Tyler Freeman,682998,671289,1218.3333333333333,509.3333333333333,9.50876838011474,1.3051126822341086,8.203655697880631
RF,Dominic Canzone,Tyler Freeman,686527,671289,539.3333333333334,509.3333333333333,4.515828150583424,2.144212178293424,2.371615972289999
RF,Dylan Crews,Tyler Freeman,686611,671289,713,509.3333333333333,7.4468270635835605,1.4284919325711918,6.0183351310123685
RF,Jordan Walker,Tyler Freeman,691023,671289,885.3333333333334,509.3333333333333,4.151422443701508,1.6133990070880573,2.53802343661345
RF,Daylen Lile,Tyler Freeman,695734,671289,624.3333333333334,509.3333333333333,1.1391732332987647,2.161376539720683,-1.0222033064219183
RF,Cam Smith,Tyler Freeman,701358,671289,1079.3333333333333,509.3333333333333,6.60147900099926,0.4845008857682156,6.116978115231044
RF,Lawrence Butler,Wenceel Pérez,671732,672761,1236.3333333333333,817.3333333333334,0.35477611224757744,1.1742396309536123,-0.8194635187060348
RF,Lawrence Butler,Kerry Carpenter,671732,681481,1236.3333333333333,601.6666666666666,2.951762912553055,0.2688904950622044,2.6828724174908505
RF,Corbin Carroll,Lawrence Butler,682998,671732,1218.3333333333333,1236.3333333333333,1.8682953690859556,0.2776449928390846,1.5906503762468711
RF,Lawrence Butler,Cam Smith,671732,701358,1236.3333333333333,1079.3333333333333,1.0389940100295245,0.5429668036268085,0.4960272064027159
RF,Corbin Carroll,Wenceel Pérez,682998,672761,1218.3333333333333,817.3333333333334,2.223071481333533,1.451884623792697,0.7711868575408363
RF,Sal Frelick,Wenceel Pérez,686217,672761,1188,817.3333333333334,1.171585347768056,0.0571008864290421,1.1144844613390141
RF,Dylan Crews,Wenceel Pérez,686611,672761,713,817.3333333333334,0.16113016480235398,1.57526387412978,-1.414133709327426
RF,Corbin Carroll,Kerry Carpenter,682998,681481,1218.3333333333333,601.6666666666666,4.82005828163901,0.546535487901289,4.273522793737722
RF,Dylan Crews,Kerry Carpenter,686611,681481,713,601.6666666666666,2.758116965107831,0.6699147382383721,2.088202226869459
RF,Corbin Carroll,Sal Frelick,682998,686217,1218.3333333333333,1188,1.051486133565477,1.394783737363655,-0.34329760379817786
RF,Corbin Carroll,Cam Smith,682998,701358,1218.3333333333333,1079.3333333333333,2.90728937911548,0.8206117964658931,2.086677582649587
RF,Dominic Canzone,Jordan Walker,686527,691023,539.3333333333334,885.3333333333334,0.364405706881916,0.5308131712053668,-0.16640746432345122
RF,Dylan Crews,Cam Smith,686611,701358,713,1079.3333333333333,0.845348062584301,0.9439910468029762,-0.09864298421867523
