model,term,estimate,quasi_se
position,(Intercept),-0.5498994754159869,0.021887069261491365
position,position_groupLF,-0.1460485659049584,0.031136961225535144
position,position_groupRF,-0.004050574983708238,0.03061096482892984
position,position_groupMulti-position OF,-0.020057287763203,0.036895397549613636
position_and_arm,(Intercept),-0.03320577114521289,0.27536439131539203
position_and_arm,position_groupLF,-0.16128391431837855,0.03182436052891837
position_and_arm,position_groupRF,-0.0021002652723936224,0.03028509629221524
position_and_arm,position_groupMulti-position OF,-0.026592558525841678,0.03664098768833875
position_and_arm,strength,-0.005818759343367022,0.003092045057485045
