model,mlbam_id,player_name,position_group,opportunities,attempts,observed_rate,held_out_rate,fitted_rate,pearson_residual,leverage,cooks_distance
position,502054,Tommy Pham,LF,287,107,0.37282229965156793,0.33122580645162986,0.3327112106507606,1.4421643969310625,0.035709841980838555,0.02281693328434319
position,543807,George Springer,RF,130,47,0.36153846153846153,0.36500308071473825,0.36494845360825906,-0.08076157731207616,0.015767131594906045,3.0326467213073992e-5
position,572191,Michael A. Taylor,Multi-position OF,208,74,0.3557692307692308,0.3615252994378012,0.3612468015817723,-0.1644565286748512,0.04838334496394513,4.1279015600291795e-4
position,573262,Mike Yastrzemski,RF,320,115,0.359375,0.36517350157730066,0.36494845360825906,-0.20709953647840515,0.038811400848999394,5.147017242308952e-4
position,592206,Nick Castellanos,RF,326,119,0.36503067484662577,0.3649450688218347,0.36494845360825906,0.0030837031242221652,0.039539114614918124,1.1643082332614735e-7
position,592450,Aaron Judge,RF,204,65,0.31862745098039214,0.36612361646562297,0.36494845360825906,-1.3742722658543585,0.024742268041237112,0.014034648503092405
position,595777,Jurickson Profar,LF,210,74,0.3523809523809524,0.33218346748437033,0.3327112106507606,0.6049474818637399,0.026129152668906315,0.0028801374538170704
position,596146,Max Kepler,LF,287,84,0.2926829268292683,0.33419354838711146,0.3327112106507606,-1.4391871982445041,0.035709841980838625,0.022722824143704447
position,606192,Teoscar Hernández,RF,298,111,0.3724832214765101,0.36466591166479256,0.36494845360825906,0.27018283618772293,0.03614311704063069,8.112809596859564e-4
position,607043,Brandon Nimmo,LF,380,129,0.3394736842105263,0.33237560402248745,0.3327112106507606,0.27977361004769696,0.047281323877068564,0.0011647401253105396
position,621438,Tyrone Taylor,CF,210,71,0.3380952380952381,0.36664926931108677,0.36588773177548534,-0.8361422355285278,0.026670053340106692,0.005622368522378166
position,621439,Byron Buxton,CF,284,118,0.4154929577464789,0.3640316205533786,0.36588773177548534,1.7355199114865345,0.036068072136144276,0.03339986203625704
position,621493,Taylor Ward,LF,458,153,0.33406113537117904,0.3326296345164526,0.3327112106507606,0.061312871730497334,0.05698643772551948,6.881675986217442e-5
position,624424,Michael Conforto,LF,256,82,0.3203125,0.333119136357817,0.3327112106507606,-0.4210230528545273,0.03185268134876198,0.0017207989321715142
position,641355,Cody Bellinger,Multi-position OF,346,108,0.31213872832369943,0.3655451555780444,0.3612468015817723,-1.9016141276722103,0.08048383344963944,0.0983308919341052
position,641584,Jake Fraley,RF,143,57,0.3986013986013986,0.3643544803752275,0.36494845360825906,0.8359317900649842,0.017343844754396605,0.003585412891669571
position,641933,Tyler O'Neill,RF,124,52,0.41935483870967744,0.36411771949268396,0.36494845360825906,1.2584630277675004,0.015039417828987265,0.0070134146951010175
position,642201,Eli White,RF,161,55,0.3416149068322981,0.3654131618011005,0.36494845360825906,-0.6149976314735616,0.019526986052152823,0.0021946541245198457
position,643217,Andrew Benintendi,LF,189,62,0.328042328042328,0.3328236493374331,0.3327112106507606,-0.1362238734047246,0.02351623740201568,1.3073729842860924e-4
position,643565,Mike Tauchman,RF,178,66,0.3707865168539326,0.36481963555226254,0.36494845360825906,0.16179255890940394,0.02158884172225591,1.6863934587378073e-4
position,650489,Willi Castro,Multi-position OF,142,52,0.36619718309859156,0.36107770026462427,0.3612468015817723,0.12280450347306796,0.03303093742730867,1.521877163653691e-4
position,656775,Cedric Mullins,CF,298,126,0.4228187919463087,0.3636483632523932,0.36588773177548534,2.040329936034526,0.037846075692151385,0.048616962194175425
position,657077,Alex Verdugo,LF,120,42,0.35,0.3324491600353878,0.3327112106507606,0.4019430967545782,0.014930944382232176,7.101307939966605e-4
position,657656,Ramón Laureano,Multi-position OF,280,97,0.3464285714285714,0.3622791739238726,0.3612468015817723,-0.5161866904365174,0.06513142591300304,0.00567228889269422
position,657757,Gavin Sheets,LF,132,40,0.30303030303030304,0.3332068311195642,0.3327112106507606,-0.7237248937882411,0.016424038820455397,0.0025401914286640234
position,660670,Ronald Acuña Jr.,RF,238,86,0.36134453781512604,0.3650555763706887,0.36494845360825906,-0.11548959561364974,0.028865979381443304,1.166189036416916e-4
position,660821,Jesús Sánchez,RF,258,95,0.3682170542635659,0.3648428696632159,0.36494845360825906,0.10905647690511859,0.03129169193450577,1.1329250958335511e-4
position,662139,Daulton Varsho,CF,150,49,0.32666666666666666,0.36664940445367145,0.36588773177548534,-0.9972591075875068,0.0190500381000762,0.005624364192467767
position,663457,Lars Nootbaar,LF,378,127,0.335978835978836,0.33254994124561793,0.3327112106507606,0.13483030657511186,0.04703247480403136,2.689502460890724e-4
position,663616,Trevor Larnach,RF,128,52,0.40625,0.3642971541209918,0.36494845360825906,0.9706240423682075,0.015524560339599756,0.004310889588339704
position,663656,Kyle Tucker,RF,240,91,0.37916666666666665,0.3645221736414869,0.36494845360825906,0.45754138852626103,0.02910855063674954,0.0018466954267564392
position,663757,Trent Grisham,CF,219,84,0.3835616438356164,0.3653821032005461,0.36588773177548534,0.5429973942066967,0.02781305562611125,0.0024785626389147684
position,663968,Jake Mangum,Multi-position OF,245,89,0.363265306122449,0.3611248149975448,0.3612468015817723,0.06577248092773272,0.056989997673877635,7.919718787751785e-5
position,664023,Ian Happ,LF,363,100,0.27548209366391185,0.33541829554339875,0.3327112106507606,-2.3140872310453884,0.04516610675625234,0.07578298862339967
position,664056,Harrison Bader,Multi-position OF,345,126,0.3652173913043478,0.3609003540718387,0.3612468015817723,0.15353097660737786,0.08025122121423586,6.387935289278873e-4
position,664702,Myles Straw,CF,178,65,0.3651685393258427,0.36590436590438974,0.36588773177548534,-0.01992040293684453,0.02260604521209042,2.682481930285798e-6
position,664728,Kyle Isbel,CF,236,88,0.3728813559322034,0.36567164179106926,0.36588773177548534,0.22304951796456807,0.029972059944119896,4.526952694364169e-4
position,664770,Nathan Lukes,Multi-position OF,226,78,0.34513274336283184,0.3621409280628634,0.3612468015817723,-0.5043018934490836,0.05257036520120959,0.00425484294944751
position,664983,Jake McCarthy,Multi-position OF,147,50,0.3401360544217687,0.3619942196531887,0.3612468015817723,-0.5328362000919645,0.03419399860432658,0.00297312253023378
position,665487,Fernando Tatis Jr.,RF,326,114,0.3496932515337423,0.365576461674467,0.36494845360825906,-0.572145533590932,0.039539114614918124,0.004008075290020727
position,665742,Juan Soto,RF,389,145,0.37275064267352187,0.3645621181262869,0.36494845360825906,0.31964728345764415,0.047180109157064894,0.0015168220047625212
position,665750,Leody Taveras,Multi-position OF,143,53,0.3706293706293706,0.3609239653513096,0.3612468015817723,0.23357224696081916,0.03326354966271226,5.546897682370141e-4
position,665833,Oneil Cruz,CF,274,109,0.3978102189781022,0.3647368421052852,0.36588773177548534,1.0970211515238775,0.034798069596139194,0.012841154285735224
position,666134,Nolan Jones,RF,220,79,0.35909090909090907,0.36510903426792574,0.36494845360825906,-0.18047069278910238,0.026682838083687082,2.620546693745193e-4
position,666139,Josh Lowe,RF,214,79,0.3691588785046729,0.36483625949447196,0.36494845360825906,0.12794183016515065,0.025955124317768342,1.2792209758945834e-4
position,666158,Gavin Lux,LF,121,47,0.3884297520661157,0.33185952501264954,0.3327112106507606,1.3007738352233758,0.015055368918750783,0.007501128850803557
position,666160,Mickey Moniak,Multi-position OF,318,131,0.4119496855345912,0.3571966842501933,0.3612468015817723,1.8822515925645062,0.07397069085833916,0.08730132382185717
position,666176,Jo Adell,Multi-position OF,318,128,0.4025157232704403,0.3579502637528325,0.3612468015817723,1.5320330426213657,0.07397069085833916,0.05783646585253828
position,666181,Will Benson,Multi-position OF,150,55,0.36666666666666664,0.3610508556278725,0.3612468015817723,0.13818648062832647,0.03489183531053733,2.0434227295298345e-4
position,666185,Dylan Carlson,LF,178,55,0.3089887640449438,0.33324850489886243,0.3327112106507606,-0.6717054118042246,0.022147567500311067,0.0029853301055766807
position,666624,Christopher Morel,LF,129,43,0.3333333333333333,0.3327010622154998,0.3327112106507606,0.014996166701986804,0.01605076521089959,1.065040564656784e-6
position,666969,Adolis García,RF,289,88,0.3044982698961938,0.3671442936148872,0.36494845360825906,-2.134648112016239,0.03505154639175259,0.04900121107963797
position,666971,Lourdes Gurriel Jr.,LF,334,125,0.37425149700598803,0.3309100350512946,0.3327112106507606,1.611209774084749,0.0415577951972129,0.033549039258873106
position,667472,Dane Myers,CF,234,95,0.405982905982906,0.36465968586389524,0.36588773177548534,1.2733360411730754,0.029718059436118868,0.014620623279771183
position,668227,Randy Arozarena,LF,403,128,0.3176178660049628,0.33350799056853225,0.3327112106507606,-0.6430539058196353,0.050143088216996395,0.006565151264805671
position,668709,JJ Bleday,CF,199,72,0.36180904522613067,0.36599348534204357,0.36588773177548534,-0.11945102126735797,0.0252730505461011,1.0842432466614543e-4
position,668804,Bryan Reynolds,RF,266,98,0.3684210526315789,0.36483268580023887,0.36494845360825906,0.1176454686864335,0.03226197695573075,1.3620123571279416e-4
position,668885,Austin Martin,LF,120,45,0.375,0.33207022862197133,0.3327112106507606,0.9831623606301338,0.014930944382232176,0.004248735394885473
position,669016,Brandon Marsh,CF,296,95,0.32094594594594594,0.3676431776194417,0.36588773177548534,-1.6052370669567442,0.03759207518415038,0.029875250237828343
position,669065,Kyle Stowers,LF,264,88,0.3333333333333333,0.33269008104981096,0.3327112106507606,0.021452967153336854,0.0328480776409108,4.616901065586162e-6
position,669326,Bryce Teodosio,CF,117,39,0.3333333333333333,0.36637875467321995,0.36588773177548534,-0.7310475126528021,0.014859029718059432,0.0023374383746077427
position,669720,Austin Hays,LF,144,51,0.3541666666666667,0.3323197770176313,0.3327112106507606,0.5464222357456586,0.017917133258678615,0.0015844708564448939
position,669743,Alex Call,Multi-position OF,213,84,0.39436619718309857,0.3595203132648152,0.3612468015817723,1.006244814282087,0.049546406140963006,0.015864007527646242
position,670224,Kameron Misner,CF,116,32,0.27586206896551724,0.36723382315030734,0.36588773177548534,-2.012974718171888,0.014732029464058927,0.01756652114766236
position,670231,John Rave,Multi-position OF,145,50,0.3448275862068966,0.36181993259509904,0.3612468015817723,-0.41159287821661733,0.03372877413351942,0.0017482093511389247
position,670242,Matt Wallner,RF,226,78,0.34513274336283184,0.36550692106248894,0.36494845360825906,-0.6187904606080458,0.02741055184960582,0.0031695759643778974
position,670770,TJ Friedl,CF,290,113,0.3896551724137931,0.36497890295360985,0.36588773177548534,0.8402807513975968,0.036830073660147324,0.008007572193296938
position,671218,Heliot Ramos,LF,421,144,0.342042755344418,0.33219537815128497,0.3327112106507606,0.406353455090413,0.05238272987433123,0.0027516005006675563
position,671221,Drew Waters,Multi-position OF,172,55,0.31976744186046513,0.3629755270172104,0.3612468015817723,-1.1324726393666502,0.040009304489416135,0.01590514612930433
position,671289,Tyler Freeman,RF,178,62,0.34831460674157305,0.3653154828313003,0.36494845360825906,-0.46098038610025555,0.02158884172225591,0.0013690103008110117
position,671732,Lawrence Butler,RF,287,104,0.3623693379790941,0.3650414677054671,0.36494845360825906,-0.09075937756186418,0.03480897513644632,8.792309705106885e-5
position,671739,Michael Harris II,CF,351,127,0.36182336182336183,0.36607736275424646,0.36588773177548534,-0.1580846814668774,0.0445770891541783,3.4862237170745674e-4
position,672016,Denzel Clarke,CF,119,50,0.42016806722689076,0.36505480335269597,0.36588773177548534,1.2293031710567872,0.015113030226060451,0.006725925371393677
position,672744,Alexander Canario,Multi-position OF,152,51,0.3355263157894737,0.36218953460333686,0.3612468015817723,-0.6601344715879981,0.0353570597813445,0.004730020889604918
position,672761,Wenceel Pérez,RF,263,106,0.40304182509505704,0.3636933099473927,0.36494845360825906,1.2832374730833749,0.031898120072771374,0.016010035731987168
position,673357,Luis Robert Jr.,CF,229,90,0.3930131004366812,0.3650752125572496,0.36588773177548534,0.852189912045769,0.029083058166116334,0.006400353537619062
position,673548,Seiya Suzuki,RF,119,39,0.3277310924369748,0.36549347772582946,0.36494845360825906,-0.8433324370629885,0.014432989690721649,0.003018817563431907
position,676475,Alec Burleson,Multi-position OF,167,60,0.3592814371257485,0.3613262342691297,0.3612468015817723,-0.05287285768198727,0.03884624331239823,3.3580265934791915e-5
position,676694,Jake Meyers,CF,167,55,0.32934131736526945,0.3666796418840224,0.36588773177548534,-0.9804964110970931,0.021209042418084835,0.006079788243034118
position,677594,Julio Rodríguez,CF,340,117,0.34411764705882353,0.36687018847891945,0.36588773177548534,-0.8333790445932527,0.043180086360172724,0.00935757938993639
position,677800,Wilyer Abreu,RF,195,59,0.30256410256410254,0.3664596273291994,0.36494845360825906,-1.8095588618512672,0.02365069739235901,0.02320781279134037
position,677950,Alek Thomas,CF,300,127,0.42333333333333334,0.3636123580670888,0.36588773177548534,2.0656674555199483,0.038100076200152384,0.05019288409007218
position,678882,Ceddanne Rafaela,CF,316,113,0.3575949367088608,0.36623445355916795,0.36588773177548534,-0.3060465391333181,0.04013208026416053,0.0011654641961011106
position,680718,Addison Barger,RF,118,45,0.3813559322033898,0.3647102251753535,0.36494845360825906,0.3702223193065837,0.014311704063068526,5.767566557931292e-4
position,680757,Steven Kwan,LF,371,121,0.3261455525606469,0.3330289590399407,0.3327112106507606,-0.26839510202331673,0.04616150304840116,0.0010440822032087617
position,680776,Jarren Duran,LF,434,141,0.3248847926267281,0.33315796396161895,0.3327112106507606,-0.3460328054759901,0.05400024884907305,0.002063970745583651
position,681297,Colton Cowser,Multi-position OF,195,67,0.3435897435897436,0.36208576998051684,0.3612468015817723,-0.5132950780687541,0.04535938590369855,0.003746078077315822
position,681460,Brooks Baldwin,Multi-position OF,143,50,0.34965034965034963,0.36164581328201206,0.3612468015817723,-0.2886852546093282,0.03326354966271226,8.473383856067893e-4
position,681481,Kerry Carpenter,RF,175,55,0.3142857142857143,0.3660470879801826,0.36494845360825906,-1.3921545136625586,0.021224984839296548,0.012266249430401938
position,681624,Andy Pages,CF,346,120,0.3468208092485549,0.36676408076516775,0.36588773177548534,-0.736311612085587,0.04394208788417577,0.007445448440561769
position,682622,Noelvi Marte,RF,135,43,0.31851851851851853,0.3657213316892826,0.36494845360825906,-1.1205847501480939,0.01637355973317162,0.006070541169340663
position,682641,Luis Matos,RF,129,44,0.34108527131782945,0.3653277476589572,0.36494845360825906,-0.5629929560287934,0.01564584596725288,0.0014620340549482136
position,682657,Angel Martínez,CF,197,70,0.3553299492385787,0.3661586557249164,0.36588773177548534,-0.3076442651762567,0.025019050038100083,7.115926863389812e-4
position,682985,Riley Greene,LF,343,122,0.3556851311953353,0.3316870288536733,0.3327112106507606,0.9030078861864593,0.04267761602588029,0.010847310792116087
position,682998,Corbin Carroll,RF,369,148,0.4010840108401084,0.3632554596241857,0.36494845360825906,1.4418752475792125,0.04475439660400241,0.029128374989526955
position,686217,Sal Frelick,RF,278,109,0.3920863309352518,0.3640015062131412,0.36494845360825906,0.9398921450588416,0.03371740448756822,0.009112911121612508
position,686527,Dominic Canzone,RF,154,58,0.37662337662337664,0.3647262390310345,0.36494845360825906,0.3009498513054022,0.01867798665858096,5.018229480979846e-4
position,686555,Isaac Collins,LF,232,78,0.33620689655172414,0.33260730301091324,0.3327112106507606,0.11300190468822235,0.02886649247231554,1.1165108267178285e-4
position,686611,Dylan Crews,RF,260,106,0.4076923076923077,0.3635566687539242,0.36494845360825906,1.4316606878289662,0.031534263189812006,0.01968564456395239
position,686668,Brenton Doyle,CF,368,135,0.36684782608695654,0.36584066080471583,0.36588773177548534,0.038236735261042314,0.04673609347218694,2.1480430949224386e-5
position,687363,Victor Scott II,CF,307,111,0.36156351791530944,0.3660631690234165,0.36588773177548534,-0.15729660548209504,0.03898907797815596,2.983872705507372e-4
position,687597,Jordan Beck,LF,388,129,0.3324742268041237,0.33272323179503066,0.3327112106507606,-0.0099070413508241,0.048276720169217385,1.4943750098086186e-6
position,690987,Robert Hassell III,CF,124,47,0.3790322580645161,0.36567741935486164,0.36588773177548534,0.30387766470965505,0.015748031496063,4.288115987196919e-4
position,691016,Tyler Soderstrom,LF,253,91,0.35968379446640314,0.3318345323741208,0.3327112106507606,0.9105256409269282,0.03147940773920617,0.007947828155417946
position,691023,Jordan Walker,RF,299,116,0.3879598662207358,0.36408255726152766,0.36494845360825906,0.8265299991907986,0.036264402668283825,0.007619688929913138
position,691176,Jasson Domínguez,LF,220,75,0.3409090909090909,0.3324804912370699,0.3327112106507606,0.2580609426466741,0.02737339803409233,5.504732972542983e-4
position,691718,Pete Crow-Armstrong,CF,344,110,0.31976744186046513,0.36799468791502243,0.36588773177548534,-1.7758825842252641,0.04368808737617476,0.04303756284522031
position,694192,Jackson Chourio,CF,309,102,0.3300970873786408,0.3673496364838269,0.36588773177548534,-1.3061460932567015,0.03924307848615697,0.020719287158383174
position,694671,Wyatt Langford,LF,322,94,0.2919254658385093,0.3344134802333254,0.3327112106507606,-1.5532655204942996,0.04006470075898967,0.029965715765646203
position,695506,Jac Caglianone,RF,116,38,0.3275862068965517,0.3654816090540153,0.36494845360825906,-0.8358757495447549,0.014069132807762282,0.0028887710707389486
position,695578,James Wood,LF,300,97,0.3233333333333333,0.33307483520746783,0.3327112106507606,-0.34472639893741197,0.03732736095558045,0.001367333290036281
position,695734,Daylen Lile,RF,227,91,0.4008810572687225,0.36393115490148303,0.36494845360825906,1.124556714250206,0.027531837477258948,0.01051725519608552
position,696285,Jacob Young,CF,236,86,0.3644067796610169,0.3659334904425489,0.36588773177548534,-0.04723240023464482,0.029972059944119896,2.0299409750317216e-5
position,701358,Cam Smith,RF,265,94,0.35471698113207545,0.3652882205513915,0.36494845360825906,-0.34597189824988567,0.03214069132807763,0.0011731881642124105
position,701538,Jackson Merrill,CF,247,88,0.3562753036437247,0.36619902976270974,0.36588773177548534,-0.31363504262223224,0.031369062738125474,9.3948382041411e-4
position,802415,Chandler Simpson,Multi-position OF,244,95,0.38934426229508196,0.35955610357584145,0.3612468015817723,0.9136785653812428,0.05675738543847405,0.015213099314420206
position,805300,Jakob Marsee,CF,124,50,0.4032258064516129,0.3652903225806666,0.36588773177548534,0.8631887287413961,0.015748031496063,0.003460034945694403
position,808982,Jung Hoo Lee,CF,349,127,0.3638968481375358,0.36598006644520886,0.36588773177548534,-0.07721498459469398,0.04432308864617729,8.265445754787376e-5
position_and_arm,502054,Tommy Pham,LF,287,107,0.37282229965156793,0.3306583738306968,0.3321683405738452,1.462282133947698,0.03581213476835377,0.01925760954133093
position_and_arm,543807,George Springer,RF,130,47,0.36153846153846153,0.36975334366184953,0.369590560603656,-0.19019933600496156,0.01981527539798612,1.744357059428849e-4
position_and_arm,572191,Michael A. Taylor,Multi-position OF,208,74,0.3557692307692308,0.36177213328620567,0.36148150285354785,-0.1714789327427832,0.04841499006982475,3.675693992141072e-4
position_and_arm,573262,Mike Yastrzemski,RF,320,115,0.359375,0.36734378599935613,0.36701840368385064,-0.2836758232275593,0.04083174841137198,8.34999423927478e-4
position_and_arm,592206,Nick Castellanos,RF,326,119,0.36503067484662577,0.3761482312755222,0.37516614555694094,-0.37797112750510564,0.08831232710977398,0.0035487839295220702
position_and_arm,592450,Aaron Judge,RF,204,65,0.31862745098039214,0.3654833079063413,0.3643190310628742,-1.3560969107228995,0.024847962216575304,0.011234680023680743
position_and_arm,595777,Jurickson Profar,LF,210,74,0.3523809523809524,0.33451638873107653,0.33501415411055446,0.5332018262227856,0.027864144747897415,0.0019597839324957673
position_and_arm,596146,Max Kepler,LF,287,84,0.2926829268292683,0.33773634266169456,0.3359221739558429,-1.5509230343827343,0.040258783636591626,0.024579100825575975
position_and_arm,606192,Teoscar Hernández,RF,298,111,0.3724832214765101,0.36875281082754496,0.3689129519755722,0.1277328337173154,0.04292914579003237,1.787731535110611e-4
position_and_arm,607043,Brandon Nimmo,LF,380,129,0.3394736842105263,0.33545194083573127,0.33566261556390853,0.15732318732420567,0.05238501742250347,3.3756846600383324e-4
position_and_arm,621438,Tyrone Taylor,CF,210,71,0.3380952380952381,0.366094158453795,0.36534507580953884,-0.8200741291455612,0.026753974744893126,0.004441016635292038
position_and_arm,621439,Byron Buxton,CF,284,118,0.4154929577464789,0.3643066477677884,0.3661549663626807,1.7259039565769045,0.0361096794773221,0.027066667372463465
position_and_arm,621493,Taylor Ward,LF,458,153,0.33406113537117904,0.33507581692150373,0.33501415411055446,-0.043211207308860335,0.060770372831128655,3.0072828428321777e-5
position_and_arm,624424,Michael Conforto,LF,256,82,0.3203125,0.33229443774201717,0.3319102329890204,-0.3940627262185053,0.03206518461156194,0.0012425256970142432
position_and_arm,641355,Cody Bellinger,Multi-position OF,346,108,0.31213872832369943,0.3632959715663814,0.3590675494869198,-1.8196316628168185,0.08264236709693008,0.07601958642710778
position_and_arm,641584,Jake Fraley,RF,143,57,0.3986013986013986,0.36329526354779074,0.3639148557731892,0.8621275355890688,0.017549226352484293,0.003159457749357065
position_and_arm,641933,Tyler O'Neill,RF,124,52,0.41935483870967744,0.36121363001158446,0.3621656541016866,1.325003927511292,0.016375187194140203,0.006946959947888868
position_and_arm,642201,Eli White,RF,161,55,0.3416149068322981,0.36532120855760136,0.3648582292579753,-0.6126518283346127,0.019529797149165955,0.0017827462952957629
position_and_arm,643217,Andrew Benintendi,LF,189,62,0.328042328042328,0.33763655367808193,0.3373515140779583,-0.27068218568110414,0.029707751426132842,5.405266965658131e-4
position_and_arm,643565,Mike Tauchman,RF,178,66,0.3707865168539326,0.3716551337216367,0.3716264636021609,-0.023189933038519003,0.033006462645397985,4.4379659988825315e-6
position_and_arm,650489,Willi Castro,Multi-position OF,142,52,0.36619718309859156,0.3579790754248443,0.35826447470284645,0.19714499158463997,0.034728747110428976,3.386842566458427e-4
position_and_arm,656775,Cedric Mullins,CF,298,126,0.4228187919463087,0.36970466427855814,0.37279706744152125,1.785774052057438,0.05824624993355161,0.04896428433065408
position_and_arm,657077,Alex Verdugo,LF,120,42,0.35,0.32654267953852867,0.3270255016289083,0.5364713662276867,0.020586264842109767,0.0014440140224407647
position_and_arm,657656,Ramón Laureano,Multi-position OF,280,97,0.3464285714285714,0.35941365753069593,0.3585320782159412,-0.4223171837247676,0.06788837598091113,0.003258143582842559
position_and_arm,657757,Gavin Sheets,LF,132,40,0.30303030303030304,0.33344326974881877,0.33294326792840667,-0.7292558509374617,0.01644041465578377,0.002113023868667927
position_and_arm,660670,Ronald Acuña Jr.,RF,238,86,0.36134453781512604,0.3578520086397246,0.358009256650065,0.10732710584517026,0.04502581527408733,1.329628454291116e-4
position_and_arm,660821,Jesús Sánchez,RF,258,95,0.3682170542635659,0.36516727185469855,0.365262850637979,0.09854862499765252,0.03133954375825698,7.583746510702018e-5
position_and_arm,662139,Daulton Varsho,CF,150,49,0.32666666666666666,0.3939062327603806,0.3865000145524208,-1.5048974200901022,0.10987290436880966,0.07342323228834836
position_and_arm,663457,Lars Nootbaar,LF,378,127,0.335978835978836,0.3285421151133899,0.3289492811222304,0.29089186798418054,0.05475475587120335,0.0012123531574825554
position_and_arm,663616,Trevor Larnach,RF,128,52,0.40625,0.37103878490666736,0.3718982637870907,0.804130629149745,0.024413243852020823,0.0038777521568105827
position_and_arm,663656,Kyle Tucker,RF,240,91,0.37916666666666665,0.3693632205290461,0.3697261441277807,0.30296811661628575,0.037021544405490985,8.56738702588969e-4
position_and_arm,663757,Trent Grisham,CF,219,84,0.3835616438356164,0.37083013612423465,0.37130169725706214,0.3755139056919754,0.037040554973772837,0.001316881451052987
position_and_arm,663968,Jake Mangum,Multi-position OF,245,89,0.363265306122449,0.3630841455987316,0.3630947083513203,0.005552761324988694,0.05830604901493199,4.739638371548235e-7
position_and_arm,664023,Ian Happ,LF,363,100,0.27548209366391185,0.3375593797287074,0.33462537579190005,-2.3880652083297442,0.04725778434698041,0.06941415522702805
position_and_arm,664056,Harrison Bader,Multi-position OF,345,126,0.3652173913043478,0.3583672347312579,0.358933648681653,0.24331526595458133,0.08268824114678547,0.0013601339802037159
position_and_arm,664702,Myles Straw,CF,178,65,0.3651685393258427,0.37321704450427895,0.3729331313985937,-0.21421813492505865,0.03527387649004475,4.0662185920897347e-4
position_and_arm,664728,Kyle Isbel,CF,236,88,0.3728813559322034,0.3733650288035713,0.3733414439265856,-0.01461262751838891,0.0487618719472334,2.6902438077977347e-6
position_and_arm,664770,Nathan Lukes,Multi-position OF,226,78,0.34513274336283184,0.3600015126674256,0.35920147225511195,-0.44083825404121096,0.05380531568899131,0.00273058603798473
position_and_arm,664983,Jake McCarthy,Multi-position OF,147,50,0.3401360544217687,0.3733588242060781,0.37147810163412215,-0.786428442907173,0.05657806351383467,0.009191527793649405
position_and_arm,665487,Fernando Tatis Jr.,RF,326,114,0.3496932515337423,0.35693582462469114,0.35640600191148425,-0.2530642518426428,0.07314188163970871,0.0012747773988819365
position_and_arm,665742,Juan Soto,RF,389,145,0.37275064267352187,0.3681222232766446,0.3683712369577481,0.17906725492481565,0.05380191658438409,4.505044783314725e-4
position_and_arm,665750,Leody Taveras,Multi-position OF,143,53,0.3706293706293706,0.3554040695555293,0.3559934223808502,0.3655297635788965,0.03871258914629807,0.0013086525078561287
position_and_arm,665833,Oneil Cruz,CF,274,109,0.3978102189781022,0.34855262498455236,0.3532901789841701,1.541737076623749,0.09635504657008359,0.06557413731370348
position_and_arm,666134,Nolan Jones,RF,220,79,0.35909090909090907,0.35626660139096783,0.35640600191148425,0.08314997431883116,0.049359552026797315,8.828684812307806e-5
position_and_arm,666139,Josh Lowe,RF,214,79,0.3691588785046729,0.3691847487488858,0.3691839335553162,-7.595028400883513e-4,0.03151085463142659,4.530671904163286e-9
position_and_arm,666158,Gavin Lux,LF,121,47,0.3884297520661157,0.33090726412633115,0.3317812170492248,1.323415237705993,0.015193440257272784,0.0064147488908347415
position_and_arm,666160,Mickey Moniak,Multi-position OF,318,131,0.4119496855345912,0.36062028588276784,0.3647110010518865,1.7500532182216837,0.07971460694064246,0.06739512825988535
position_and_arm,666176,Jo Adell,Multi-position OF,318,128,0.4025157232704403,0.36255757585580195,0.36592522813013273,1.3546136052057727,0.08430861153393106,0.043135782957071024
position_and_arm,666181,Will Benson,Multi-position OF,150,55,0.36666666666666664,0.36045916836486297,0.36067606730880974,0.15279064391850078,0.03494147370555854,2.047672878196769e-4
position_and_arm,666185,Dylan Carlson,LF,178,55,0.3089887640449438,0.33703197413568503,0.33631169739802125,-0.7715858521388114,0.02568197575267842,0.0037655516710752446
position_and_arm,666624,Christopher Morel,LF,129,43,0.3333333333333333,0.32487949396189314,0.32510752217692174,0.19945401693636536,0.026976149549540293,2.6500355838736704e-4
position_and_arm,666969,Adolis García,RF,289,88,0.3044982698961938,0.36362985262773917,0.36122528306046203,-2.007594094974078,0.040655855503595774,0.0416254754343413
position_and_arm,666971,Lourdes Gurriel Jr.,LF,334,125,0.37425149700598803,0.33193689742570065,0.33371909974334185,1.5709281077833022,0.04211876120278705,0.026484880478542687
position_and_arm,667472,Dane Myers,CF,234,95,0.405982905982906,0.3573137716311037,0.3594293820308792,1.4841240222429173,0.043483430577599215,0.02447441590841584
position_and_arm,668227,Randy Arozarena,LF,403,128,0.3176178660049628,0.34011575978533704,0.33852319096392175,-0.886865828340958,0.07075608536635491,0.01506792086336914
position_and_arm,668709,JJ Bleday,CF,199,72,0.36180904522613067,0.3655753619705719,0.3654800048167976,-0.10753545449527975,0.025318410394086853,7.20522257594308e-5
position_and_arm,668804,Bryan Reynolds,RF,266,98,0.3684210526315789,0.36780810412424975,0.36782985376471505,0.01999557662527175,0.03548367222848319,3.5654175518415175e-6
position_and_arm,668885,Austin Martin,LF,120,45,0.375,0.3337285830966175,0.3343663148894673,0.9435130870896742,0.015452461349383613,0.0033178235321942528
position_and_arm,669016,Brandon Marsh,CF,296,95,0.32094594594594594,0.3677813941338946,0.3660199319119217,-1.6098360576387771,0.037609571903337365,0.024603236614541276
position_and_arm,669065,Kyle Stowers,LF,264,88,0.3333333333333333,0.3261722527614864,0.326513471392468,0.23629935584947778,0.04765498391292707,6.859270310322748e-4
position_and_arm,669326,Bryce Teodosio,CF,117,39,0.3333333333333333,0.36651318181899356,0.3660199319119217,-0.7339601662553652,0.014865945650981325,0.0019292121970620579
position_and_arm,669720,Austin Hays,LF,144,51,0.3541666666666667,0.32577568594773804,0.326513471392468,0.7076386703367225,0.025993627588869295,0.0032077429071714313
position_and_arm,669743,Alex Call,Multi-position OF,213,84,0.39436619718309857,0.35805407087398,0.3598714149349334,1.0489044385993553,0.050049414127805954,0.014265991350635002
position_and_arm,670224,Kameron Misner,CF,116,32,0.27586206896551724,0.366152534318073,0.36480557138290354,-1.9900278323468152,0.01491804232988173,0.014233724258232413
position_and_arm,670231,John Rave,Multi-position OF,145,50,0.3448275862068966,0.3648862812266647,0.36417189568193115,-0.4840766774365575,0.03561370721126844,0.0020978604040018715
position_and_arm,670242,Matt Wallner,RF,226,78,0.34513274336283184,0.35635042128071964,0.35573892533522145,-0.33305553304424873,0.05450056597579145,0.0015810474849550125
position_and_arm,670770,TJ Friedl,CF,290,113,0.3896551724137931,0.37256037473758224,0.3736137526399503,0.5646889228360276,0.06162996714680221,0.005217895234889885
position_and_arm,671218,Heliot Ramos,LF,421,144,0.342042755344418,0.33271122495503236,0.333201778193071,0.38484907263263024,0.052569483511392755,0.002027930198371114
position_and_arm,671221,Drew Waters,Multi-position OF,172,55,0.31976744186046513,0.3635038155098765,0.36175015475498673,-1.1458690797728122,0.04009616446349856,0.013358279297395926
position_and_arm,671289,Tyler Freeman,RF,178,62,0.34831460674157305,0.3610202582381509,0.36068840482877323,-0.3437879457770974,0.026117569443049698,7.60911465080487e-4
position_and_arm,671732,Lawrence Butler,RF,287,104,0.3623693379790941,0.3689067544159059,0.36864205306120396,-0.22027045363594777,0.040489393565638014,4.988699525678885e-4
position_and_arm,671739,Michael Harris II,CF,351,127,0.36182336182336183,0.36635730974462627,0.3661549663626807,-0.16845284412563313,0.04462851231176076,3.243827084278201e-4
position_and_arm,672016,Denzel Clarke,CF,119,50,0.42016806722689076,0.36825229177290913,0.3691310142086384,1.1537167910918233,0.01692653467530587,0.005450391213310185
position_and_arm,672744,Alexander Canario,Multi-position OF,152,51,0.3355263157894737,0.3576687789712057,0.3567942367993417,-0.5473472667529207,0.03949174010390811,0.002998217340485701
position_and_arm,672761,Wenceel Pérez,RF,263,106,0.40304182509505704,0.3644276187290066,0.36566766239734855,1.2584838377415626,0.03211379890812206,0.012693211416228683
position_and_arm,673357,Luis Robert Jr.,CF,229,90,0.3930131004366812,0.37055689691357885,0.37143753865110263,0.6757137199652135,0.03921935244427085,0.004535347215324072
position_and_arm,673548,Seiya Suzuki,RF,119,39,0.3277310924369748,0.36364537636643596,0.36310708161594363,-0.8024749855220906,0.014988119752075188,0.0023257357369560003
position_and_arm,676475,Alec Burleson,Multi-position OF,167,60,0.3592814371257485,0.3610116917598028,0.3609444589906564,-0.04474728631710776,0.038857148599152874,1.9690719939337187e-5
position_and_arm,676694,Jake Meyers,CF,167,55,0.32934131736526945,0.3841974519646674,0.38030997444870984,-1.3567671368439458,0.07078765114156028,0.03528347322963954
position_and_arm,677594,Julio Rodríguez,CF,340,117,0.34411764705882353,0.3617527918265805,0.3607701855307447,-0.6394050660737157,0.0557131319873421,0.005972208496294759
position_and_arm,677800,Wilyer Abreu,RF,195,59,0.30256410256410254,0.36024255789043075,0.35814300526361637,-1.618750434228597,0.03638311304837981,0.02400402050479833
position_and_arm,677950,Alek Thomas,CF,300,127,0.42333333333333334,0.37022994316112595,0.3736137526399503,1.7801457046065208,0.06375513842772636,0.053886570151786495
position_and_arm,678882,Ceddanne Rafaela,CF,316,113,0.3575949367088608,0.3598249370079749,0.35969736795572466,-0.07787607780432798,0.05720480599701053,9.125130404885929e-5
position_and_arm,680718,Addison Barger,RF,118,45,0.3813559322033898,0.3542434229045389,0.35507240848137983,0.5966376435430338,0.03058497185345513,0.0027085885139282173
position_and_arm,680757,Steven Kwan,LF,371,121,0.3261455525606469,0.3320565826179274,0.3317812170492248,-0.23054029652455676,0.04658484574750578,6.36806367273915e-4
position_and_arm,680776,Jarren Duran,LF,434,141,0.3248847926267281,0.33150382287523644,0.3311365164531962,-0.27674027506451415,0.05549168343082051,0.0011137666403999375
position_and_arm,681297,Colton Cowser,Multi-position OF,195,67,0.3435897435897436,0.3558723789623165,0.35519341279785344,-0.33858324352244057,0.055270805438578575,0.0016597595821844695
position_and_arm,681460,Brooks Baldwin,Multi-position OF,143,50,0.34965034965034963,0.3654140722212359,0.36484583050451574,-0.37747500192459527,0.036046155402071074,0.0012922781607591974
position_and_arm,681481,Kerry Carpenter,RF,175,55,0.3142857142857143,0.3683692258842748,0.36715359316932356,-1.4509012672334838,0.02247612985770332,0.011576456707553877
position_and_arm,681624,Andy Pages,CF,346,120,0.3468208092485549,0.35924878034801383,0.35835831636275706,-0.44755354618248844,0.07163746903224218,0.0038924959824766015
position_and_arm,682622,Noelvi Marte,RF,135,43,0.31851851851851853,0.3617958515012063,0.3609568005080105,-1.0266725617437118,0.019386097403839304,0.004968111691455602
position_and_arm,682641,Luis Matos,RF,129,44,0.34108527131782945,0.3606694991885159,0.36028597450229477,-0.4542504592079503,0.01958234112479137,9.82802502320783e-4
position_and_arm,682657,Angel Martínez,CF,197,70,0.3553299492385787,0.359995652531717,0.35983139374921247,-0.13164012991838867,0.035204785681934185,1.5322907148396348e-4
position_and_arm,682985,Riley Greene,LF,343,122,0.3556851311953353,0.3347962855607055,0.3357923823596736,0.7801076080620528,0.04769063875647006,0.0074820257917909885
position_and_arm,682998,Corbin Carroll,RF,369,148,0.4010840108401084,0.3672295287534344,0.3690484324413762,1.275281496185521,0.05373599634986647,0.022818438670183447
position_and_arm,686217,Sal Frelick,RF,278,109,0.3920863309352518,0.36729156883888037,0.3682358600055377,0.8244775441505281,0.03808655293111686,0.006541697849516509
position_and_arm,686527,Dominic Canzone,RF,154,58,0.37662337662337664,0.3617258127439256,0.36203125055897684,0.37679592765009795,0.02050290341968109,7.093402480028075e-4
position_and_arm,686555,Isaac Collins,LF,232,78,0.33620689655172414,0.33417646146009794,0.33423682187543424,0.06361208763970111,0.02972787256673294,2.9873709817359004e-5
position_and_arm,686611,Dylan Crews,RF,260,106,0.4076923076923077,0.36677862677308,0.3682358600055377,1.319058726662601,0.03562051712982153,0.015579937117907432
position_and_arm,686668,Brenton Doyle,CF,368,135,0.36684782608695654,0.3579677623898626,0.35862595079889464,0.3288654472445277,0.0741288719823627,0.0021865325280579543
position_and_arm,687363,Victor Scott II,CF,307,111,0.36156351791530944,0.36861182317049696,0.3683183660866353,-0.24537141471532953,0.04163482040937597,6.380808622170714e-4
position_and_arm,687597,Jordan Beck,LF,388,129,0.3324742268041237,0.33161000093100707,0.3316522263637521,0.03439103147632846,0.04885929472404779,1.4934173835548567e-5
position_and_arm,690987,Robert Hassell III,CF,124,47,0.3790322580645161,0.3662226141200557,0.3664250983510316,0.2913644143529709,0.015807177545183557,3.238919116566787e-4
position_and_arm,691016,Tyler Soderstrom,LF,253,91,0.35968379446640314,0.32539102010937065,0.32689745536775233,1.11174913636078,0.04395106140625224,0.013894914013771189
position_and_arm,691023,Jordan Walker,RF,299,116,0.3879598662207358,0.35785934778067435,0.3593477344060296,1.0311389037147154,0.04946038122181638,0.013607692922225979
position_and_arm,691176,Jasson Domínguez,LF,220,75,0.3409090909090909,0.32477850041954326,0.32549065181992787,0.48807718064385347,0.04416279589939588,0.0026921474801880054
position_and_arm,691718,Pete Crow-Armstrong,CF,344,110,0.31976744186046513,0.36355738592347386,0.3611728513521475,-1.5987739902295524,0.054442802826357765,0.03638917055995811
position_and_arm,694192,Jackson Chourio,CF,309,102,0.3300970873786408,0.3696847874361676,0.36804764915471216,-1.383258214197753,0.041353335198735706,0.020129503725308598
position_and_arm,694671,Wyatt Langford,LF,322,94,0.2919254658385093,0.3349309280313533,0.333201778193071,-1.5713681796998318,0.04020753845764482,0.02519659570541909
position_and_arm,695506,Jac Caglianone,RF,116,38,0.3275862068965517,0.3574277790980524,0.3566729887893463,-0.6539938514118648,0.02528752744988717,0.002661544873679717
position_and_arm,695578,James Wood,LF,300,97,0.3233333333333333,0.33345096105477307,0.33307251050604736,-0.3579102938399686,0.03740505547329028,0.001208995461634047
position_and_arm,695734,Daylen Lile,RF,227,91,0.4008810572687225,0.3698472501740345,0.3710831069768535,0.9293238816206782,0.03983097713193621,0.008723543212665509
position_and_arm,696285,Jacob Young,CF,236,86,0.3644067796610169,0.36620904632283363,0.3661549663626807,-0.05574678207908934,0.030006635058619766,2.3171412979398514e-5
position_and_arm,701358,Cam Smith,RF,265,94,0.35471698113207545,0.3629844897310291,0.362703483703982,-0.2704163441532353,0.03398885797873915,6.226891771498649e-4
position_and_arm,701538,Jackson Merrill,CF,247,88,0.3562753036437247,0.3597193854927918,0.35956336404383965,-0.10768679759550216,0.045300274069704514,1.3474892204413429e-4
position_and_arm,802415,Chandler Simpson,Multi-position OF,244,95,0.38934426229508196,0.36216031450554165,0.36376779021485395,0.8304540466650383,0.059136176091519256,0.010771199033694239
position_and_arm,805300,Jakob Marsee,CF,124,50,0.4032258064516129,0.36624178244585515,0.36683045378114926,0.8409381864637048,0.015916955886666417,0.0027174264890533627
position_and_arm,808982,Jung Hoo Lee,CF,349,127,0.3638968481375358,0.3623017293390568,0.36238201819681515,0.058872570173983486,0.05033428559806563,4.5225307117185966e-5
