"entity_name","entity_id","team_name","year","runner_runs","fielder_runs","runner_runs_advances","runner_runs_thrown_out","runner_runs_hold","fielder_runs_advances","fielder_runs_thrown_out","fielder_runs_hold","n_opp_xb","n_att_xb","rate_att_xb","est_rate_att_generic_runner","est_rate_att_generic_fielder","n_out","n_safe","rate_safe","rate_safe_per_attempt"
"Soto, Juan",665742,"NYM",2025,0.8127932541139476,-2.0554635184924863,10.497013967730537,-3.229745281379639,-6.454475432236958,-11.303767944729083,3.1741351978365095,6.074169228400092,389,145,0.3727506426735217,0.36845706867834743,0.3573759415072387,4,141,0.3624678663239077,0.9724137931034482
"Hernández, Teoscar",606192,"LAD",2025,0.6913954284027702,-0.8419174315230058,8.173288668684457,-3.2144420603099597,-4.267451179971729,-7.953154957161133,3.253002489830596,3.8582350358075295,298,111,0.37248322147651003,0.3487579003539223,0.3482270802733526,4,107,0.35906040268456374,0.963963963963964
"Cowser, Colton",681297,"BAL",2025,-0.12853687002006203,1.1786261677806567,4.370909064129548,-1.7326165855939548,-2.766829348555655,-3.385553115974015,1.7587194687032,2.805459815051473,195,67,0.3435897435897436,0.3476080575076921,0.362414096934448,2,65,0.3333333333333334,0.9701492537313433
"Teodosio, Bryce",669326,"LAA",2025,0.05746776682106111,0.24022242948825295,2.564993993544646,0,-2.5075262267235856,-2.5200171188161797,0,2.7602395483044324,117,39,0.33333333333333315,0.3652568705837708,0.3731585254621736,0,39,0.33333333333333315,1
"Rave, John",670231,"KC",2025,-1.3512989553774395,0.5910231574851513,2.8428509471921277,-2.5730351686158457,-1.6211147339537213,-3.0617769092745557,2.4625342428225188,1.1902658239371884,145,50,0.34482758620689674,0.34516376009201116,0.32509165099048676,3,47,0.3241379310344826,0.94
"Myers, Dane",667472,"MIA",2025,2.8783540647196584,-0.8418758207522142,8.027681989534043,-3.2207833978983396,-1.9285445269160488,-6.497136846148764,3.3007480440520744,2.3545129813444703,234,95,0.4059829059829059,0.33103487509373253,0.3643375104998383,4,91,0.38888888888888884,0.9578947368421052
"White, Eli",642201,"ATL",2025,-0.7186047732186363,1.4882608106309727,3.6893874984829838,-2.4899077410596657,-1.9180845306419552,-3.072332208333613,2.431530792315104,2.1290622266494816,161,55,0.3416149068322982,0.3360353412578312,0.35508447374340696,3,52,0.3229813664596272,0.9454545454545454
"McCarthy, Jake",664983,"AZ",2025,-0.008741805054193688,-1.3172867967726531,2.4707315802440806,0,-2.479473385298276,-3.0973955116174334,0,1.7801087148447798,147,50,0.34013605442176864,0.3779474604742379,0.3421477576103832,0,50,0.34013605442176864,1
"Isbel, Kyle",664728,"KC",2025,-0.019154184921801952,-0.5482903215002092,4.940883461930475,-0.9033631298150162,-4.05667451703726,-5.164460090256652,0.9032941316771765,3.7128756370792644,236,88,0.37288135593220323,0.39506122125058585,0.3831418889025919,1,87,0.36864406779661024,0.9886363636363636
"Domínguez, Jasson",691176,"NYY",2025,1.8933955972259178,-0.8547502290328867,5.2317913392912745,-0.7578459029412555,-2.580549839124102,-4.462955714407084,0.7791736193188432,2.8290318660553537,220,75,0.3409090909090908,0.3273384104159159,0.34375513743405595,1,74,0.33636363636363625,0.9866666666666667
"Hassell III, Robert",690987,"WSH",2025,-0.6242997965532393,0.5614899581726053,2.9415374299349364,-0.9168530301190134,-2.6489841963691623,-2.7832277624598984,0.8873532015523901,2.457364519080112,124,47,0.37903225806451607,0.40832834171301957,0.4054946518283208,1,46,0.37096774193548393,0.9787234042553191
"Call, Alex",669743,"MLB",2025,3.41052126719625,-2.7372281083705943,6.069306155508778,-0.7709122466942465,-1.8878726416182827,-5.359039682130529,0.7759210885755161,1.8458904851844213,213,84,0.39436619718309845,0.3535803646011141,0.36534249319509166,1,83,0.38967136150234755,0.9880952380952381
"Lee, Jung Hoo",808982,"SF",2025,-0.9491022746601626,2.427216286187558,6.565319069617593,-3.4485897872040345,-4.065831557073724,-5.729273824313419,3.371928647620865,4.784561462880118,349,127,0.36389684813753587,0.3607883560986953,0.377720529357483,4,123,0.35243553008595996,0.968503937007874
"Grisham, Trent",663757,"NYY",2025,0.7098399725686521,-1.4324983890233218,5.9686403926127465,-1.6975046247222765,-3.561295795321819,-6.495441238450318,1.595603747299942,3.4673391021270548,219,84,0.3835616438356163,0.3717756081684838,0.36422005109040895,2,82,0.37442922374429244,0.9761904761904762
"Sánchez, Jesús",660821,"MLB",2025,0.06117717027971162,1.0580654957276394,6.660850460939364,-2.4111180713575866,-4.188555219302067,-5.93023813885792,2.376190154246931,4.612113480338629,258,95,0.36821705426356616,0.36747097732790346,0.38237829855200306,3,92,0.3565891472868217,0.968421052631579
"Bellinger, Cody",641355,"NYY",2025,-2.6915649815540563,3.1930043920439255,7.080856805912313,-4.126858952955883,-5.645562834510486,-6.563838813615856,4.158708688187862,5.598134517471922,346,108,0.3121387283236992,0.3328437872996995,0.33851900546864194,5,103,0.2976878612716764,0.9537037037037037
"Buxton, Byron",621439,"MIN",2025,1.232490046907985,-0.44183175899433813,6.3958403316901755,-0.8745212977547402,-4.2888289870274505,-5.8735118635070815,0.8647429622586746,4.56693714225407,284,118,0.41549295774647904,0.4185904982253887,0.4303925672931652,1,117,0.41197183098591567,0.9915254237288136
"Conforto, Michael",624424,"LAD",2025,0.6978843589424011,-1.1316390801068075,6.335690051860265,-2.607724729436251,-3.030080963481614,-6.3999471346049654,2.5373938693551077,2.7309141851430527,256,82,0.32031249999999983,0.30667616043781715,0.3013716713537265,3,79,0.30859374999999994,0.9634146341463414
"Taveras, Leody",665750,"MLB",2025,1.4544270212979633,-1.0644030741468782,5.182465840262691,-1.6015417628272353,-2.126497056137494,-4.704728466473819,1.5938184569940947,2.046506935332849,143,53,0.37062937062937057,0.3158533915234475,0.3254371905038597,2,51,0.3566433566433567,0.9622641509433962
"Gurriel Jr., Lourdes",666971,"AZ",2025,-0.548988399704032,0.41072361980023625,7.389059332994675,-5.2182059046429465,-2.7198418280557592,-7.421490574251136,5.243290788227146,2.588923405824227,334,125,0.37425149700598814,0.3496510576667253,0.349806690070659,6,119,0.35628742514970063,0.952
"Misner, Kameron",670224,"TB",2025,-1.5308598483767082,1.6127277239481355,1.7811084174721519,-0.7907306586707169,-2.521237607178143,-1.626985771651924,0.8153100735553243,2.424403422044735,116,32,0.27586206896551724,0.32769437002423707,0.32997898846903995,1,31,0.2672413793103448,0.96875
"Rafaela, Ceddanne",678882,"BOS",2025,-0.6004067465668729,2.2587024372292106,7.556440593472084,-4.209611934739255,-3.947235405299708,-6.452309666003996,4.277087150793939,4.433924952439267,316,113,0.35759493670886083,0.3398801662786787,0.36025651249418406,5,108,0.3417721518987344,0.9557522123893806
"Carpenter, Kerry",681481,"DET",2025,0.481706268543423,-0.5665430102449543,4.359272678872213,-1.705258170452744,-2.1723082398760454,-4.3961940598459694,1.7037290715217521,2.125921978079262,175,55,0.3142857142857143,0.2970001845359121,0.2965824407077077,2,53,0.3028571428571429,0.9636363636363636
"Matos, Luis",682641,"SF",2025,1.2943120366301346,-0.535526893459448,3.0275022870472337,0,-1.7331902504170988,-2.726500017798572,0,2.1909731243391235,129,44,0.3410852713178294,0.33997207453945427,0.3646353475986518,0,44,0.3410852713178294,1
"Burleson, Alec",676475,"STL",2025,2.466903947737081,-1.980615923782456,4.3852936583248825,0,-1.9183897105878023,-3.923998563947954,0,1.9433826401654986,167,60,0.35928143712574867,0.33605745111058,0.3453077074685105,0,60,0.35928143712574867,1
"Crow-Armstrong, Pete",691718,"CHC",2025,-1.3668856418217303,2.5085929766777535,6.092234926388911,-1.789146133799557,-5.669974434411086,-5.264486671725041,1.7416074773850518,6.031472171017747,344,110,0.3197674418604651,0.34674893041602894,0.3622150880366643,2,108,0.313953488372093,0.9818181818181818
"Martin, Austin",668885,"MIN",2025,-0.3286709119289249,-0.015724685704303958,2.7881531637117867,-1.8045302136869399,-1.312293861953771,-2.742401595709574,1.687674345816869,1.0390025641884009,120,45,0.3749999999999999,0.35907865009129414,0.3452727178191434,2,43,0.35833333333333345,0.9555555555555556
"Marte, Noelvi",682622,"CIN",2025,-0.5019181590126136,0.9944570487786195,3.14792786980964,-1.6989969372840972,-1.9508490915381556,-2.896113841427619,1.73247100130656,2.1580998888996774,135,43,0.31851851851851853,0.3189788018686965,0.33832637982375807,2,41,0.30370370370370364,0.9534883720930233
"Wood, James",695578,"WSH",2025,-0.6309131777333242,0.08169507460643674,5.578304560003744,-2.576038416777836,-3.633179320959232,-5.610503260014228,2.4950699909135086,3.197128343707156,300,97,0.32333333333333325,0.3284191737234672,0.32183086445119674,3,94,0.31333333333333335,0.9690721649484536
"Young, Jacob",696285,"WSH",2025,-1.8123331625638355,1.8164990036521378,4.214884075959783,-2.560368054097542,-3.466849184426078,-4.209896768258336,2.500152970485444,3.5262428014250307,236,86,0.36440677966101703,0.3813682069799077,0.3844474632912511,3,83,0.35169491525423735,0.9651162790697675
"Straw, Myles",664702,"TOR",2025,-0.25530209654170993,0.03546860408964611,3.8467048458282185,-1.7878889441765744,-2.314117998193354,-4.010272038993257,1.7117170596166282,2.334023583466275,178,65,0.3651685393258427,0.356224738983504,0.3528415134899443,2,63,0.35393258426966295,0.9692307692307692
"García, Adolis",666969,"TEX",2025,-0.4570227540320321,1.1197200706829333,7.111877718501926,-2.578287482496039,-4.99061299003792,-6.508955309113577,2.5656100483352366,5.063065331461274,289,88,0.304498269896194,0.3129202120533259,0.3228081236890883,3,85,0.2941176470588237,0.9659090909090909
"Pages, Andy",681624,"LAD",2025,-0.8585398180567306,3.0784142474100085,6.95653461134428,-3.1448916560026907,-4.670182773398319,-5.7395456165819425,3.289999572660144,5.527960291331807,346,120,0.34682080924855474,0.34902102493440607,0.3763008857745329,4,116,0.33526011560693625,0.9666666666666667
"Varsho, Daulton",662139,"TOR",2025,0.4800996903440138,-1.757961029988357,3.1739417892049513,0,-2.693842098860938,-3.777876419052173,0,2.019915389063815,150,49,0.3266666666666664,0.34998587733507897,0.3186430263857318,0,49,0.3266666666666664,1
"Benson, Will",666181,"CIN",2025,1.2691007793617537,-1.147535815698723,4.058531196781157,-0.7706910331082365,-2.0187393843111656,-3.9545580786348253,0.7687634827138187,2.038258780222282,150,55,0.3666666666666666,0.3549967532497427,0.3571265842408409,1,54,0.36000000000000004,0.9818181818181818
"Lile, Daylen",695734,"WSH",2025,2.187938771769783,-2.5341406617277435,6.236639755353151,-0.7762292910850214,-3.272471692498349,-6.620619330547756,0.7986138861686866,3.2878647826513245,227,91,0.40088105726872253,0.3870780981852559,0.3819353882271035,1,90,0.39647577092511005,0.989010989010989
"Collins, Isaac",686555,"MIL",2025,0.6372412160366128,-2.3026726170174268,5.669487751434842,-0.8326830887431514,-4.199563446655081,-6.426352520830905,0.8135167361685312,3.3101631676449483,232,78,0.3362068965517242,0.3486141500003086,0.3191789983345703,1,77,0.33189655172413796,0.9871794871794872
"Yastrzemski, Mike",573262,"MLB",2025,-5.684510973664469,4.558942932422652,7.07078425837851,-6.840724624474338,-5.914570607568644,-7.4890132983314945,6.787379566785028,5.26057666396912,320,115,0.3593750000000001,0.37450770923548377,0.36115027568595964,8,107,0.3343750000000001,0.9304347826086956
"Hays, Austin",669720,"CIN",2025,0.959216054678705,-0.4204643210044666,2.6117084434136917,0,-1.6524923887349872,-2.282715755875841,0,1.8622514348713732,144,51,0.35416666666666685,0.3706665380857972,0.3834143828654641,0,51,0.35416666666666685,1
"Martínez, Angel",682657,"CLE",2025,0.45710946234873484,0.44197890223724845,5.688842590060358,-2.272751460604586,-2.958981667107041,-4.988355868295323,2.2827861155277445,3.147548655004827,197,70,0.3553299492385786,0.324025085829823,0.3443427520764898,3,67,0.34010152284263967,0.9571428571428572
"Arozarena, Randy",668227,"SEA",2025,-1.0002340705701658,-2.0790715056740408,7.641630320249999,-3.5896217930812977,-5.052242597738866,-8.806510882447176,3.37073652642695,3.356702850346186,403,128,0.31761786600496295,0.32550870177552643,0.2957874592646689,4,124,0.3076923076923077,0.96875
"Pham, Tommy",502054,"PIT",2025,1.5477348963690207,-1.171167899055583,7.743499211255708,-4.287923298592565,-1.9078410162941224,-6.97547025946351,4.208217470117244,1.5960848902906826,287,107,0.3728222996515678,0.3190289712863776,0.3249631975291283,5,102,0.35540069686411146,0.9532710280373832
"Pérez, Wenceel",672761,"DET",2025,-2.2234057875469335,0.874762636324407,4.898678168975189,-3.3674558486582864,-3.754628107863836,-5.575168496201969,3.3286268731326665,3.121304259393706,263,106,0.4030418250950568,0.41416066047530653,0.3925609345702814,4,102,0.3878326996197722,0.9622641509433962
"Profar, Jurickson",595777,"ATL",2025,1.8508840297550073,-2.213223359833487,5.435267855046782,0,-3.584383825291778,-5.518728076502052,0,3.305504716668565,210,74,0.35238095238095235,0.3618764795384176,0.35490301603974345,0,74,0.35238095238095235,1
"Crews, Dylan",686611,"WSH",2025,1.5887549893984896,-1.7328196929618063,7.60315060951006,-1.8544028639814787,-4.159992756130095,-7.676766378768836,1.877344468366303,4.066602217440729,260,106,0.4076923076923076,0.39416130614707995,0.393409710784083,2,104,0.4000000000000002,0.9811320754716981
"Adell, Jo",666176,"LAA",2025,1.3037710410639378,-1.993598499467375,7.367860637021502,-0.8110305376568339,-5.253059058300731,-7.380322122412414,0.8186757352648661,4.568047887680174,318,128,0.4025157232704406,0.41524395232359995,0.4049457467944688,1,127,0.39937106918239,0.9921875
"Bleday, JJ",668709,"ATH",2025,-0.8093272631333704,1.0126045737285507,3.9704262003559756,-0.8347435396615225,-3.9450099238278233,-3.874135894277264,0.8008338212249345,4.08590664678088,199,72,0.36180904522613067,0.3986135882865716,0.4047525997212994,1,71,0.35678391959799,0.9861111111111112
"Freeman, Tyler",671289,"COL",2025,0.6376220715547195,0.37899715749436674,4.2149187901176015,-0.7881310182244077,-2.7891657003384744,-3.653722284492807,0.7984841271839351,3.234235314803237,178,62,0.3483146067415732,0.35166476668993085,0.37274479722605125,1,61,0.3426966292134832,0.9838709677419355
"Lukes, Nathan",664770,"TOR",2025,-2.8516346319457115,4.160600128503111,5.029883715847899,-4.915307472382463,-2.966210875411149,-4.479687011170723,4.974257098254063,3.6660300414197695,226,78,0.34513274336283195,0.3302429968545096,0.35438667381117145,6,72,0.31858407079646006,0.9230769230769231
"Tucker, Kyle",663656,"CHC",2025,-2.4352805582276433,2.049856492631077,5.211835921161867,-3.5525238370398124,-4.0945926423497,-5.266453641709183,3.4850415232773235,3.8312686110629364,240,91,0.37916666666666654,0.39305772366255265,0.3836266291218732,4,87,0.3625,0.9560439560439561
"Canario, Alexander",672744,"PIT",2025,-1.6909199280917728,2.2494187341365737,3.904941274924549,-2.516756915752392,-3.0791042872639327,-3.719718798343668,2.5127110171515046,3.4564265153287383,152,51,0.3355263157894737,0.35222002401734404,0.3656617386212492,3,48,0.31578947368421056,0.9411764705882353
"Walker, Jordan",691023,"STL",2025,6.857319327000512,-2.5154327582345086,10.716285813938306,0,-3.858966486937791,-8.023026589040278,0,5.507593830805773,299,116,0.38795986622073575,0.3373877534595393,0.3969033534391391,0,116,0.38795986622073575,1
"Kepler, Max",596146,"PHI",2025,0.21363727746167854,-1.3472028936192504,4.9944935540097575,-1.6383853776227206,-3.1424708989253562,-5.506911424960891,1.707838829397606,2.4518697019440343,287,84,0.2926829268292683,0.2989575354744003,0.2810079184876993,2,82,0.2857142857142855,0.9761904761904762
"Stowers, Kyle",669065,"MIA",2025,-1.381960775519638,2.0180535235053756,5.456089075928298,-3.820539439256991,-3.0175104121909455,-5.234986590428813,3.8874262234613317,3.365613890472859,264,88,0.33333333333333337,0.3162190833117076,0.32695114423525684,5,83,0.3143939393939395,0.9431818181818182
"Smith, Cam",701358,"HOU",2025,1.0980810314104397,-0.35894770017858596,7.37901649377079,-2.5849797551911577,-3.69595570716919,-6.8361036882951485,2.639613314532644,3.837542673583918,265,94,0.35471698113207567,0.33389307185540745,0.3425241653349942,3,91,0.3433962264150944,0.9680851063829787
"Doyle, Brenton",686668,"COL",2025,-0.9539720932868658,5.092036285918088,7.740701613796686,-3.406415483621496,-5.288258223462054,-5.667164622795552,3.4489939657590893,7.3102069429545535,368,135,0.36684782608695643,0.37220980674913795,0.41632774975789383,4,131,0.35597826086956535,0.9703703703703703
"Clarke, Denzel",672016,"ATH",2025,0.17672406079647784,-0.4975823975302214,2.676503135719673,-0.7699460682927879,-1.7298330066304064,-2.778492435484257,0.7792450840916266,1.5016649538624092,119,50,0.4201680672268906,0.41694265742207454,0.40659859591462116,1,49,0.411764705882353,0.98
"Ramos, Heliot",671218,"SF",2025,1.927091451448056,-2.852264117949154,8.894412614597005,-2.355005199680833,-4.612315963468118,-9.35931521844305,2.325238729336945,4.181812371156953,421,144,0.3420427553444181,0.334597977292294,0.3274709393722135,3,141,0.3349168646080761,0.9791666666666666
"Jones, Nolan",666134,"CLE",2025,-1.2849029980026614,3.8729823530397134,6.319329560444716,-4.886784324929784,-2.7174482335175942,-4.864775851496663,5.140100660702764,3.597657543833611,220,79,0.3590909090909093,0.3190927916275628,0.3658177842249074,6,73,0.33181818181818185,0.9240506329113924
"Judge, Aaron",592450,"NYY",2025,-0.6998537343655447,2.2808366216085663,3.803192424544589,-0.7951924093303316,-3.7078537495798014,-3.1500225083183473,0.8284527063287772,4.6024064235981355,204,65,0.318627450980392,0.3633941584838717,0.39105598167572814,1,64,0.31372549019607826,0.9846153846153847
"Moniak, Mickey",666160,"COL",2025,1.963184859362591,-4.5247540144401475,8.333442733041664,-0.8085930089168818,-5.561664864762194,-9.673588449670154,0.8252180869688369,4.3236163482611705,318,131,0.41194968553459127,0.416429772573329,0.38637298735782755,1,130,0.4088050314465409,0.9923664122137404
"Canzone, Dominic",686527,"SEA",2025,2.583183048106801,-2.1685577148189843,5.252784881388766,-0.8080684733583046,-1.8615333599236594,-4.885011983791997,0.843949427164131,1.8725048418088823,154,58,0.3766233766233765,0.3290837536174759,0.3391808949344531,1,57,0.37012987012987003,0.9827586206896551
"Wallner, Matt",670242,"MIN",2025,1.9745264698624432,1.1556046390933497,6.589413795410915,-1.6594035697516683,-2.9554837557968057,-5.103005783966032,1.7069268075749,4.551683615484483,226,78,0.345132743362832,0.3180132678400869,0.3778402692890201,2,76,0.3362831858407077,0.9743589743589743
"Carlson, Dylan",666185,"BAL",2025,0.0552374505948916,0.014727477036551528,3.2969302165449026,-0.8615810380887347,-2.3801117278612764,-3.451633716570069,0.8627129990097555,2.6036481945968646,178,55,0.30898876404494385,0.3237083587642157,0.3272666298345975,1,54,0.30337078651685395,0.9818181818181818
"Springer, George",543807,"TOR",2025,2.5447306892005477,-2.588107061546566,4.305264970683246,0,-1.7605342814826965,-4.293030680667839,0,1.7049236191212735,130,47,0.3615384615384616,0.3215615104972495,0.32090127472255386,0,47,0.3615384615384616,1
"Nimmo, Brandon",607043,"NYM",2025,-0.7339359500103534,-0.10613022811443201,7.371763399153371,-2.826603630042512,-5.279095719121216,-7.7403247432691735,2.631521007911069,5.002673507243674,380,129,0.33947368421052626,0.3540161817183795,0.345830652616086,3,126,0.3315789473684209,0.9767441860465116
"Mangum, Jake",663968,"TB",2025,0.6381395486453657,-0.8572706036410844,6.192209808817278,-2.2710452930356517,-3.2830249671362615,-6.464886430161553,2.2990759163086687,3.3085399102118007,245,89,0.3632653061224488,0.3496379549893103,0.34746999554257363,3,86,0.35102040816326546,0.9662921348314607
"Larnach, Trevor",663616,"MIN",2025,1.8425170632850327,-2.65356450862029,3.2512860075146275,0,-1.4087689442295954,-3.888215325013052,0,1.2346508163927596,128,52,0.4062499999999999,0.3880205012879141,0.3626104992418319,0,52,0.4062499999999999,1
"Beck, Jordan",687597,"COL",2025,-1.2794748889752041,1.1555670728382181,8.207700490331716,-5.212887947635138,-4.274287431671783,-7.868297098684495,4.942596912290228,4.0812672592324875,388,129,0.3324742268041236,0.32840785024596486,0.3253970425135482,6,123,0.31701030927835033,0.9534883720930233
"O'Neill, Tyler",641933,"BAL",2025,0.81769224113531,-1.4540820160712462,3.5740609482891386,-0.9051752058409135,-1.8511935013129126,-3.651598406384893,0.9096087971651953,1.2879075931484507,124,52,0.4193548387096775,0.4103698021652074,0.386609665565725,1,51,0.41129032258064535,0.9807692307692307
"Acuña Jr., Ronald",660670,"ATL",2025,1.0362007054382172,1.1798816140276314,6.626767776229843,-2.712936288635506,-2.877630782156119,-5.39995304371668,2.5925792022003167,3.9872554555439943,238,86,0.36134453781512604,0.3351234234041411,0.3723421636610658,3,83,0.3487394957983196,0.9651162790697675
"Friedl, TJ",670770,"CIN",2025,0.09474863255094439,-1.1256522751166813,5.977823021599623,-0.8438201096753304,-5.03925427937335,-6.719644054743042,0.8854516432028123,4.708540136423548,290,113,0.38965517241379305,0.4101620582701326,0.3971584630256236,1,112,0.386206896551724,0.9911504424778761
"Scott II, Victor",687363,"STL",2025,2.784166568527138,-3.1357383113379647,8.091196995085218,-1.693829895952799,-3.613200530605286,-7.987562037439283,1.6413513065783052,3.2104724195230134,307,111,0.36156351791530955,0.3320558987521527,0.32767122399012677,2,109,0.3550488599348535,0.9819819819819819
"Sheets, Gavin",657757,"SD",2025,-1.3728732907897774,1.2922565475564758,2.0668934390105393,-1.6993792591037993,-1.740387470696517,-2.0219597851430344,1.6416706066642912,1.6725457260352192,132,40,0.3030303030303031,0.3168021475063932,0.3134392329419204,2,38,0.28787878787878785,0.95
"Marsee, Jakob",805300,"MIA",2025,0.5450371008184923,-0.6424612826953974,2.653714453611478,0,-2.108677352792988,-2.529247703761418,0,1.8867864210660217,124,50,0.4032258064516128,0.4287911814850856,0.42258338424806235,0,50,0.4032258064516128,1
"Baldwin, Brooks",681460,"CWS",2025,0.9274793594527561,-1.294256507001798,3.0669501097601874,-0.9236655326193218,-1.2158052176881096,-3.112963404807852,0.7937923561751901,1.0249145416308643,143,50,0.34965034965034963,0.3291719576198918,0.3175153872350737,1,49,0.3426573426573426,0.98
"Marsh, Brandon",669016,"PHI",2025,-0.25225118008805614,0.31710187701797105,5.515398518938611,-1.7676678533832582,-3.9999818456434117,-5.599284255981538,1.7284716093054264,4.1879145236940865,296,95,0.32094594594594594,0.3314313805922616,0.3334071779865619,2,93,0.31418918918918914,0.9789473684210527
"Abreu, Wilyer",677800,"BOS",2025,0.4061615370928691,1.4368238353644978,4.371244297544388,-1.655013091407663,-2.310069669043854,-3.5801874582124538,1.7294492972461404,3.28756199633081,195,59,0.30256410256410243,0.2908092975045781,0.327602079751734,2,57,0.2923076923076924,0.9661016949152542
"Cruz, Oneil",665833,"PIT",2025,0.6858706148681073,3.8074721680471306,7.789208050110512,-3.9502778404204837,-3.153059594821925,-5.006870802661893,4.3455303273568555,4.468812643352173,274,109,0.39781021897810215,0.3567843477383121,0.4197454076272629,5,104,0.37956204379562053,0.9541284403669725
"Taylor, Tyrone",621438,"NYM",2025,-4.528443676723853,4.971724418396483,4.021850490565137,-5.076389832009828,-3.4739043352791623,-3.977681729619032,5.053108005146645,3.8962981428688734,210,71,0.33809523809523795,0.3485431419586981,0.3588912429964823,6,65,0.3095238095238095,0.9154929577464789
"Tauchman, Mike",643565,"CWS",2025,-1.2189883859190749,-0.17766717753047778,3.2271145630009372,-0.7977492078645614,-3.648353741055449,-3.8863389660094723,0.7964107537566603,2.9122610347223343,178,66,0.37078651685393266,0.41623071565837894,0.3855668724182866,1,65,0.3651685393258428,0.9848484848484849
"Rodríguez, Julio",677594,"SEA",2025,0.7414813734534975,0.8319043325567982,7.854938903476074,-2.4533508075761032,-4.660106722446475,-6.989055844820703,2.487320693857227,5.333639483520275,340,117,0.3441176470588236,0.3363808701450076,0.3543949876848988,3,114,0.33529411764705885,0.9743589743589743
"Meyers, Jake",676694,"HOU",2025,0.1711769604735151,-0.8234849465069446,2.655320460078789,0,-2.484143499605275,-2.952532503694331,0,2.129047557187385,167,55,0.32934131736526956,0.3648831192630811,0.34527682481513133,0,55,0.32934131736526956,1
"Frelick, Sal",686217,"MIL",2025,-1.543854759614442,1.120727573310276,6.909992925249739,-3.4062795833861355,-5.047568101478047,-7.149725868072545,3.30294504818065,4.967508393202171,278,109,0.3920863309352521,0.3962699703256071,0.3920628444461041,4,105,0.37769784172661874,0.963302752293578
"Mullins, Cedric",656775,"MLB",2025,3.4441618251715584,-4.388636968516528,7.622377792929289,0,-4.178215967757728,-8.044833610323293,0,3.6561966418067664,298,126,0.4228187919463087,0.41622713504154135,0.40458367133851514,0,126,0.4228187919463087,1
"Tatis Jr., Fernando",665487,"SD",2025,2.5971611156243797,2.068462681764043,10.728058863787743,-3.188011076672387,-4.942886671490975,-8.000117671699492,3.263528712937892,6.80505164052565,326,114,0.34969325153374214,0.31614558030573314,0.3761186566445766,4,110,0.33742331288343547,0.9649122807017544
"Morel, Christopher",666624,"TB",2025,2.8433741412603073,-1.3918179209059698,4.488258855658392,-0.7755320682478981,-0.869352646150187,-3.641191227330361,0.8090303131563779,1.4403429932680134,129,43,0.33333333333333326,0.25413653801532005,0.29829462768768095,1,42,0.3255813953488373,0.9767441860465116
"Thomas, Alek",677950,"AZ",2025,-1.185531828907263,0.026560151850947077,6.8706150811641535,-1.8270766543770698,-6.229070255694353,-7.021319486252622,1.7835332865072846,5.26434635159629,300,127,0.42333333333333334,0.44957565071789973,0.4345226468157458,2,125,0.41666666666666674,0.984251968503937
"Nootbaar, Lars",663457,"STL",2025,3.9980491990263465,-2.8965229750583656,9.409270152880659,-1.6143887646308355,-3.796832189223478,-8.541491654945434,1.599258134706964,4.0457105451801105,378,127,0.335978835978836,0.3078624379717527,0.31984763700992824,2,125,0.3306878306878306,0.984251968503937
"Castro, Willi",650489,"MLB",2025,-0.15595871015226992,0.6709544905555934,3.6519414865341764,-1.6179560380481268,-2.189944158638318,-3.237098243958594,1.7319285904045492,2.1761241441096377,142,52,0.3661971830985916,0.36252949793533973,0.3702962570846123,2,50,0.352112676056338,0.9615384615384616
"Kwan, Steven",680757,"CLE",2025,-8.431626861438154,6.790884884520767,6.820292891578397,-9.757824400944019,-5.494095352072536,-7.16497476923749,9.39449880633083,4.561360847427427,371,121,0.326145552560647,0.34224316353712797,0.32554127854422615,11,110,0.2964959568733155,0.9090909090909091
"Merrill, Jackson",701538,"SD",2025,-0.7482541992522846,2.6648216021736344,5.375795200963454,-2.350928681833592,-3.7731207183821485,-4.388561681486334,2.4215597747769606,4.631823508883008,247,88,0.3562753036437249,0.36041457016427697,0.39417195802238403,3,85,0.34412955465587053,0.9659090909090909
"Suzuki, Seiya",673548,"CHC",2025,1.046773565067081,-0.6890459802663226,2.9687727850648526,-0.7860127574414347,-1.1359864625563358,-2.5618252136551827,0.7761027703311254,1.096676463057734,119,39,0.32773109243697474,0.3006647776490899,0.30674613198810735,1,38,0.31932773109243695,0.9743589743589743
"Castellanos, Nick",592206,"PHI",2025,-1.4503609001237288,-1.5426271239484215,7.91683193912079,-2.5366634105765726,-6.8305294286679406,-8.744941728457531,2.3916521103022137,4.810662494206893,326,119,0.3650306748466255,0.38421992985470316,0.34756634240163065,3,116,0.35582822085889576,0.9747899159663865
"Harris II, Michael",671739,"ATL",2025,2.2990917098383568,-0.9876726709145612,7.346046405699344,0,-5.046954695860985,-6.3889157903236455,0,5.401243119409086,351,127,0.3618233618233617,0.37303118391939366,0.3890925458341925,0,127,0.3618233618233617,1
"Caglianone, Jac",695506,"KC",2025,1.5026970016191965,-0.6001541553280275,2.8580297753648782,0,-1.3553327737456822,-2.4732140016913076,0,1.8730598463632813,116,38,0.3275862068965517,0.327292598026881,0.3567959730736992,0,38,0.3275862068965517,1
"Verdugo, Alex",657077,"ATL",2025,1.1231766673129653,-0.6414576010268973,3.2368613234550363,-0.8570283036550403,-1.2566563524870302,-2.9288038760824957,0.8381205359116332,1.4492257391439645,120,42,0.3499999999999999,0.3227398445278935,0.33618310898094367,1,41,0.3416666666666666,0.9761904761904762
"Robert Jr., Luis",673357,"CWS",2025,-0.9260281598908733,0.6909152403243717,5.194390858342622,-1.6276256556474225,-4.492793362586073,-4.813216484446066,1.5972191163843488,3.906912608386089,229,90,0.3930131004366813,0.4137842446500218,0.4069726964046052,2,88,0.38427947598253276,0.9777777777777777
"Barger, Addison",680718,"TOR",2025,-1.913135580171434,3.9432041135921403,3.731893514376301,-3.9478678434356724,-1.697161251112063,-2.3471960818105155,4.1478744359852175,2.1425257594174374,118,45,0.3813559322033899,0.32889388235973954,0.3873975528662593,5,40,0.3389830508474575,0.8888888888888888
"Laureano, Ramón",657656,"MLB",2025,-3.2217012230421176,3.3681020179076624,6.0434322559470735,-4.848381413501322,-4.416752065487866,-5.941705906534031,4.754585343442635,4.555222580999056,280,97,0.34642857142857136,0.348210977464499,0.34861719972317956,6,91,0.3249999999999998,0.9381443298969072
"Chourio, Jackson",694192,"MIL",2025,0.19154741612872245,-1.248463846581786,6.533288877650555,-0.7908431222906322,-5.550898339231201,-6.992866138569855,0.8067970693331245,4.937605222654949,309,102,0.33009708737864113,0.3541482278722145,0.33824782754276383,1,101,0.3268608414239484,0.9901960784313726
"Reynolds, Bryan",668804,"PIT",2025,2.227975748884712,-2.069397318078966,6.558098511000295,-0.7728403808621787,-3.5572823812534047,-6.2599343661528755,0.7781889520587748,3.4123480960151356,266,98,0.3684210526315791,0.35877841449192877,0.3609552905603284,1,97,0.3646616541353382,0.9897959183673469
"Langford, Wyatt",694671,"TEX",2025,-1.9101546003144163,0.44871377736965107,5.025618038506229,-2.463528496906334,-4.472244141914311,-5.456534490558637,2.320645840790118,3.5846024271381705,322,94,0.2919254658385093,0.315366266058278,0.29787876728756746,3,91,0.2826086956521739,0.9680851063829787
"Butler, Lawrence",671732,"ATH",2025,1.1652599478121513,-1.902911308551653,5.650432979258048,-0.8164655208046085,-3.6687075106412883,-6.349532898395207,0.7904286914154293,3.656192898428125,287,104,0.36236933797909415,0.3700217368264631,0.3644786083294362,1,103,0.3588850174216029,0.9903846153846154
"Lux, Gavin",666158,"CIN",2025,-0.21839263544714022,0.00030390916504963866,1.9093141871613368,-0.8603232122454354,-1.267383610363043,-1.9695916891916934,0.867739170449836,1.1021564279069074,121,47,0.38842975206611585,0.3996421302165682,0.3913079857809977,1,46,0.3801652892561984,0.9787234042553191
"Lowe, Josh",666139,"TB",2025,1.2694476832054367,-1.7429419368804107,5.877403701451174,-0.8904702398116435,-3.7174857784340913,-5.797473362359213,0.8608157121587918,3.193715713320014,214,79,0.36915887850467266,0.36794989470725004,0.3585771234329286,1,78,0.3644859813084111,0.9873417721518988
"Waters, Drew",671221,"KC",2025,1.9099116348779783,-1.6674837935026807,4.524560292274987,-0.7607963397167947,-1.8538523176802126,-4.32130748478261,0.7853980753315752,1.8684256159483525,172,55,0.319767441860465,0.2812894876201628,0.28955806511831417,1,54,0.3139534883720932,0.9818181818181818
"Happ, Ian",664023,"CHC",2025,-2.168087999316128,0.5428484766547604,5.890655861667248,-2.3942295231047206,-5.664514337878659,-6.5386870174059,2.3266243824216764,4.754911111638987,363,100,0.27548209366391174,0.30295305728846567,0.2833870457555607,3,97,0.26721763085399464,0.97
"Greene, Riley",682985,"DET",2025,1.5921117013664385,-3.710555132428767,7.3815678240084575,-0.7552230522879688,-5.034233070354055,-8.28455315413031,0.7619288699383809,3.812069151763162,343,122,0.35568513119533535,0.36312697692721496,0.33806554163929226,1,121,0.35276967930029157,0.9918032786885246
"Taylor, Michael A.",572191,"CWS",2025,1.3210128406018427,-0.6728211365913792,4.671815218734574,0,-3.3508023781327334,-4.2375508823731485,0,3.5647297457817704,208,74,0.35576923076923084,0.370056474547107,0.3836607647219747,0,74,0.35576923076923084,1
"Fraley, Jake",641584,"MLB",2025,1.7025358907389765,-1.7735897761757091,3.930916663036614,-0.8112265764473129,-1.417154195850325,-3.9196551131213293,0.8302300082989461,1.3158353286466746,143,57,0.3986013986013987,0.3628011881410945,0.362690053376107,1,56,0.3916083916083915,0.9824561403508771
"Ward, Taylor",621493,"LAA",2025,1.1412136518516538,-2.227229009385241,10.075262830086176,-2.5304283098167097,-6.403620868417817,-10.320772672724797,2.5086667929688966,5.584876870370662,458,153,0.33406113537117904,0.334735352998671,0.32434788780504714,3,150,0.3275109170305678,0.9803921568627451
"Simpson, Chandler",802415,"TB",2025,0.05452621808603132,-0.9882414771666925,6.036905490861455,-2.471100339263281,-3.511278933512144,-6.634579699703942,2.5041351687654094,3.1422030537718397,244,95,0.3893442622950818,0.3769218196388637,0.36405438000863594,3,92,0.37704918032786894,0.968421052631579
"Duran, Jarren",680776,"BOS",2025,-4.846909821972993,3.64684485830116,8.383149016810401,-6.826501112264209,-6.403557726519186,-8.5328109935679,6.789273481937674,5.390382369931392,434,141,0.32488479262672826,0.336229742640162,0.3250291859762141,8,133,0.30645161290322587,0.9432624113475178
"Benintendi, Andrew",643217,"CWS",2025,1.463846959215384,-2.919123780075372,4.347184601616339,0,-2.883337642400956,-5.277953873232618,0,2.358830093157247,189,62,0.328042328042328,0.34728774828584613,0.31652123182615716,0,62,0.328042328042328,1
"Bader, Harrison",664056,"MLB",2025,1.4145111763688174,-0.3385543499974198,8.898800661468858,-3.4066601226096913,-4.077629362490346,-8.279617885308957,3.3667892581742223,4.574274277137314,345,126,0.3652173913043478,0.34225124989668587,0.3550060880831846,4,122,0.3536231884057972,0.9682539682539683
"Soderstrom, Tyler",691016,"ATH",2025,2.778282460395211,-1.5081317433325105,8.254891517763824,-3.283252898783279,-2.1933561585853396,-7.471629844189828,3.3217234731804535,2.641774627676861,253,91,0.35968379446640314,0.3016347330071937,0.31933059825815396,4,87,0.3438735177865612,0.9560439560439561
"Carroll, Corbin",682998,"AZ",2025,0.6198173663340809,-2.626904589820516,10.180411346958438,-4.1992593180729925,-5.3613346625513625,-10.76120657053952,3.9639923588482917,4.170309621870709,369,148,0.4010840108401086,0.3870893799886448,0.3654624253334551,5,143,0.3875338753387532,0.9662162162162162