"last_name, first_name","resp_fielder_id","year","outs_above_average","outs_per_play","rel_league_burst_distance","rel_league_reaction_distance","rel_league_routing_distance","rel_league_bootup_distance","f_bootup_distance","n","n_outs"
"Abreu, Wilyer","677800","2025","7","60.9","0.9","0.9","-0.1","1.7","35.6","64","39"
"Acuña Jr., Ronald","660670","2025","-9","12.5","-1.9","-1.7","0.9","-2.7","31","40","5"
"Adell, Jo","666176","2025","-9","35.5","-2.8","-1.6","0.2","-4.2","29.9","62","22"
"Arozarena, Randy","668227","2025","-5","41.9","-1.4","-0.9","0.3","-2","31.6","74","31"
"Bader, Harrison","664056","2025","7","67.6","1","-0.8","0.4","0.6","34.6","68","46"
"Baldwin, Brooks","681460","2025","-2","44.4","-1.4","0.6","-0.1","-1","32.5","36","16"
"Beck, Jordan","687597","2025","-1","38.2","-0.2","-0.7","0.2","-0.8","31.8","76","29"
"Bellinger, Cody","641355","2025","4","54.1","1","-0.1","0.2","1.2","35.3","85","46"
"Benintendi, Andrew","643217","2025","-7","35.3","-2.2","-0.5","0","-2.8","31","34","12"
"Benson, Will","666181","2025","1","65.1","-0.6","-1.3","0","-1.9","31.8","43","28"
"Bleday, JJ","668709","2025","-5","39.7","0.1","0.3","-0.2","0.3","34.2","58","23"
"Butler, Lawrence","671732","2025","2","49.2","-0.3","-0.9","0.2","-0.9","33.6","65","32"
"Buxton, Byron","621439","2025","0","50.9","0","-1.6","1","-0.6","34.8","57","29"
"Call, Alex","669743","2025","1","52.3","0.1","1.6","-0.3","1.3","35.7","44","23"
"Canario, Alexander","672744","2025","0","44.1","-0.4","0","0.2","-0.2","34.3","34","15"
"Carlson, Dylan","666185","2025","-3","28.2","-0.5","-1.2","0.9","-0.7","33.1","39","11"
"Carroll, Corbin","682998","2025","9","64","0.5","1.7","-1.3","1","34.9","75","48"
"Castellanos, Nick","592206","2025","-9","25.4","-2","0","-0.4","-2.4","31","59","15"
"Chourio, Jackson","694192","2025","3","46.9","0.3","1","-0.1","1.2","35.8","64","30"
"Clarke, Denzel","672016","2025","11","73.3","2.1","-0.3","0.8","2.6","37","45","33"
"Collins, Isaac","686555","2025","4","51.9","1.4","4","-2.1","3.3","37.3","52","27"
"Conforto, Michael","624424","2025","-2","41.7","-2","-0.1","-0.3","-2.5","30.3","48","20"
"Cowser, Colton","681297","2025","-2","43.2","-0.8","-0.3","-0.5","-1.6","33.3","44","19"
"Crews, Dylan","686611","2025","1","49","0.9","0.8","-0.1","1.6","35.5","49","24"
"Crow-Armstrong, Pete","691718","2025","25","77.8","2.7","1.7","-0.3","4.1","38.8","81","63"
"Cruz, Oneil","665833","2025","-2","39.4","-0.4","-0.6","0.1","-0.9","33.8","71","28"
"Domínguez, Jasson","691176","2025","-10","30.9","-1.4","-1.1","0.5","-2","31.2","55","17"
"Doyle, Brenton","686668","2025","6","54","0.7","-1.2","0.9","0.3","35","100","54"
"Duran, Jarren","680776","2025","1","51.7","0.4","0.9","-0.5","0.8","33.4","89","46"
"Frelick, Sal","686217","2025","5","58.5","0.5","0.1","-0.1","0.5","35.1","65","38"
"Friedl, TJ","670770","2025","-1","45.7","-1","0","-0.2","-1.3","33","70","32"
"García, Adolis","666969","2025","4","51.4","0.7","0.5","0.3","1.5","35","72","37"
"Greene, Riley","682985","2025","2","51.5","0","0.8","-0.3","0.5","34.6","68","35"
"Grisham, Trent","663757","2025","0","50.8","-0.8","1.3","-0.8","-0.2","34.5","63","32"
"Gurriel Jr., Lourdes","666971","2025","-4","42.9","-0.9","0.4","0","-0.5","33.1","49","21"
"Happ, Ian","664023","2025","-2","46.9","-0.5","-0.2","0.4","-0.3","33","64","30"
"Harris II, Michael","671739","2025","6","61.8","0.6","0.1","0","0.7","35.1","89","55"
"Hernández, Teoscar","606192","2025","-6","37.3","-0.6","-0.5","0.8","-0.3","32.9","67","25"
"Isbel, Kyle","664728","2025","9","65.2","1.2","2","-1.2","2","37","66","43"
"Jones, Nolan","666134","2025","-1","37.5","-0.6","-1.8","0.8","-1.7","31","40","15"
"Judge, Aaron","592450","2025","2","61.2","-0.1","-0.1","-0.1","-0.4","32.5","49","30"
"Kepler, Max","596146","2025","-2","45","-0.7","-1.1","0.9","-0.9","32.4","60","27"
"Kwan, Steven","680757","2025","5","56.3","0.7","-0.8","0.6","0.5","34.3","71","40"
"Langford, Wyatt","694671","2025","8","62.5","1","0.2","0.2","1.4","35.6","80","50"
"Laureano, Ramón","657656","2025","-6","42.6","-0.5","0","0.1","-0.4","33","47","20"
"Lee, Jung Hoo","808982","2025","-3","38.3","-0.4","-0.2","-0.1","-0.7","33.8","60","23"
"Lile, Daylen","695734","2025","-6","21.4","-0.2","-0.8","0.4","-0.6","33.2","42","9"
"Lowe, Josh","666139","2025","-3","39.5","-0.8","-0.8","0.7","-0.9","32.4","38","15"
"Lukes, Nathan","664770","2025","2","49.2","-0.2","-0.5","0.5","-0.1","32.8","65","32"
"Mangum, Jake","663968","2025","5","60","0.4","-0.3","-0.2","-0.1","34.1","40","24"
"Marsh, Brandon","669016","2025","-2","45.6","0.3","-0.7","0.5","0","34.3","68","31"
"Martínez, Angel","682657","2025","-3","43.6","-0.8","-0.7","0.4","-1","33.4","39","17"
"Meadows, Parker","678009","2025","2","66.7","0.8","1.9","-1.2","1.4","36.4","33","22"
"Merrill, Jackson","701538","2025","1","50.9","0.3","0.3","-0.7","0","35.2","57","29"
"Meyers, Jake","676694","2025","8","67.8","0.3","-0.1","0.5","0.7","35.4","59","40"
"Moniak, Mickey","666160","2025","-6","38.8","-0.8","-1","0.2","-1.6","32.6","67","26"
"Mullins, Cedric","656775","2025","1","42.4","-0.4","-1.1","0.9","-0.6","34","66","28"
"Myers, Dane","667472","2025","3","55.8","0.7","1.7","-0.7","1.6","35.9","43","24"
"Nimmo, Brandon","607043","2025","-3","39","-0.4","-0.3","0.4","-0.3","32.9","59","23"
"Nootbaar, Lars","663457","2025","-2","36.2","-1.2","-0.9","0.4","-1.8","31.3","58","21"
"Pages, Andy","681624","2025","7","59","1.4","0.8","-0.1","2.1","36.2","83","49"
"Pham, Tommy","502054","2025","-1","46.4","0.1","-0.3","0.1","-0.1","33.2","56","26"
"Profar, Jurickson","595777","2025","-4","36.1","-1.8","0.3","-0.3","-1.8","32.1","36","13"
"Pérez, Wenceel","672761","2025","2","48.8","0.7","0.2","0.2","1","34.4","43","21"
"Rafaela, Ceddanne","678882","2025","19","72.4","2.7","3.4","-1","5.1","39.6","76","55"
"Ramos, Heliot","671218","2025","-7","34.2","-0.4","0","-0.4","-0.9","32.7","76","26"
"Reynolds, Bryan","668804","2025","-2","39","-0.9","-0.8","0.5","-1.2","31.7","59","23"
"Robert Jr., Luis","673357","2025","6","66.7","0.4","-0.5","0.3","0.3","35.2","48","32"
"Rodríguez, Julio","677594","2025","6","63.6","0.9","-1.3","0.7","0.3","35","88","56"
"Scott II, Victor","687363","2025","13","72.2","1.7","-1.2","0.9","1.4","36.1","79","57"
"Simpson, Chandler","802415","2025","-2","40","0.6","0.5","-0.7","0.3","34.5","45","18"
"Smith, Cam","701358","2025","0","52.5","0.9","0.2","-0.1","1","35","61","32"
"Soderstrom, Tyler","691016","2025","3","54.5","0.3","0.1","0.1","0.5","34.3","55","30"
"Soto, Juan","665742","2025","-10","27.9","-1.2","-0.5","0.2","-1.6","31.8","61","17"
"Stowers, Kyle","669065","2025","-2","36.7","-1","0.5","-0.4","-1","32.7","49","18"
"Straw, Myles","664702","2025","8","65.3","0.6","0.2","0.4","1.2","35.8","49","32"
"Sánchez, Jesús","660821","2025","-1","50.9","0.1","1.3","-0.5","0.8","33.5","57","29"
"Tatis Jr., Fernando","665487","2025","6","58.3","0.6","-0.4","0.2","0.5","33.8","96","56"
"Tauchman, Mike","643565","2025","-1","50","-0.9","0.8","-0.5","-0.6","32.8","38","19"
"Taveras, Leody","665750","2025","0","54.3","-0.5","0.3","-0.8","-1","32.8","35","19"
"Taylor, Michael A.","572191","2025","2","53.7","0.8","-0.1","0.2","0.8","35.2","41","22"
"Taylor, Tyrone","621438","2025","1","55.6","-0.1","-0.2","-0.5","-0.7","33.8","54","30"
"Teodosio, Bryce","669326","2025","8","71.4","2.4","1.3","0","3.7","38.6","35","25"
"Thomas, Alek","677950","2025","-2","46.1","-0.2","1.2","-1.5","-0.5","33.6","89","41"
"Tucker, Kyle","663656","2025","-4","39","-0.9","-0.2","0.2","-0.9","32.1","59","23"
"Varsho, Daulton","662139","2025","6","66.7","2","1.1","0.1","3.2","37.3","39","26"
"Walker, Jordan","691023","2025","-6","31.9","-0.5","-0.5","-0.2","-1.2","31.3","47","15"
"Wallner, Matt","670242","2025","-5","21.1","-1.4","-0.8","0.4","-1.9","30.9","38","8"
"Ward, Taylor","621493","2025","0","43.3","-0.4","0","0.1","-0.3","32.4","67","29"
"Wood, James","695578","2025","-8","28.3","-1.7","0.7","-1.1","-2.1","31.2","46","13"
"Yastrzemski, Mike","573262","2025","-2","44.4","1.1","-0.3","0.4","1.2","35","54","24"
"Young, Jacob","696285","2025","11","65.7","0.9","4.6","-3.4","2.1","36.5","67","44"