"last_name, first_name","player_id","display_team_name","year","primary_pos_formatted","fielding_runs_prevented","outs_above_average","outs_above_average_infront","outs_above_average_lateral_toward3bline","outs_above_average_lateral_toward1bline","outs_above_average_behind","outs_above_average_rhh","outs_above_average_lhh","actual_success_rate_formatted","adj_estimated_success_rate_formatted","diff_success_rate_formatted"
"Abreu, Wilyer","677800","Red Sox","2025","RF","7",8,3,6,-3,2,8,0,"89%","86%","3%"
"Acuña Jr., Ronald","660670","Braves","2025","RF","-10",-11,-4,-3,-3,-1,-5,-6,"80%","86%","-6%"
"Adell, Jo","666176","Angels","2025","CF","-11",-12,-6,-5,-2,0,-7,-5,"87%","91%","-4%"
"Arozarena, Randy","668227","Mariners","2025","LF","-4",-5,1,-3,-3,0,-2,-3,"87%","89%","-2%"
"Bader, Harrison","664056","---","2025","CF","6",7,1,3,4,-2,5,2,"92%","90%","2%"
"Baldwin, Brooks","681460","White Sox","2025","LF","-5",-5,0,0,-4,-1,-3,-2,"84%","87%","-3%"
"Barger, Addison","680718","Blue Jays","2025","3B","-2",-2,1,1,-5,1,-3,1,"87%","88%","-1%"
"Beck, Jordan","687597","Rockies","2025","LF","-2",-2,-1,-1,-2,2,2,-4,"84%","84%","0%"
"Bellinger, Cody","641355","Yankees","2025","LF","6",7,1,2,1,2,2,5,"89%","87%","2%"
"Benintendi, Andrew","643217","White Sox","2025","LF","-7",-8,0,-1,-3,-3,-6,-3,"85%","90%","-5%"
"Benson, Will","666181","Reds","2025","RF","0",0,0,1,-3,1,1,-1,"89%","89%","0%"
"Bleday, JJ","668709","Athletics","2025","CF","-7",-8,-2,-2,-2,-1,-5,-3,"83%","87%","-4%"
"Burleson, Alec","676475","Cardinals","2025","LF","-3",-4,0,-1,-1,-1,-2,-2,"87%","89%","-2%"
"Butler, Lawrence","671732","Athletics","2025","RF","4",4,2,1,3,-1,3,1,"91%","90%","1%"
"Buxton, Byron","621439","Twins","2025","CF","2",3,0,3,-1,0,1,2,"91%","90%","1%"
"Call, Alex","669743","---","2025","RF","0",0,2,-1,-2,0,-1,2,"87%","87%","0%"
"Canario, Alexander","672744","Pirates","2025","LF","-2",-2,0,0,-1,0,-2,0,"86%","87%","-1%"
"Canzone, Dominic","686527","Mariners","2025","RF","-2",-2,0,-2,0,0,-1,-2,"85%","87%","-2%"
"Carlson, Dylan","666185","Orioles","2025","LF","-2",-2,-1,-2,-1,1,-2,0,"82%","84%","-2%"
"Carpenter, Kerry","681481","Tigers","2025","RF","-2",-3,0,-3,0,0,-4,1,"89%","90%","-1%"
"Carroll, Corbin","682998","D-backs","2025","RF","9",10,3,3,3,1,6,4,"91%","88%","3%"
"Carter, Evan","694497","Rangers","2025","CF","3",4,0,1,3,0,2,2,"93%","90%","3%"
"Castellanos, Nick","592206","Phillies","2025","RF","-11",-12,-1,-8,-2,-1,-6,-6,"83%","87%","-4%"
"Castro, Willi","650489","---","2025","2B","0",0,0,0,-1,0,2,-2,"92%","92%","0%"
"Chourio, Jackson","694192","Brewers","2025","CF","3",3,0,2,2,0,4,-1,"89%","88%","1%"
"Clarke, Denzel","672016","Athletics","2025","CF","12",13,1,8,3,1,11,2,"93%","86%","7%"
"Collins, Isaac","686555","Brewers","2025","LF","3",4,2,1,1,-1,-1,4,"87%","85%","2%"
"Conforto, Michael","624424","Dodgers","2025","LF","-7",-8,-3,-1,-4,1,-3,-5,"84%","88%","-4%"
"Cowser, Colton","681297","Orioles","2025","CF","0",0,0,1,-1,1,1,0,"89%","89%","0%"
"Crews, Dylan","686611","Nationals","2025","RF","2",3,-1,3,0,0,1,2,"88%","86%","2%"
"Crow-Armstrong, Pete","691718","Cubs","2025","CF","22",24,3,8,14,-1,12,12,"95%","90%","5%"
"Cruz, Oneil","665833","Pirates","2025","CF","0",0,-1,2,-1,-1,-1,1,"87%","87%","0%"
"Domínguez, Jasson","691176","Yankees","2025","LF","-8",-9,0,-4,-3,-2,-7,-2,"82%","86%","-4%"
"Doyle, Brenton","686668","Rockies","2025","CF","5",6,-3,1,8,0,8,-2,"88%","87%","1%"
"Duran, Jarren","680776","Red Sox","2025","LF","-3",-4,-4,3,-1,-1,0,-3,"85%","86%","-1%"
"Fraley, Jake","641584","---","2025","RF","0",0,-2,-1,2,2,2,-2,"87%","87%","0%"
"Freeman, Tyler","671289","Rockies","2025","RF","-7",-8,-3,-2,-2,0,-5,-2,"81%","87%","-6%"
"Frelick, Sal","686217","Brewers","2025","RF","6",7,3,2,1,1,5,2,"91%","89%","2%"
"Friedl, TJ","670770","Reds","2025","CF","1",1,0,-1,1,1,0,1,"90%","90%","0%"
"García, Adolis","666969","Rangers","2025","RF","1",1,1,3,-1,-2,2,-1,"87%","86%","1%"
"Greene, Riley","682985","Tigers","2025","LF","1",1,2,2,-4,1,1,0,"89%","89%","0%"
"Grisham, Trent","663757","Yankees","2025","CF","-1",-2,1,0,-2,-1,-2,1,"89%","89%","0%"
"Gurriel Jr., Lourdes","666971","D-backs","2025","LF","-3",-4,0,0,-3,-1,-1,-2,"87%","89%","-2%"
"Happ, Ian","664023","Cubs","2025","LF","0",0,1,2,-4,0,1,-1,"90%","90%","0%"
"Harris II, Michael","671739","Braves","2025","CF","7",8,-1,5,3,1,5,3,"92%","90%","2%"
"Hassell III, Robert","690987","Nationals","2025","CF","-1",-1,1,1,-2,-1,0,-2,"92%","92%","0%"
"Hays, Austin","669720","Reds","2025","LF","1",1,1,0,1,0,1,0,"91%","90%","1%"
"Hernández, Teoscar","606192","Dodgers","2025","RF","-8",-9,-3,-6,-1,0,-5,-4,"85%","88%","-3%"
"Isbel, Kyle","664728","Royals","2025","CF","11",12,1,8,3,0,5,7,"94%","90%","4%"
"Jones, Nolan","666134","Guardians","2025","RF","-5",-5,-2,-4,-1,1,-3,-2,"87%","89%","-2%"
"Judge, Aaron","592450","Yankees","2025","RF","4",4,4,-4,3,1,2,3,"92%","90%","2%"
"Kepler, Max","596146","Phillies","2025","LF","0",0,-2,1,0,1,1,0,"86%","86%","0%"
"Kwan, Steven","680757","Guardians","2025","LF","5",5,1,4,-4,4,2,4,"90%","89%","1%"
"Langford, Wyatt","694671","Rangers","2025","LF","9",10,-1,6,6,-1,3,7,"90%","88%","2%"
"Larnach, Trevor","663616","Twins","2025","RF","-4",-4,0,0,-2,-1,-2,-3,"87%","91%","-4%"
"Laureano, Ramón","657656","---","2025","LF","-8",-9,-2,-5,-2,-1,-5,-4,"86%","90%","-4%"
"Lee, Jung Hoo","808982","Giants","2025","CF","-5",-5,-4,-1,-1,1,-4,-1,"88%","89%","-1%"
"Lile, Daylen","695734","Nationals","2025","RF","-7",-8,-2,-6,0,0,-2,-6,"80%","85%","-5%"
"Lowe, Josh","666139","Rays","2025","RF","-4",-4,-1,-1,-2,0,-1,-3,"88%","90%","-2%"
"Lukes, Nathan","664770","Blue Jays","2025","RF","2",3,-3,1,1,3,2,1,"87%","86%","1%"
"Mangum, Jake","663968","Rays","2025","LF","5",6,4,2,2,-2,4,2,"93%","90%","3%"
"Marsee, Jakob","805300","Marlins","2025","CF","4",4,1,1,2,1,1,3,"93%","90%","3%"
"Marsh, Brandon","669016","Phillies","2025","CF","0",0,0,-2,3,0,-1,1,"86%","86%","0%"
"Martínez, Angel","682657","Guardians","2025","CF","-5",-5,-3,0,-1,-1,-2,-3,"89%","91%","-2%"
"McCarthy, Jake","664983","D-backs","2025","LF","3",3,1,1,0,1,2,1,"89%","87%","2%"
"Meadows, Parker","678009","Tigers","2025","CF","4",4,1,3,0,0,2,2,"93%","90%","3%"
"Merrill, Jackson","701538","Padres","2025","CF","2",3,-1,3,0,1,0,2,"91%","90%","1%"
"Meyers, Jake","676694","Astros","2025","CF","8",9,1,5,3,0,5,5,"92%","88%","4%"
"Misner, Kameron","670224","Rays","2025","CF","3",3,1,2,0,0,2,1,"94%","91%","3%"
"Moniak, Mickey","666160","Rockies","2025","RF","-7",-8,-1,-4,-2,-1,-4,-4,"84%","87%","-3%"
"Mullins, Cedric","656775","---","2025","CF","3",4,0,2,2,0,1,3,"89%","88%","1%"
"Myers, Dane","667472","Marlins","2025","CF","1",2,1,-1,2,0,-1,2,"90%","90%","0%"
"Nimmo, Brandon","607043","Mets","2025","LF","-1",-1,1,1,-3,1,-1,0,"87%","88%","-1%"
"Nootbaar, Lars","663457","Cardinals","2025","LF","-1",-1,0,-1,0,0,1,-2,"85%","86%","-1%"
"Pages, Andy","681624","Dodgers","2025","CF","10",11,2,4,5,0,8,3,"92%","89%","3%"
"Perkins, Blake","663368","Brewers","2025","CF","1",1,-1,1,0,1,0,1,"92%","92%","0%"
"Pham, Tommy","502054","Pirates","2025","LF","-2",-2,0,-1,-1,1,-2,0,"86%","87%","-1%"
"Profar, Jurickson","595777","Braves","2025","LF","-6",-6,-1,-2,-3,0,-6,0,"85%","89%","-4%"
"Pérez, Wenceel","672761","Tigers","2025","RF","2",2,1,-1,1,1,0,2,"88%","87%","1%"
"Rafaela, Ceddanne","678882","Red Sox","2025","CF","19",21,4,6,9,1,15,6,"93%","87%","6%"
"Ramos, Heliot","671218","Giants","2025","LF","-8",-9,-3,-4,-2,0,-4,-5,"83%","86%","-3%"
"Reynolds, Bryan","668804","Pirates","2025","RF","-2",-2,2,-6,0,1,0,-3,"86%","87%","-1%"
"Robert Jr., Luis","673357","White Sox","2025","CF","6",7,0,5,3,-1,5,2,"94%","92%","2%"
"Rodríguez, Julio","677594","Mariners","2025","CF","10",11,0,4,5,1,1,10,"93%","91%","2%"
"Scott II, Victor","687363","Cardinals","2025","CF","15",17,-1,8,9,2,10,7,"94%","89%","5%"
"Simpson, Chandler","802415","Rays","2025","CF","-5",-5,-2,-3,-1,1,-2,-3,"85%","88%","-3%"
"Smith, Cam","701358","Astros","2025","RF","1",1,2,-2,1,0,1,0,"89%","89%","0%"
"Soderstrom, Tyler","691016","Athletics","2025","LF","4",5,2,0,1,1,4,1,"90%","88%","2%"
"Soto, Juan","665742","Mets","2025","RF","-11",-12,-3,-3,-4,-2,-10,-2,"83%","87%","-4%"
"Stowers, Kyle","669065","Marlins","2025","LF","-2",-3,0,0,-3,0,0,-3,"86%","87%","-1%"
"Straw, Myles","664702","Blue Jays","2025","CF","9",10,1,3,6,1,6,4,"92%","87%","5%"
"Suzuki, Seiya","673548","Cubs","2025","RF","0",0,0,2,-2,1,-1,1,"89%","89%","0%"
"Sánchez, Jesús","660821","---","2025","RF","-1",-1,0,-2,0,1,0,-1,"88%","88%","0%"
"Tatis Jr., Fernando","665487","Padres","2025","RF","7",8,3,0,1,4,6,2,"89%","87%","2%"
"Tauchman, Mike","643565","White Sox","2025","RF","0",0,1,0,-1,0,2,-2,"88%","89%","-1%"
"Taveras, Leody","665750","---","2025","CF","-1",-1,-1,0,0,0,-1,-1,"86%","87%","-1%"
"Taylor, Michael A.","572191","White Sox","2025","CF","3",3,-1,3,-1,2,2,2,"92%","91%","1%"
"Taylor, Tyrone","621438","Mets","2025","CF","3",3,-1,2,4,-2,1,2,"91%","89%","2%"
"Teodosio, Bryce","669326","Angels","2025","CF","9",10,1,5,3,1,8,2,"93%","87%","6%"
"Thomas, Alek","677950","D-backs","2025","CF","0",0,0,0,2,-1,0,0,"86%","87%","-1%"
"Tucker, Kyle","663656","Cubs","2025","RF","-2",-2,0,-3,1,0,-1,-1,"87%","88%","-1%"
"Varsho, Daulton","662139","Blue Jays","2025","CF","8",9,0,4,4,1,6,3,"94%","89%","5%"
"Walker, Jordan","691023","Cardinals","2025","RF","-4",-4,0,-2,-3,1,-3,-1,"86%","88%","-2%"
"Wallner, Matt","670242","Twins","2025","RF","-3",-4,0,-4,0,0,0,-4,"82%","84%","-2%"
"Ward, Taylor","621493","Angels","2025","LF","0",0,3,1,-1,-2,1,-1,"88%","88%","0%"
"Waters, Drew","671221","Royals","2025","LF","-1",-1,1,0,-1,-1,1,-2,"86%","86%","0%"
"White, Eli","642201","Braves","2025","RF","4",4,1,1,2,1,1,3,"94%","90%","4%"
"Wood, James","695578","Nationals","2025","LF","-6",-7,-1,-5,0,-2,-4,-3,"87%","90%","-3%"
"Yastrzemski, Mike","573262","---","2025","RF","-2",-3,-1,-1,1,-2,4,-7,"87%","88%","-1%"
"Young, Jacob","696285","Nationals","2025","CF","13",14,3,8,3,0,10,4,"92%","88%","4%"