Name,Team,Pos,G,GS,Inn,PO,A,E,FE,TE,DP,DPS,DPT,DPF,Scp,SB,CS,PB,WP,FP,TZ,NameASCII,PlayerId,MLBAMID
"Tommy Pham","PIT","RF",7,2,25,4,0,1,1,0,0,0,0,0,,,,,,0.8,,"Tommy Pham",2967,502054
"Jason Heyward","SDP","RF",5,0,16,4,0,0,0,0,0,0,0,0,,,,,,1,,"Jason Heyward",4940,518792
"Giancarlo Stanton","NYY","RF",15,13,97,24,0,0,0,0,0,0,0,0,,,,,,1,,"Giancarlo Stanton",4949,519317
"Starling Marte","NYM","RF",3,2,15,0,0,0,0,0,0,0,0,0,,,,,,0,,"Starling Marte",9241,516782
"Andrew McCutchen","PIT","RF",6,6,53,10,0,0,0,0,0,0,0,0,,,,,,1,,"Andrew McCutchen",9847,457705
"Mike Trout","LAA","RF",22,22,185,46,2,0,0,0,0,0,0,0,,,,,,1,,"Mike Trout",10155,545361
"Randal Grichuk","- - -","RF",40,25,232.1,45,0,1,0,1,0,0,0,0,,,,,,0.97826087,,"Randal Grichuk",10243,545341
"Mark Canha","KCR","RF",12,7,60,14,0,0,0,0,0,0,0,0,,,,,,1,,"Mark Canha",11445,592192
"Michael A. Taylor","CHW","RF",42,26,225.2,65,0,0,0,0,0,0,0,0,,,,,,1,,"Michael A. Taylor",11489,572191
"Nick Castellanos","PHI","RF",143,138,1208.1,243,4,0,0,0,0,2,0,0,,,,,,1,,"Nick Castellanos",11737,592206
"Joc Pederson","TEX","RF",1,0,3,1,0,0,0,0,0,0,0,0,,,,,,1,,"Joc Pederson",11899,592626
"Nick Martini","COL","RF",15,12,98,25,3,0,0,0,0,0,0,0,,,,,,1,,"Nick Martini",12005,605361
"Jon Berti","CHC","RF",1,0,1,0,0,0,0,0,0,0,0,0,,,,,,0,,"Jon Berti",12037,542932
"Max Kepler","PHI","RF",36,24,229,52,0,1,1,0,0,0,0,0,,,,,,0.98113208,,"Max Kepler",12144,596146
"Eddie Rosario","ATL","RF",1,1,8,3,0,0,0,0,0,0,0,0,,,,,,1,,"Eddie Rosario",12155,592696
"Kevin Pillar","TEX","RF",5,1,13.1,4,0,0,0,0,0,0,0,0,,,,,,1,,"Kevin Pillar",12434,607680
"George Springer","TOR","RF",44,33,283.2,51,1,1,1,0,0,0,0,0,,,,,,0.98113208,,"George Springer",12856,543807
"Teoscar Hernández","LAD","RF",133,132,1106,255,6,2,2,0,0,2,0,0,,,,,,0.99239544,,"Teoscar Hernandez",13066,606192
"Mookie Betts","LAD","RF",1,0,1,1,0,0,0,0,0,0,0,0,,,,,,1,,"Mookie Betts",13611,605141
"Tyrone Taylor","NYM","RF",3,0,4,1,0,0,0,0,0,0,0,0,,,,,,1,,"Tyrone Taylor",13675,621438
"Chris Taylor","- - -","RF",12,8,79,14,1,0,0,0,0,1,0,0,,,,,,1,,"Chris Taylor",13757,621035
"Travis Jankowski","- - -","RF",15,8,71,11,0,0,0,0,0,0,0,0,,,,,,1,,"Travis Jankowski",13768,608671
"Rob Refsnyder","BOS","RF",29,21,176.2,43,2,0,0,0,0,0,0,0,,,,,,1,,"Rob Refsnyder",13770,608701
"Jorge Soler","LAA","RF",40,39,315.2,55,1,0,0,0,0,0,0,0,,,,,,1,,"Jorge Soler",14221,624585
"Anthony Santander","TOR","RF",16,15,123,37,0,0,0,0,0,0,0,0,,,,,,1,,"Anthony Santander",14551,623993
"Manuel Margot","DET","RF",6,5,41.1,10,0,1,1,0,0,0,0,0,,,,,,0.90909091,,"Manuel Margot",14712,622534
"Mike Yastrzemski","- - -","RF",133,114,1013.2,216,11,1,1,0,0,0,0,0,,,,,,0.99561404,,"Mike Yastrzemski",14854,573262
"Jake Bauers","MIL","RF",5,4,30,7,0,0,0,0,0,0,0,0,,,,,,1,,"Jake Bauers",15194,641343
"Adam Frazier","- - -","RF",11,6,51.1,14,0,0,0,0,0,0,0,0,,,,,,1,,"Adam Frazier",15223,624428
"Mike Tauchman","CHW","RF",73,66,571,153,5,0,0,0,0,1,0,0,,,,,,1,,"Mike Tauchman",15274,643565
"Jeff McNeil","NYM","RF",7,2,24,6,0,0,0,0,0,0,0,0,,,,,,1,,"Jeff McNeil",15362,643446
"Hunter Renfroe","KCR","RF",33,26,241.1,51,1,1,1,0,0,0,0,0,,,,,,0.98113208,,"Hunter Renfroe",15464,592669
"Amed Rosario","- - -","RF",6,1,14,3,1,0,0,0,0,0,0,0,,,,,,1,,"Amed Rosario",15518,642708
"Aaron Judge","NYY","RF",95,95,822.1,201,1,1,1,0,0,0,0,0,,,,,,0.99507389,,"Aaron Judge",15640,592450
"Dominic Smith","SFG","RF",1,0,1,0,0,0,0,0,0,0,0,0,,,,,,0,,"Dominic Smith",15653,642086
"Billy McKinney","TEX","RF",4,3,31,8,0,0,0,0,0,0,0,0,,,,,,1,,"Billy McKinney",15654,641856
"Tyler O'Neill","BAL","RF",36,35,295,75,5,2,2,0,0,2,0,0,,,,,,0.97560976,,"Tyler O'Neill",15711,641933
"Tyler Wade","SDP","RF",3,1,10,3,0,0,0,0,0,0,0,0,,,,,,1,,"Tyler Wade",15730,642180
"Miguel Andujar","ATH","RF",3,3,22,6,0,0,0,0,0,0,0,0,,,,,,1,,"Miguel Andujar",15878,609280
"Cody Bellinger","NYY","RF",52,48,416,98,2,0,0,0,0,0,0,0,,,,,,1,,"Cody Bellinger",15998,641355
"Austin Slater","- - -","RF",27,17,165,42,1,2,1,1,0,0,0,0,,,,,,0.95555556,,"Austin Slater",16153,596103
"Pablo Reyes","NYY","RF",8,1,21,6,0,0,0,0,0,0,0,0,,,,,,1,,"Pablo Reyes",16357,622569
"Ryan O'Hearn","- - -","RF",21,16,149,30,0,0,0,0,0,0,0,0,,,,,,1,,"Ryan O'Hearn",16442,656811
"Mauricio Dubón","HOU","RF",3,2,18,4,0,0,0,0,0,0,0,0,,,,,,1,,"Mauricio Dubon",16530,643289
"Connor Joe","CIN","RF",16,9,82,20,1,1,1,0,0,0,0,0,,,,,,0.95454545,,"Connor Joe",16572,656582
"Lane Thomas","CLE","RF",2,1,6,0,0,0,0,0,0,0,0,0,,,,,,0,,"Lane Thomas",16939,657041
"Ramón Laureano","- - -","RF",53,42,365,80,5,4,1,3,0,0,0,0,,,,,,0.95505618,,"Ramon Laureano",17128,657656
"Willi Castro","- - -","RF",44,28,256,47,1,0,0,0,0,1,0,0,,,,,,1,,"Willi Castro",17338,650489
"Myles Straw","TOR","RF",14,4,45,6,0,0,0,0,0,0,0,0,,,,,,1,,"Myles Straw",17620,664702
"Sam Hilliard","COL","RF",5,1,23,4,0,0,0,0,0,0,0,0,,,,,,1,,"Sam Hilliard",17954,656541
"Scott Kingery","LAA","RF",1,0,3,0,0,0,0,0,0,0,0,0,,,,,,0,,"Scott Kingery",17975,664068
"Harrison Bader","MIN","RF",5,5,41,14,0,0,0,0,0,0,0,0,,,,,,1,,"Harrison Bader",18030,664056
"Dylan Moore","- - -","RF",31,19,158.2,33,1,1,0,0,0,0,0,0,,,,,,0.97142857,,"Dylan Moore",18042,664238
"Sam Haggerty","TEX","RF",5,4,39,7,0,0,0,0,0,0,0,0,,,,,,1,,"Sam Haggerty",18054,664059
"Nathan Lukes","TOR","RF",81,46,446.1,105,5,0,0,0,0,2,0,0,,,,,,1,,"Nathan Lukes",18123,664770
"LaMonte Wade Jr.","LAA","RF",21,13,122,29,2,0,0,0,0,0,0,0,,,,,,1,,"LaMonte Wade Jr.",18126,664774
"Seth Brown","ATH","RF",3,1,14,4,0,0,0,0,0,0,0,0,,,,,,1,,"Seth Brown",18171,664913
"Kyle Tucker","CHC","RF",115,115,1001.2,253,5,3,1,1,0,0,0,0,,,,,,0.98850575,,"Kyle Tucker",18345,663656
"Daz Cameron","MIL","RF",12,3,45.1,9,0,0,0,0,0,0,0,0,,,,,,1,,"Daz Cameron",18353,663662
"Victor Robles","SEA","RF",29,26,240.1,52,1,0,0,0,0,1,0,0,,,,,,1,,"Victor Robles",18363,645302
"Ronald Acuña Jr.","ATL","RF",91,89,779.2,164,5,2,2,0,0,2,0,0,,,,,,0.98830409,,"Ronald Acuna Jr.",18401,660670
"José Azócar","- - -","RF",4,1,14,4,0,0,0,0,0,0,0,0,,,,,,1,,"Jose Azocar",18821,640492
"Jahmai Jones","DET","RF",18,2,42,11,0,1,1,0,0,0,0,0,,,,,,0.91666667,,"Jahmai Jones",18872,663330
"Leody Taveras","SEA","RF",25,23,214,52,1,1,1,0,0,0,0,0,,,,,,0.98148148,,"Leody Taveras",18900,665750
"Cavan Biggio","KCR","RF",8,5,42,8,0,0,0,0,0,0,0,0,,,,,,1,,"Cavan Biggio",19252,624415
"Jake Fraley","- - -","RF",62,51,441.1,115,4,2,1,1,0,0,0,0,,,,,,0.98347107,,"Jake Fraley",19260,641584
"Garrett Hampson","STL","RF",7,1,22,2,0,0,0,0,0,0,0,0,,,,,,1,,"Garrett Hampson",19262,641658
"Adolis García","TEX","RF",128,127,1124,268,6,2,1,1,0,1,0,0,,,,,,0.99275362,,"Adolis Garcia",19287,666969
"Alex Call","- - -","RF",50,42,375,96,3,0,0,0,0,0,0,0,,,,,,1,,"Alex Call",19296,669743
"Bryan Reynolds","PIT","RF",117,117,1004,244,4,2,1,1,0,0,0,0,,,,,,0.992,,"Bryan Reynolds",19326,668804
"Eli White","ATL","RF",48,38,351.2,89,1,0,0,0,0,0,0,0,,,,,,1,,"Eli White",19346,642201
"Luke Raley","SEA","RF",37,20,206.2,42,1,1,0,1,0,0,0,0,,,,,,0.97727273,,"Luke Raley",19354,670042
"Zach McKinstry","DET","RF",30,20,200,37,1,0,0,0,0,0,0,0,,,,,,1,,"Zach McKinstry",19392,656716
"Cooper Hummel","BAL","RF",1,0,2,0,0,0,0,0,0,0,0,0,,,,,,0,,"Cooper Hummel",19458,669450
"Chas McCormick","HOU","RF",18,2,41.2,7,0,0,0,0,0,0,0,0,,,,,,1,,"Chas McCormick",19599,676801
"Bryan De La Cruz","ATL","RF",1,0,1,0,0,0,0,0,0,0,0,0,,,,,,0,,"Bryan De La Cruz",19600,650559
"Brent Rooker","ATH","RF",21,20,162,31,2,1,1,0,0,1,0,0,,,,,,0.97058824,,"Brent Rooker",19627,667670
"Daniel Johnson","- - -","RF",10,3,35,12,0,0,0,0,0,0,0,0,,,,,,1,,"Daniel Johnson",19643,669288
"Fernando Tatis Jr.","SDP","RF",153,153,1299,351,5,3,2,1,0,4,0,0,,,,,,0.99164345,,"Fernando Tatis Jr.",19709,665487
"Joshua Palacios","CHW","RF",36,28,231.1,52,0,1,1,0,0,0,0,0,,,,,,0.98113208,,"Joshua Palacios",19818,641943
"Luis Rengifo","LAA","RF",7,1,14.1,2,1,0,0,0,0,0,0,0,,,,,,1,,"Luis Rengifo",19858,650859
"Jesús Sánchez","- - -","RF",101,82,723.2,171,1,4,3,1,0,0,0,0,,,,,,0.97727273,,"Jesus Sanchez",19913,660821
"Josh Lowe","TBR","RF",103,97,854.1,186,3,1,0,1,0,2,0,0,,,,,,0.99473684,,"Josh Lowe",19953,666139
"Mickey Moniak","COL","RF",72,58,510,127,2,3,2,1,0,1,0,0,,,,,,0.97727273,,"Mickey Moniak",19956,666160
"Taylor Trammell","HOU","RF",3,1,10.1,2,0,0,0,0,0,0,0,0,,,,,,1,,"Taylor Trammell",19960,666211
"Santiago Espinal","CIN","RF",6,5,39,6,0,1,1,0,0,0,0,0,,,,,,0.85714286,,"Santiago Espinal",19997,669289
"Bryce Johnson","SDP","RF",10,0,31,6,0,0,0,0,0,0,0,0,,,,,,1,,"Bryce Johnson",20002,669369
"Miles Mastrobuoni","SEA","RF",15,8,72.1,17,0,0,0,0,0,0,0,0,,,,,,1,,"Miles Mastrobuoni",20017,670156
"Juan Soto","NYM","RF",157,157,1374,249,8,1,1,0,0,1,0,0,,,,,,0.99612403,,"Juan Soto",20123,665742
"Dylan Carlson","BAL","RF",17,8,84.1,24,0,0,0,0,0,0,0,0,,,,,,1,,"Dylan Carlson",20126,666185
"Brandon Marsh","PHI","RF",2,0,3,1,0,0,0,0,0,0,0,0,,,,,,1,,"Brandon Marsh",20202,669016
"Jo Adell","LAA","RF",69,62,535,129,3,2,2,0,0,1,0,0,,,,,,0.98507463,,"Jo Adell",20220,666176
"Stuart Fairchild","ATL","RF",16,8,78.2,22,3,0,0,0,0,0,0,0,,,,,,1,,"Stuart Fairchild",20321,656413
"Drew Waters","KCR","RF",21,14,130.1,30,0,1,1,0,0,0,0,0,,,,,,0.96774194,,"Drew Waters",20505,671221
"Nolan Jones","CLE","RF",101,72,621.2,139,5,1,1,0,0,0,0,0,,,,,,0.99310345,,"Nolan Jones",20529,666134
"Vidal Bruján","- - -","RF",6,3,32,10,0,0,0,0,0,0,0,0,,,,,,1,,"Vidal Brujan",20536,660644
"CJ Alexander","ATH","RF",1,0,4,2,0,0,0,0,0,0,0,0,,,,,,1,,"CJ Alexander",20557,680769
"Kody Clemens","MIN","RF",11,7,63,12,1,0,0,0,0,0,0,0,,,,,,1,,"Kody Clemens",20572,665019
"Oscar Gonzalez","SDP","RF",5,2,24,1,1,0,0,0,0,0,0,0,,,,,,1,,"Oscar Gonzalez",20970,660757
"Leo Rivas","SEA","RF",1,1,9,3,0,0,0,0,0,0,0,0,,,,,,1,,"Leo Rivas",21009,660844
"Sean Bouchard","COL","RF",17,10,88,18,0,1,1,0,0,0,0,0,,,,,,0.94736842,,"Sean Bouchard",21270,656248
"Lars Nootbaar","STL","RF",23,23,198,51,1,0,0,0,0,0,0,0,,,,,,1,,"Lars Nootbaar",21454,663457
"Brandon Lockridge","- - -","RF",10,7,68,18,1,0,0,0,0,0,0,0,,,,,,1,,"Brandon Lockridge",21496,663604
"Trevor Larnach","MIN","RF",44,36,310,80,1,0,0,0,0,0,0,0,,,,,,1,,"Trevor Larnach",21501,663616
"Matt Vierling","DET","RF",3,2,13,2,0,0,0,0,0,0,0,0,,,,,,1,,"Matt Vierling",21558,663837
"Jake McCarthy","ARI","RF",11,10,85,29,0,0,0,0,0,0,0,0,,,,,,1,,"Jake McCarthy",21622,664983
"Griffin Conine","MIA","RF",8,7,64,11,1,0,0,0,0,0,0,0,,,,,,1,,"Griffin Conine",21626,665052
"Nick Maton","CHW","RF",1,0,1,1,0,0,0,0,0,0,0,0,,,,,,1,,"Nick Maton",21635,665155
"Oswaldo Cabrera","NYY","RF",1,0,1,0,0,0,0,0,0,0,0,0,,,,,,0,,"Oswaldo Cabrera",21707,665828
"Enmanuel Valdez","PIT","RF",1,0,0.1,0,0,0,0,0,0,0,0,0,,,,,,0,,"Enmanuel Valdez",21716,665839
"José Fermín","STL","RF",1,1,8,2,0,0,0,0,0,0,0,0,,,,,,1,,"Jose Fermin",21746,665877
"Esteury Ruiz","LAD","RF",5,1,18,6,0,0,0,0,0,0,0,0,,,,,,1,,"Esteury Ruiz",21780,665923
"Carlos Cortes","ATH","RF",22,16,140,22,1,1,1,0,0,0,0,0,,,,,,0.95833333,,"Carlos Cortes",21842,666126
"Will Benson","CIN","RF",40,28,264.2,81,0,1,0,1,0,0,0,0,,,,,,0.98780488,,"Will Benson",21853,666181
"Jerar Encarnacion","SFG","RF",14,11,95,24,0,0,0,0,0,0,0,0,,,,,,1,,"Jerar Encarnacion",21871,666464
"Christopher Morel","TBR","RF",2,1,12,2,0,0,0,0,0,0,0,0,,,,,,1,,"Christopher Morel",21897,666624
"Dane Myers","MIA","RF",31,18,175,37,2,2,1,1,0,0,0,0,,,,,,0.95121951,,"Dane Myers",22054,667472
"Ryan Vilade","STL","RF",4,3,29,7,0,0,0,0,0,0,0,0,,,,,,1,,"Ryan Vilade",22165,668723
"Akil Baddoo","DET","RF",2,1,12,1,0,0,0,0,0,0,0,0,,,,,,1,,"Akil Baddoo",22168,668731
"MJ Melendez","KCR","RF",6,4,28,6,0,0,0,0,0,0,0,0,,,,,,1,,"MJ Melendez",22197,669004
"Jeremiah Jackson","BAL","RF",34,31,250,62,3,1,1,0,0,0,0,0,,,,,,0.98484848,,"Jeremiah Jackson",22239,669236
"Jack Suwinski","PIT","RF",15,12,113.1,27,1,0,0,0,0,0,0,0,,,,,,1,,"Jack Suwinski",22244,669261
"Samad Taylor","SEA","RF",2,2,17,5,0,0,0,0,0,0,0,0,,,,,,1,,"Samad Taylor",22274,669392
"Johnathan Rodríguez","CLE","RF",26,20,174.1,39,0,3,3,0,0,0,0,0,,,,,,0.92857143,,"Johnathan Rodriguez",22530,671286
"Tyler Freeman","COL","RF",66,60,508.1,105,2,1,1,0,0,0,0,0,,,,,,0.99074074,,"Tyler Freeman",22532,671289
"George Valera","CLE","RF",5,4,32,5,0,0,0,0,0,0,0,0,,,,,,1,,"George Valera",22541,671655
"Lawrence Butler","ATH","RF",92,89,781,218,4,1,0,1,0,1,0,0,,,,,,0.9955157,,"Lawrence Butler",22542,671732
"Jarred Kelenic","ATL","RF",22,20,160,32,0,2,1,1,0,0,0,0,,,,,,0.94117647,,"Jarred Kelenic",22558,672284
"Gustavo Campero","LAA","RF",22,14,137.2,35,2,1,1,0,0,0,0,0,,,,,,0.97368421,,"Gustavo Campero",22707,672569
"Maikel Garcia","KCR","RF",1,1,8,1,0,0,0,0,0,0,0,0,,,,,,1,,"Maikel Garcia",22715,672580
"Alexander Canario","PIT","RF",24,13,137.1,45,1,0,0,0,0,1,0,0,,,,,,1,,"Alexander Canario",22842,672744
"Wenceel Pérez","DET","RF",81,71,625.1,130,5,3,2,1,0,0,0,0,,,,,,0.97826087,,"Wenceel Perez",22857,672761
"Ryan Noda","- - -","RF",6,4,35,9,1,0,0,0,0,0,0,0,,,,,,1,,"Ryan Noda",23312,676116
"José Barrero","STL","RF",2,0,3,0,0,0,0,0,0,0,0,0,,,,,,0,,"Jose Barrero",23378,676480
"Eric Wagaman","MIA","RF",3,1,12,4,0,0,0,0,0,0,0,0,,,,,,1,,"Eric Wagaman",23395,676572
"José Caballero","- - -","RF",38,21,210.2,50,2,1,1,0,0,1,0,0,,,,,,0.98113208,,"Jose Caballero",23401,676609
"Everson Pereira","TBR","RF",2,2,16,1,0,0,0,0,0,0,0,0,,,,,,1,,"Everson Pereira",23695,677592
"Ezequiel Duran","TEX","RF",8,3,35,9,1,0,0,0,0,0,0,0,,,,,,1,,"Ezequiel Duran",23733,677649
"Wilyer Abreu","BOS","RF",104,95,847.1,215,7,5,4,1,0,3,0,0,,,,,,0.97797357,,"Wilyer Abreu",23772,677800
"Jordyn Adams","BAL","RF",2,0,4,0,0,0,0,0,0,0,0,0,,,,,,0,,"Jordyn Adams",23788,677941
"Jihwan Bae","PIT","RF",1,1,8,2,0,0,0,0,0,0,0,0,,,,,,1,,"Jihwan Bae",23818,678225
"Jorge Barrosa","ARI","RF",4,3,26,7,0,0,0,0,0,0,0,0,,,,,,1,,"Jorge Barrosa",23968,678489
"Jhonkensy Noel","CLE","RF",60,28,300,77,4,0,0,0,0,2,0,0,,,,,,1,,"Jhonkensy Noel",24257,678877
"Max Schuemann","ATH","RF",2,0,2,0,0,0,0,0,0,0,0,0,,,,,,0,,"Max Schuemann",24488,680474
"DaShawn Keirsey Jr.","MIN","RF",31,4,93.1,15,1,0,0,0,0,0,0,0,,,,,,1,,"DaShawn Keirsey Jr.",24496,680577
"Richie Palacios","TBR","RF",2,0,8,1,0,0,0,0,0,0,0,0,,,,,,1,,"Richie Palacios",24589,680700
"Addison Barger","TOR","RF",57,49,413,88,9,3,2,1,0,3,0,0,,,,,,0.97,,"Addison Barger",24598,680718
"Jarren Duran","BOS","RF",2,0,3,1,0,0,0,0,0,0,0,0,,,,,,1,,"Jarren Duran",24617,680776
"James Outman","- - -","RF",15,4,62,15,0,0,0,0,0,0,0,0,,,,,,1,,"James Outman",24770,681546
"Andy Pages","LAD","RF",51,22,243,59,1,0,0,0,0,1,0,0,,,,,,1,,"Andy Pages",24816,681624
"Heriberto Hernández","MIA","RF",13,9,80,24,0,1,1,0,0,0,0,0,,,,,,0.96,,"Heriberto Hernandez",24878,681715
"Nate Eaton","BOS","RF",16,9,91,10,1,0,0,0,0,1,0,0,,,,,,1,,"Nate Eaton",25055,681987
"Daniel Schneemann","CLE","RF",15,6,59,16,0,0,0,0,0,0,0,0,,,,,,1,,"Daniel Schneemann",25180,682177
"Drew Avans","ATH","RF",1,0,2,1,0,0,0,0,0,0,0,0,,,,,,1,,"Drew Avans",25183,682183
"Ronny Simon","PIT","RF",4,4,31.2,5,0,1,1,0,0,0,0,0,,,,,,0.83333333,,"Ronny Simon",25346,682927
"Greg Jones","CHW","RF",1,0,2,2,0,0,0,0,0,0,0,0,,,,,,1,,"Greg Jones",25448,675659
"Will Robertson","- - -","RF",5,4,34,7,0,0,0,0,0,0,0,0,,,,,,1,,"Will Robertson",25467,683770
"Isaac Collins","MIL","RF",8,6,57.1,11,0,0,0,0,0,0,0,0,,,,,,1,,"Isaac Collins",25477,686555
"Nick Sogard","BOS","RF",3,2,17,3,0,0,0,0,0,0,0,0,,,,,,1,,"Nick Sogard",25483,686765
"Cody Freeman","TEX","RF",6,3,22,7,0,0,0,0,0,0,0,0,,,,,,1,,"Cody Freeman",25629,683227
"Will Brennan","CLE","RF",4,4,32,8,1,0,0,0,0,1,0,0,,,,,,1,,"Will Brennan",25660,686823
"Grant McCray","SFG","RF",12,6,58.1,9,1,2,0,2,0,1,0,0,,,,,,0.83333333,,"Grant McCray",25690,687529
"Dustin Harris","TEX","RF",4,1,15,3,0,1,1,0,0,0,0,0,,,,,,0.75,,"Dustin Harris",25705,687957
"Tyler Tolbert","KCR","RF",5,0,10,3,0,0,0,0,0,0,0,0,,,,,,1,,"Tyler Tolbert",25779,686475
"Corbin Carroll","ARI","RF",137,132,1189.1,293,9,1,0,1,0,3,0,0,,,,,,0.99669967,,"Corbin Carroll",25878,682998
"Kerry Carpenter","DET","RF",55,49,413.2,92,2,3,3,0,0,0,0,0,,,,,,0.96907216,,"Kerry Carpenter",25961,681481
"Kevin Alcántara","CHC","RF",1,0,4,2,0,0,0,0,0,0,0,0,,,,,,1,,"Kevin Alcantara",25971,682634
"Riley Greene","DET","RF",1,1,8,1,0,0,0,0,0,0,0,0,,,,,,1,,"Riley Greene",25976,682985
"Matthew Lugo","LAA","RF",9,3,39.2,3,0,1,1,0,0,0,0,0,,,,,,0.75,,"Matthew Lugo",25980,683090
"Victor Mesa Jr.","MIA","RF",6,5,42,11,0,0,0,0,0,0,0,0,,,,,,1,,"Victor Mesa Jr.",25999,683748
"Troy Johnston","MIA","RF",13,11,72,13,0,0,0,0,0,0,0,0,,,,,,1,,"Troy Johnston",26143,687859
"Dominic Fletcher","CHW","RF",9,7,64.2,8,2,0,0,0,0,0,0,0,,,,,,1,,"Dominic Fletcher",26149,666150
"Kyle Stowers","MIA","RF",42,29,258.1,55,1,0,0,0,0,0,0,0,,,,,,1,,"Kyle Stowers",26151,669065
"Jake Mangum","TBR","RF",32,26,221.2,56,3,0,0,0,0,0,0,0,,,,,,1,,"Jake Mangum",26202,663968
"Tyler Fitzgerald","SFG","RF",3,3,21,7,0,0,0,0,0,0,0,0,,,,,,1,,"Tyler Fitzgerald",26208,666149
"John Rave","KCR","RF",34,15,153,41,1,2,2,0,0,1,0,0,,,,,,0.95454545,,"John Rave",26284,670231
"Spencer Steer","CIN","RF",1,0,2,0,0,0,0,0,0,0,0,0,,,,,,0,,"Spencer Steer",26323,668715
"JJ Bleday","ATH","RF",23,19,176,40,0,1,1,0,0,0,0,0,,,,,,0.97560976,,"JJ Bleday",26368,668709
"Kameron Misner","TBR","RF",15,12,110,35,2,0,0,0,0,1,0,0,,,,,,1,,"Kameron Misner",26374,670224
"Josh Smith","TEX","RF",7,6,48,10,1,0,0,0,0,0,0,0,,,,,,1,,"Josh Smith",26396,669701
"Dominic Canzone","SEA","RF",70,63,539.1,111,4,1,1,0,0,1,0,0,,,,,,0.99137931,,"Dominic Canzone",26438,686527
"Matt Wallner","MIN","RF",85,81,654.1,144,3,3,0,3,0,0,0,0,,,,,,0.98,,"Matt Wallner",26466,670242
"Luis Matos","SFG","RF",33,30,256,49,0,2,2,0,0,0,0,0,,,,,,0.96078431,,"Luis Matos",26467,682641
"Noelvi Marte","CIN","RF",54,48,437.1,93,3,0,0,0,0,1,0,0,,,,,,1,,"Noelvi Marte",26517,682622
"Angel Martínez","CLE","RF",3,1,12,1,0,0,0,0,0,0,0,0,,,,,,1,,"Angel Martinez",26540,682657
"Jonatan Clase","TOR","RF",1,1,6,1,0,0,0,0,0,0,0,0,,,,,,1,,"Jonatan Clase",26599,682729
"Jordan Walker","STL","RF",108,101,885.1,204,5,4,1,3,0,2,0,0,,,,,,0.98122066,,"Jordan Walker",27475,691023
"Robert Hassell III","WSN","RF",12,7,68,14,0,0,0,0,0,0,0,0,,,,,,1,,"Robert Hassell III",27482,690987
"Rece Hinds","CIN","RF",14,13,107.2,28,1,0,0,0,0,1,0,0,,,,,,1,,"Rece Hinds",27493,677956
"Owen Caissie","CHC","RF",6,5,38.1,11,0,0,0,0,0,0,0,0,,,,,,1,,"Owen Caissie",27496,683357
"Nick Yorke","PIT","RF",4,3,23,5,0,0,0,0,0,0,0,0,,,,,,1,,"Nick Yorke",27504,694377
"Jacob Hurtubise","CIN","RF",1,0,1,1,0,0,0,0,0,0,0,0,,,,,,1,,"Jacob Hurtubise",27599,674441
"Alec Burleson","STL","RF",34,32,261,56,1,1,0,1,0,1,0,0,,,,,,0.98275862,,"Alec Burleson",27615,676475
"Joey Wiemer","MIA","RF",22,15,141,35,1,0,0,0,0,0,0,0,,,,,,1,,"Joey Wiemer",27690,686894
"Zac Veen","COL","RF",5,5,45,1,0,0,0,0,0,0,0,0,,,,,,1,,"Zac Veen",27770,691728
"Alejandro Osuna","TEX","RF",17,12,99,23,0,0,0,0,0,0,0,0,,,,,,1,,"Alejandro Osuna",27915,696030
"Jhostynxon Garcia","BOS","RF",2,2,15,2,0,0,0,0,0,0,0,0,,,,,,1,,"Jhostynxon Garcia",28142,691373
"Yanquiel Fernández","COL","RF",19,16,135,40,4,2,1,1,0,1,0,0,,,,,,0.95652174,,"Yanquiel Fernandez",28552,692585
"Jackson Chourio","MIL","RF",20,15,133,29,0,0,0,0,0,0,0,0,,,,,,1,,"Jackson Chourio",28806,694192
"Blake Dunn","CIN","RF",14,11,94,34,0,0,0,0,0,0,0,0,,,,,,1,,"Blake Dunn",29487,694362
"Tim Tawa","ARI","RF",3,0,3.1,2,0,0,0,0,0,0,0,0,,,,,,1,,"Tim Tawa",29571,694374
"Billy Cook","PIT","RF",2,0,3,0,0,0,0,0,0,0,0,0,,,,,,0,,"Billy Cook",29573,695257
"Colton Cowser","BAL","RF",3,0,7,1,0,0,0,0,0,0,0,0,,,,,,1,,"Colton Cowser",29591,681297
"Justyn-Henry Malloy","DET","RF",17,11,81,20,0,0,0,0,0,0,0,0,,,,,,1,,"Justyn-Henry Malloy",29606,669234
"Sal Frelick","MIL","RF",134,128,1117,273,10,3,2,1,0,2,0,0,,,,,,0.98951049,,"Sal Frelick",29622,686217
"Joey Loperfido","TOR","RF",9,7,55,11,0,0,0,0,0,0,0,0,,,,,,1,,"Joey Loperfido",29630,694388
"Tyler Black","MIL","RF",1,0,2.1,0,0,0,0,0,0,0,0,0,,,,,,0,,"Tyler Black",29949,672012
"Daylen Lile","WSN","RF",54,52,445.1,106,1,1,1,0,0,0,0,0,,,,,,0.99074074,,"Daylen Lile",29995,695734
"Seiya Suzuki","CHC","RF",32,32,282,58,0,3,3,0,0,0,0,0,,,,,,0.95081967,,"Seiya Suzuki",30116,673548
"Heston Kjerstad","BAL","RF",24,20,162,32,2,0,0,0,0,0,0,0,,,,,,1,,"Heston Kjerstad",31166,677008
"Victor Scott II","STL","RF",7,0,9.1,3,0,0,0,0,0,0,0,0,,,,,,1,,"Victor Scott II",31349,687363
"Nathan Church","STL","RF",7,1,16.1,5,0,1,1,0,0,0,0,0,,,,,,0.83333333,,"Nathan Church",31357,701675
"Jakob Marsee","MIA","RF",3,3,26,8,1,0,0,0,0,0,0,0,,,,,,1,,"Jakob Marsee",31370,805300
"Brooks Baldwin","CHW","RF",20,13,117.1,23,1,1,1,0,0,1,0,0,,,,,,0.96,,"Brooks Baldwin",31394,681460
"Drew Gilbert","SFG","RF",30,24,213,45,2,0,0,0,0,0,0,0,,,,,,1,,"Drew Gilbert",31545,687551
"Zach Dezenzo","HOU","RF",11,11,86,19,0,1,1,0,0,0,0,0,,,,,,0.95,,"Zach Dezenzo",31562,701305
"Alan Roden","- - -","RF",13,6,62,20,0,0,0,0,0,0,0,0,,,,,,1,,"Alan Roden",31564,702176
"Zach Cole","HOU","RF",7,5,47,7,0,0,0,0,0,0,0,0,,,,,,1,,"Zach Cole",31583,805904
"Jacob Melton","HOU","RF",1,1,9,2,0,0,0,0,0,0,0,0,,,,,,1,,"Jacob Melton",31661,689200
"Dylan Beavers","BAL","RF",19,12,121.1,20,0,0,0,0,0,0,0,0,,,,,,1,,"Dylan Beavers",31695,687637
"Rhylan Thomas","SEA","RF",2,2,19,6,0,0,0,0,0,0,0,0,,,,,,1,,"Rhylan Thomas",31793,689041
"Roman Anthony","BOS","RF",36,32,290.1,68,0,1,1,0,0,0,0,0,,,,,,0.98550725,,"Roman Anthony",31812,701350
"Masataka Yoshida","BOS","RF",1,1,8,1,0,0,0,0,0,0,0,0,,,,,,1,,"Masataka Yoshida",31837,807799
"Colby Thomas","ATH","RF",23,14,134.2,29,1,0,0,0,0,0,0,0,,,,,,1,,"Colby Thomas",31855,687515
"Chandler Simpson","TBR","RF",1,0,2,1,0,0,0,0,0,0,0,0,,,,,,1,,"Chandler Simpson",31912,802415
"Carson McCusker","MIN","RF",12,7,49,10,0,0,0,0,0,0,0,0,,,,,,1,,"Carson McCusker",33098,676812
"Dylan Crews","WSN","RF",72,68,601,153,3,6,5,1,0,1,0,0,,,,,,0.96296296,,"Dylan Crews",33541,686611
"CJ Kayfus","CLE","RF",29,26,205,47,0,0,0,0,0,0,0,0,,,,,,1,,"CJ Kayfus",33704,692216
"Jac Caglianone","KCR","RF",52,51,402.1,92,1,2,2,0,0,0,0,0,,,,,,0.97894737,,"Jac Caglianone",35041,695506
"Cam Smith","HOU","RF",132,122,1079.1,250,6,2,1,0,0,0,0,0,,,,,,0.99224806,,"Cam Smith",35108,701358