mlbam_id,player_name,metric,count
502671,Paul Goldschmidt,arm_strength_total_throws_of,0
542932,Jon Berti,arm_strength_total_throws_of,0
628451,Andy Ibáñez,arm_strength_total_throws_of,0
642086,Dominic Smith,arm_strength_total_throws_of,0
655316,Andruw Monasterio,arm_strength_total_throws_of,0
605141,Mookie Betts,arm_strength_total_throws_of,1
682668,Luisangel Acuña,arm_strength_total_throws_of,1
678246,Miguel Vargas,arm_strength_total_throws_of,2
642708,Amed Rosario,arm_strength_total_throws_of,3
660844,Leo Rivas,arm_strength_total_throws_of,3
670224,Kameron Misner,arm_value_n_opp_xb,116
695506,Jac Caglianone,arm_value_n_opp_xb,116
669326,Bryce Teodosio,arm_value_n_opp_xb,117
680718,Addison Barger,arm_value_n_opp_xb,118
672016,Denzel Clarke,arm_value_n_opp_xb,119
673548,Seiya Suzuki,arm_value_n_opp_xb,119
657077,Alex Verdugo,arm_value_n_opp_xb,120
668885,Austin Martin,arm_value_n_opp_xb,120
666158,Gavin Lux,arm_value_n_opp_xb,121
641933,Tyler O'Neill,arm_value_n_opp_xb,124
690987,Robert Hassell III,arm_value_n_opp_xb,124
805300,Jakob Marsee,arm_value_n_opp_xb,124
678009,Parker Meadows,jump_n,33
643217,Andrew Benintendi,jump_n,34
672744,Alexander Canario,jump_n,34
665750,Leody Taveras,jump_n,35
669326,Bryce Teodosio,jump_n,35
595777,Jurickson Profar,jump_n,36
681460,Brooks Baldwin,jump_n,36
643565,Mike Tauchman,jump_n,38
666139,Josh Lowe,jump_n,38
670242,Matt Wallner,jump_n,38
622569,Pablo Reyes,sprint_speed_competitive_runs,10
641856,Billy McKinney,sprint_speed_competitive_runs,10
663662,Daz Cameron,sprint_speed_competitive_runs,10
691728,Zac Veen,sprint_speed_competitive_runs,11
694376,Shay Whitcomb,sprint_speed_competitive_runs,11
664068,Scott Kingery,sprint_speed_competitive_runs,12
676724,Jared Young,sprint_speed_competitive_runs,12
676116,Ryan Noda,sprint_speed_competitive_runs,13
650559,Bryan De La Cruz,sprint_speed_competitive_runs,14
677956,Rece Hinds,sprint_speed_competitive_runs,14
683748,Victor Mesa Jr.,sprint_speed_competitive_runs,14
685301,Matt Gorski,sprint_speed_competitive_runs,14
