family,model,term,estimate,hc3_se
range,baseline,(Intercept),2.958644612419753,2.723236385503155
range,baseline,of_innings,0.0026169264068171107,0.0026974740719058147
range,baseline,position_groupLF,-7.448961156630088,1.6089339596728205
range,baseline,position_groupRF,-6.632785356060282,1.7593787996305186
range,baseline,position_groupMulti-position OF,-6.282868733540371,1.986951878243025
range,speed,(Intercept),-54.86914450100134,21.0711118006328
range,speed,of_innings,0.002616941381170463,0.0024880173997849767
range,speed,position_groupLF,-4.956325436174934,1.7933004279524631
range,speed,position_groupRF,-4.664437590496568,1.7313059724722517
range,speed,position_groupMulti-position OF,-5.557332381752135,1.911959346271842
range,speed,speed,2.015373184415443,0.7201213594403824
range,jump,(Intercept),-0.055968121676390856,1.8079186766305944
range,jump,of_innings,0.0029349892065669374,0.001639381349849472
range,jump,position_groupLF,-3.0168145555141272,1.159106046263171
range,jump,position_groupRF,-3.1372018947960996,1.1887986321574955
range,jump,position_groupMulti-position OF,-1.996746408383612,1.390798407866775
range,jump,jump,2.919857785464248,0.28638490791964644
range,speed_and_jump,(Intercept),-22.300982906088947,16.844058496951025
range,speed_and_jump,of_innings,0.002919965905211921,0.0016601165687707593
range,speed_and_jump,position_groupLF,-2.2612428141904464,1.36005852658054
range,speed_and_jump,position_groupRF,-2.5403486244295137,1.240439851992444
range,speed_and_jump,position_groupMulti-position OF,-1.9183899141553515,1.384643713454483
range,speed_and_jump,speed,0.7802319559454517,0.5705295293834712
range,speed_and_jump,jump,2.781888710228337,0.2751488569835807
arm,baseline,(Intercept),0.032858344313428454,0.6476728078309498
arm,baseline,arm_opportunities,0.0019650541251737754,0.002494108240524391
arm,baseline,position_groupLF,-1.0390538574855632,0.5521961127107695
arm,baseline,position_groupRF,-0.5666590880978886,0.5049355020115951
arm,baseline,position_groupMulti-position OF,-0.7138627791278919,0.6408844252671199
arm,of_strength,(Intercept),-22.47469686837325,3.5997889095421636
arm,of_strength,arm_opportunities,0.0023349186975117993,0.002224265207503136
arm,of_strength,position_groupLF,-0.6184834623879549,0.5063579920742901
arm,of_strength,position_groupRF,-0.8846539698695716,0.42722961003422383
arm,of_strength,position_groupMulti-position OF,-0.565631352467288,0.556169531229419
arm,of_strength,of_strength,0.2540748249082223,0.040055070146742325
arm,overall_strength_sensitivity,(Intercept),-22.47469686837325,3.5997889095421636
arm,overall_strength_sensitivity,arm_opportunities,0.0023349186975117993,0.002224265207503136
arm,overall_strength_sensitivity,position_groupLF,-0.6184834623879549,0.5063579920742901
arm,overall_strength_sensitivity,position_groupRF,-0.8846539698695716,0.42722961003422383
arm,overall_strength_sensitivity,position_groupMulti-position OF,-0.565631352467288,0.556169531229419
arm,overall_strength_sensitivity,overall_strength,0.2540748249082223,0.040055070146742325
