group,scale,players,range_sd,arm_sd,range_variance,arm_variance,twice_covariance,total_variance
Overall,season_totals,107,6.1477144145905545,2.184073846657788,37.794392523364486,4.770178567654546,5.4634723513773995,48.028043442396424
Overall,per_1000_of_innings,107,7.349686188959827,2.5954717570681782,54.017887076186824,6.736473641738576,5.193305690985742,65.9476664089111
Overall,innings_adjusted_residuals,107,6.098033852301719,2.1672002972070077,37.18601686381774,4.696757128214142,5.040777110597823,46.92355110262972
CF,season_totals,32,6.709330888228865,2.123758626053813,45.015120967741936,4.51035070173798,0.14559205940395212,49.67106372888387
CF,per_1000_of_innings,32,8.468081057193931,2.2151516875426425,71.7083967912067,4.906896998823016,-6.343389866749695,70.27190392328002
CF,innings_adjusted_residuals,32,6.625572588991601,2.109911474063408,43.89821213199687,4.451726428384423,-0.36618120639925844,47.983757353982035
LF,season_totals,24,4.271365732103879,2.3294640782742353,18.244565217391305,5.426402891970033,5.766077011831381,29.43704512119272
LF,per_1000_of_innings,24,4.728632456662472,2.1687384014051654,22.359964910201757,4.703426253729432,7.361270438962041,34.42466160289323
LF,innings_adjusted_residuals,24,4.218066606785138,2.265477054354735,17.79208589927589,5.132386283807807,5.036593812913542,27.961065995997245
RF,season_totals,32,5.186831962426739,2.0736530158600797,26.903225806451612,4.300036830185604,3.6636408440033668,34.86690348064058
RF,per_1000_of_innings,32,5.888603953270266,3.0129529064351304,34.675656518470205,9.077885216395899,5.52111601153009,49.27465774639617
RF,innings_adjusted_residuals,32,5.160118187990851,2.0732552218956126,26.62681971403398,4.298387215117425,3.6209342330402743,34.54614116219168
